test_id,diagnostic_cause
tests.test_process_integration700.Tests::test_actual_self,PYTEST_CONFTEST_IMPORTS_SCHEDULER_BEFORE_COLLECTION_BARRIER
tests.test_process_integration700.Tests::test_boot_changed_unknown,PYTEST_CONFTEST_IMPORTS_SCHEDULER_BEFORE_COLLECTION_BARRIER
tests.test_process_integration700.Tests::test_boot_unavailable_unknown,PYTEST_CONFTEST_IMPORTS_SCHEDULER_BEFORE_COLLECTION_BARRIER
tests.test_process_integration700.Tests::test_failed_read_unknown_not_dead,PYTEST_CONFTEST_IMPORTS_SCHEDULER_BEFORE_COLLECTION_BARRIER
tests.test_process_integration700.Tests::test_foreign_read_unavailable,PYTEST_CONFTEST_IMPORTS_SCHEDULER_BEFORE_COLLECTION_BARRIER
tests.test_process_integration700.Tests::test_malformed_identity_unknown,PYTEST_CONFTEST_IMPORTS_SCHEDULER_BEFORE_COLLECTION_BARRIER
tests.test_process_integration700.Tests::test_no_legacy_recovery,PYTEST_CONFTEST_IMPORTS_SCHEDULER_BEFORE_COLLECTION_BARRIER
tests.test_process_integration700.Tests::test_old_boot_source_unknown,PYTEST_CONFTEST_IMPORTS_SCHEDULER_BEFORE_COLLECTION_BARRIER
tests.test_process_integration700.Tests::test_pid_types,PYTEST_CONFTEST_IMPORTS_SCHEDULER_BEFORE_COLLECTION_BARRIER
tests.test_process_integration700.Tests::test_valid_generation_mismatch,PYTEST_CONFTEST_IMPORTS_SCHEDULER_BEFORE_COLLECTION_BARRIER
