relative_path,custody_status,decision_rationale,decision_evidence
src/quant_platform/ablations.py,REVIEWED_NARROW_PORT_COMPLETE_HISTORICAL_NO_WHOLE_FILE_PORT,Selected source retains atomic CSV publication and now parses persisted tested/baseline eligibility with strict_bool. Forensic_b only changes atomic publication to direct to_csv; visual_recovery also uses bool('False') and would elevate false eligibility. No whole-file port.,audit/GATE0_NONORCHESTRATION_SOURCE11_REVIEW_2026-09-30.json; exact selected/frozen/runtime/recovery/extended hashes
src/quant_platform/apify_sources.py,REVIEWED_EXACT_REQUEST_DEPENDENCY_DEFERRED_NO_WHOLE_FILE_PORT,"Recovery/runtime source switches real Apify requests to ExactHttpRequest with exact method, path, query, and payload binding while retaining the injected-client callback. The selected corrective external-effect module lacks that request type/API, so the source cannot be transplanted. Forensic/visual copy predates the governed call path. Keep selected callback authority until a complete exact-request dependency is integrated.",audit/GATE0_NONORCHESTRATION_SOURCE11_REVIEW_2026-09-30.json; exact selected/frozen/runtime/recovery/extended hashes
src/quant_platform/binance_testnet.py,REVIEWED_ADAPTER_AUTHORITY_REPAIR_CANDIDATE_NO_WHOLE_FILE_PORT,"Selected source enforces gate00g testnet adapter type/order authority; older forensic/visual copy removes those checks. Runtime source candidate adds canonical type registration and instance-method binding checks, but depends on a broader execution attestation API. Review a focused source/test guard; no wholesale import of the older or runtime file.",audit/GATE0_NONORCHESTRATION_SOURCE11_REVIEW_2026-09-30.json; exact selected/frozen/runtime/recovery/extended hashes
src/quant_platform/env.py,REVIEWED_SECRET_PROVENANCE_REPAIR_CANDIDATE_NO_WHOLE_FILE_PORT,"Selected, recovery, and runtime bytes match. Forensic adds owner-only and non-symlink secret-file resolution but removes load_selected_env_keys, which active proof scheduler and API credit receipt import; visual also drops the loader. Keep selected API and review a narrow file-provenance guard.",audit/GATE0_NONORCHESTRATION_SOURCE11_REVIEW_2026-09-30.json; exact selected/frozen/runtime/recovery/extended hashes
src/quant_platform/execution.py,REVIEWED_NARROW_PORT_COMPLETE_AUTHORITY_GAP_DEFERRED_NO_WHOLE_FILE_PORT,"Selected source now strictly parses persisted venue compatibility/preflight flags. Older forensic/visual source omits later gate00g controls; runtime candidate adds a large coherent canonical-adapter attestation and advisory-only browser account-state contract. Keep completed strict-bool repair; review high-risk authority guards separately, not as a whole-file port.",audit/GATE0_NONORCHESTRATION_SOURCE11_REVIEW_2026-09-30.json; exact selected/frozen/runtime/recovery/extended hashes
src/quant_platform/family_matrix.py,REVIEWED_NARROW_PORT_COMPLETE_HISTORICAL_NO_WHOLE_FILE_PORT,Selected source retains atomic family report publication and strict persisted production/preferred eligibility parsing. Forensic_b replaces atomic writers with direct writes; visual_recovery also drops registry authority columns and uses bool('False'). No whole-file port.,audit/GATE0_NONORCHESTRATION_SOURCE11_REVIEW_2026-09-30.json; exact selected/frozen/runtime/recovery/extended hashes
src/quant_platform/meta_learning.py,REVIEWED_MODEL_READINESS_REPAIR_CANDIDATE_NO_WHOLE_FILE_PORT,Recovery/runtime revision separates finite normalized returns and holds verified readiness false but changes report schema and CLI expectations. Selected CLI P5 directly consumes ready_for_modeling. Selected file must retain current report/CLI contract while a focused outcome-proof and readiness repair is reviewed; older forensic/visual variant also reverts atomic publication.,audit/GATE0_NONORCHESTRATION_SOURCE11_REVIEW_2026-09-30.json; exact selected/frozen/runtime/recovery/extended hashes
src/quant_platform/pair_detail_ingestion.py,REVIEWED_NARROW_PORT_COMPLETE_HISTORICAL_NO_WHOLE_FILE_PORT,"Selected source retains atomic/promoted capture publication and now strictly parses persisted ECM, research usability, and execution-readiness flags. Forensic_b replaces atomic/promoted writes; visual_recovery also uses bool('False') for those guards. No whole-file port.",audit/GATE0_NONORCHESTRATION_SOURCE11_REVIEW_2026-09-30.json; exact selected/frozen/runtime/recovery/extended hashes
src/quant_platform/research_ingestion.py,REVIEWED_NARROW_PORT_COMPLETE_HISTORICAL_NO_WHOLE_FILE_PORT,Selected source keeps atomic manifest/audit publication and the narrow AppleDouble sidecar exclusion from forensic_b. Forensic_b uses direct writes; visual_recovery lacks sidecar filtering and UnicodeDecodeError quarantine. No whole-file port.,audit/GATE0_NONORCHESTRATION_SOURCE11_REVIEW_2026-09-30.json; exact selected/frozen/runtime/recovery/extended hashes
src/quant_platform/research_knowledge_store.py,REVIEWED_RAG_DEPENDENCY_DEFERRED_NO_WHOLE_FILE_PORT,"Recovery/runtime only add query_research_evidence and answer_research_question wrappers around research_rag.client.configured_rag, but selected tree has no research_rag package. Existing CLI/YouTube/Udemy consumers use selected CSV builder/query paths. Forensic/visual revert atomic CSV/Markdown publication. Defer RAG wrappers until the package and contract are selected.",audit/GATE0_NONORCHESTRATION_SOURCE11_REVIEW_2026-09-30.json; exact selected/frozen/runtime/recovery/extended hashes
src/quant_platform/v2_run.py,REVIEWED_NARROW_PORT_COMPLETE_HISTORICAL_NO_WHOLE_FILE_PORT,"Selected V2 source retains atomic pointer/publication controls and now strictly parses persisted readiness and authority booleans. Forensic_b replaces atomic publication; visual_recovery also uses truthiness on serialized flags. A remaining _control_plane_blockers permissive false-like field parse is a schema issue, but the pointer still forces live authority false. No whole-file port.",audit/GATE0_NONORCHESTRATION_SOURCE11_REVIEW_2026-09-30.json; exact selected/frozen/runtime/recovery/extended hashes
