relative_path,selected_sha256_at_base,working_vs_runtime,queue_current_status_at_base,proposed_custody_status,proposed_decision_rationale,proposed_decision_evidence
src/quant_platform/copula_desk/signal_path.py,,RUNTIME_ONLY,PRESERVED_REVIEW_REQUIRED_OFFLINE_COMPONENT,REVIEWED_DEPENDENCY_BLOCKED_UNADOPTED_DESK_NO_PORT,Offline copula signal has no selected importer or direct component test; its static signal dependency is absent. Adopt only with the complete desk and math-contract cohort.,audit/GATE0_STRATEGY_DESKS_27_PATH_QUEUE_UPDATE_2026-09-30.csv; audit/GATE0_NINE_RESIDUAL_REVIEW_2026-09-30.json; scripts/build_gate0_nine_residual_review.py
src/quant_platform/dynamic_desk/signal_path.py,,RUNTIME_ONLY,PRESERVED_REVIEW_REQUIRED_OFFLINE_COMPONENT,REVIEWED_DEPENDENCY_BLOCKED_UNADOPTED_DESK_NO_PORT,Offline dynamic signal has no selected importer or direct component test; its static signal dependency and four zscore_utils symbols are absent. Adopt only with the complete desk and math-contract cohort.,audit/GATE0_STRATEGY_DESKS_27_PATH_QUEUE_UPDATE_2026-09-30.csv; audit/GATE0_NINE_RESIDUAL_REVIEW_2026-09-30.json; scripts/build_gate0_nine_residual_review.py
src/quant_platform/static_desk/profile.py,,RUNTIME_ONLY,PRESERVED_REVIEW_REQUIRED_DEPENDENCY_BLOCKED,REVIEWED_DEPENDENCY_BLOCKED_UNADOPTED_DESK_NO_PORT,Static profile has no selected importer; institutional_risk and static runtime/accounting/controls dependencies are absent. Research profile custody grants no paper or order authority.,audit/GATE0_STRATEGY_DESKS_27_PATH_QUEUE_UPDATE_2026-09-30.csv; audit/GATE0_NINE_RESIDUAL_REVIEW_2026-09-30.json; scripts/build_gate0_nine_residual_review.py
src/quant_platform/static_desk/profile_data.py,,RUNTIME_ONLY,PRESERVED_REVIEW_REQUIRED_DEPENDENCY_BLOCKED,REVIEWED_DEPENDENCY_BLOCKED_UNADOPTED_DESK_NO_PORT,Static profile data has no selected importer; its profile and accounting dependencies are unadopted. Research inputs grant no paper or order authority.,audit/GATE0_STRATEGY_DESKS_27_PATH_QUEUE_UPDATE_2026-09-30.csv; audit/GATE0_NINE_RESIDUAL_REVIEW_2026-09-30.json; scripts/build_gate0_nine_residual_review.py
src/quant_platform/static_desk/risk_link.py,,RUNTIME_ONLY,PRESERVED_REVIEW_REQUIRED_DEPENDENCY_BLOCKED,REVIEWED_DEPENDENCY_BLOCKED_UNADOPTED_DESK_NO_PORT,Static risk link has no selected importer; institutional_risk types are absent. No selected risk binding adopts this package.,audit/GATE0_STRATEGY_DESKS_27_PATH_QUEUE_UPDATE_2026-09-30.csv; audit/GATE0_NINE_RESIDUAL_REVIEW_2026-09-30.json; scripts/build_gate0_nine_residual_review.py
src/quant_platform/static_desk/runtime.py,,RUNTIME_ONLY,PRESERVED_REVIEW_REQUIRED_DEPENDENCY_BLOCKED,REVIEWED_DEPENDENCY_BLOCKED_UNADOPTED_DESK_NO_PORT,Static runtime has no selected importer; institutional_risk and static accounting/controls/risk_link/signal_path dependencies are absent. Whole-cohort adoption requires risk and math review.,audit/GATE0_STRATEGY_DESKS_27_PATH_QUEUE_UPDATE_2026-09-30.csv; audit/GATE0_NINE_RESIDUAL_REVIEW_2026-09-30.json; scripts/build_gate0_nine_residual_review.py
src/quant_platform/static_desk/signal_path.py,,RUNTIME_ONLY,PRESERVED_REVIEW_REQUIRED_OFFLINE_COMPONENT,REVIEWED_DEPENDENCY_BLOCKED_UNADOPTED_DESK_NO_PORT,Offline static signal has no selected importer or direct component test; four zscore_utils symbols are absent. Adopt only with the complete desk and math-contract cohort.,audit/GATE0_STRATEGY_DESKS_27_PATH_QUEUE_UPDATE_2026-09-30.csv; audit/GATE0_NINE_RESIDUAL_REVIEW_2026-09-30.json; scripts/build_gate0_nine_residual_review.py
tests/test_corrective_data_evidence.py,c326b550ca1bbdd3d7498e236c5b4257d9dcd1fb5bbfd337be981b2688cdc993,CHANGED,PORTED_V23_PARTIAL_HISTORICAL_REVIEW_REQUIRED,REVIEWED_SOURCE_DEPENDENT_HISTORICAL_TEST_DEFERRED_NO_PORT,Strict L2 cadence coverage was selectively ported. Remaining runtime test drift changes the collection-only candidate model/validator contract and requires terminal cohort evidence plus atomic remediation publication; defer those tests with their producer changes.,audit/GATE0_SELECTED_SAFETY_SOURCE_RECONCILIATION_2026-09-30.json; audit/GATE0_NINE_RESIDUAL_REVIEW_2026-09-30.json; scripts/build_gate0_nine_residual_review.py
tests/test_phase00_scheduler_supervisor.py,f511fac4081770ce3d8f241a61a9112f5b4f21318d2f68d347aa374f58a00c8d,CHANGED,PORTED_V23_PARTIAL_HISTORICAL_REVIEW_REQUIRED,REVIEWED_SOURCE_DEPENDENT_CONFLICTING_HISTORICAL_TEST_DEFERRED_NO_PORT,"Missing/false/truthy proof and nonretryability guards were selectively ported. Remaining runtime tests need callback redaction, public-L2 issuer, run fencing, and campaign/request accounting source; two recovery expectations conflict with selected absence-proof handling.",audit/GATE0_SELECTED_SAFETY_SOURCE_RECONCILIATION_2026-09-30.json; audit/GATE0_NINE_RESIDUAL_REVIEW_2026-09-30.json; scripts/build_gate0_nine_residual_review.py
