relative_path,in_same_path_drift,in_four_root_reconciliation,historical_variant_count,historical_variant_sha256,historical_copy_roots,working_vs_runtime,working_sha256_at_freeze,recovery_sha256_at_freeze,runtime_sha256_at_freeze,custody_status,decision_rationale,decision_evidence
config/corrective_artifact_retention.json,True,False,1,45c32dfe8207e277a0e449511a994b727ab5d08c14c0df7976aee9ed5bae66db,forensic_b;visual_recovery,,,,,REVIEWED_OMITTED_VARIANT_NO_PORT,"Historical 45c32dfe8207e277a0e449511a994b727ab5d08c14c0df7976aee9ed5bae66db reviewed against selected 24bfd020399006c025d48e95552ac4a2c02e6b7bf8641ca8fee6eb6e8a7f7300. Selected policy reduces scheduler log limit and requires 14-day retention, mode 0600, no symlinks, and no secret content; historical policy omits these runtime log guards. Retain selected active bytes; no authority or provider use authorized.",audit/GATE0_OMITTED_UNION_NON_ORCHESTRATION_RECONCILIATION_2026-09-30.json
src/quant_platform/api_extraction.py,True,False,1,69c55df1ae16bc77249825efff92c998465d048074aa7393f9785da0bda02794,forensic_b;visual_recovery,,,,,REVIEWED_OMITTED_VARIANT_NO_PORT,Historical 69c55df1ae16bc77249825efff92c998465d048074aa7393f9785da0bda02794 reviewed against selected 8418f28a34b02240949a6ef628da01535143f46970571a9902e414ccd6d842c1. Selected official Wizard API requests pass through governed fetch and exact catalog validation; historical code calls requests directly. Selected archive/CSV writes are atomic. Retain selected active bytes; no authority or provider use authorized.,audit/GATE0_OMITTED_UNION_NON_ORCHESTRATION_RECONCILIATION_2026-09-30.json
src/quant_platform/binance_spot.py,True,False,1,766f5a63c5f58a08a8e114b4cb7e5f42ab40264b9d01c60896951e8270db89b1,forensic_b;visual_recovery,,,,,REVIEWED_OMITTED_VARIANT_NO_PORT,"Historical 766f5a63c5f58a08a8e114b4cb7e5f42ab40264b9d01c60896951e8270db89b1 reviewed against selected daf4efd22a1ef5151be39ea28dc3fc27166b10c95bf202a560cde279c822cbf4. Selected persisted candle, report, and CSV outputs use governed atomic writers; historical writes can publish partial files. Retain selected active bytes; no authority or provider use authorized.",audit/GATE0_OMITTED_UNION_NON_ORCHESTRATION_RECONCILIATION_2026-09-30.json
src/quant_platform/crypto_wizards_catalog.py,True,False,1,a60692c62534cf8fd05a41477b2abaa36b22a775af5770629daad8ec173d45a4,forensic_b;visual_recovery,,,,,REVIEWED_OMITTED_VARIANT_NO_PORT,Historical a60692c62534cf8fd05a41477b2abaa36b22a775af5770629daad8ec173d45a4 reviewed against selected 38e540e20d2854bf9b8143fc14dd4fd1137bde8026eb725c742e98c53e96f617. Selected catalog adds exact official-origin method/path credit contract; historical catalog lacks this validation. Retain selected active bytes; no authority or provider use authorized.,audit/GATE0_OMITTED_UNION_NON_ORCHESTRATION_RECONCILIATION_2026-09-30.json
src/quant_platform/fixture_ingestion.py,True,False,1,e5828aec6d760222af6e792d62b29f491b57df56411f507254925939b420d4e4,forensic_b;visual_recovery,,,,,REVIEWED_OMITTED_VARIANT_NO_PORT,Historical e5828aec6d760222af6e792d62b29f491b57df56411f507254925939b420d4e4 reviewed against selected 41f96754d831260af7659bd1f6494117d62a16c62eb95c9ff490549b48a92b7d. Selected fixture normalization requires an explicit valid hedge ratio and derives the canonical y-on-x log spread with provenance; historical code imputes a ratio and uses an unoriented raw-price spread. Retain selected active bytes; no authority or provider use authorized.,audit/GATE0_OMITTED_UNION_NON_ORCHESTRATION_RECONCILIATION_2026-09-30.json
src/quant_platform/research_extract_ccxt.py,True,False,1,68bd25d8c6966f9b66d898e12cfa089b50f5beab34997b0fe77bf5f789fba7de,forensic_b;visual_recovery,,,,,REVIEWED_OMITTED_VARIANT_NO_PORT,"Historical 68bd25d8c6966f9b66d898e12cfa089b50f5beab34997b0fe77bf5f789fba7de reviewed against selected 17b8a44a47cc621633a6ee05068559330199f93ab69afebe6cec5ff0da7075a2. Selected CCXT extraction requires an injected evidence runtime, accepted capture receipts, bounded source parsing, and all-source acceptance before marking processed; historical code directly invokes CCXT and marks sources processed. Retain selected active bytes; no authority or provider use authorized.",audit/GATE0_OMITTED_UNION_NON_ORCHESTRATION_RECONCILIATION_2026-09-30.json
src/quant_platform/research_extract_youtube.py,True,False,1,e564c0edf094177d4be4431b5bbc00a228c8b3ee63411c8471d36e9b521df0a2,forensic_b;visual_recovery,,,,,REVIEWED_OMITTED_VARIANT_NO_PORT,Historical e564c0edf094177d4be4431b5bbc00a228c8b3ee63411c8471d36e9b521df0a2 reviewed against selected 6017f678ee31160e314830f006a58091212227113652f85242a68f3b526624a5. Selected normalized research CSV outputs use atomic publication; historical direct CSV writes can publish partial files. Retain selected active bytes; no authority or provider use authorized.,audit/GATE0_OMITTED_UNION_NON_ORCHESTRATION_RECONCILIATION_2026-09-30.json
src/quant_platform/research_extraction.py,True,False,1,06763a4184749cba3db413b598fa534ee87ff85f420e22c452e475034a7162ce,forensic_b;visual_recovery,,,,,REVIEWED_OMITTED_VARIANT_NO_PORT,Historical 06763a4184749cba3db413b598fa534ee87ff85f420e22c452e475034a7162ce reviewed against selected 1977916ecb059a07db776c0dfd2992a985891151634049823c937c32646873da. Selected normalized research output uses atomic CSV publication; historical direct CSV write can publish a partial file. Retain selected active bytes; no authority or provider use authorized.,audit/GATE0_OMITTED_UNION_NON_ORCHESTRATION_RECONCILIATION_2026-09-30.json
src/quant_platform/research_quantization.py,True,False,1,557197dffdb85bd1a4a84406a01ac8dc972af5cf812fb845fc534eed95a5add0,forensic_b;visual_recovery,,,,,REVIEWED_OMITTED_VARIANT_NO_PORT,"Historical 557197dffdb85bd1a4a84406a01ac8dc972af5cf812fb845fc534eed95a5add0 reviewed against selected f28b405b984d72edc9a2a041d6587568e584a8e422c32a1db32ed61d36a13092. Selected ranked, summary, and notes outputs use atomic publication; historical direct writes can publish partial research artifacts. Retain selected active bytes; no authority or provider use authorized.",audit/GATE0_OMITTED_UNION_NON_ORCHESTRATION_RECONCILIATION_2026-09-30.json
src/quant_platform/rl/brain_cycle.py,True,False,1,9e353e9a8c74b65bf386f4282aed303f4ff8a3dc0c0c614a1c3fcc63a6a54952,forensic_b;visual_recovery,,,,,REVIEWED_ATOMIC_PUBLICATION_RETAIN_VISUAL_NO_PORT,Additional forensic_b and visual_recovery source variant was omitted from the prior union queue. Preserve both frozen copies and review semantic differences before selecting a port. Selected brain-cycle calculations and report payloads match frozen four-root bytes; the older visual/forensic copy uses ordinary CSV writes where selected uses atomic CSV publication.,audit/GATE0_UNION_OMISSION_GAP_2026-09-30.json; audit/GATE0_STRATEGY_DESKS_27_PATH_QUEUE_UPDATE_2026-09-30.csv; audit/GATE0_RL_THREE_PATH_VARIANT_COMPLETENESS_2026-09-30.json; audit/GATE0_RL_VISUAL_VARIANT_AND_CALIBRATION_SUPPLEMENT_2026-09-30.json
src/quant_platform/rl/features.py,True,False,1,017f19a4e4ab68487b1b0af36a094ec0a3ef61e8ba33f0854574e2b18204d0f4,forensic_b;visual_recovery,,,,,REVIEWED_ATOMIC_PUBLICATION_RETAIN_VISUAL_NO_PORT,Additional forensic_b and visual_recovery source variant was omitted from the prior union queue. Preserve both frozen copies and review semantic differences before selecting a port. Selected feature schema payload matches frozen four-root bytes; the older visual/forensic copy uses ordinary text write where selected uses atomic text publication.,audit/GATE0_UNION_OMISSION_GAP_2026-09-30.json; audit/GATE0_STRATEGY_DESKS_27_PATH_QUEUE_UPDATE_2026-09-30.csv; audit/GATE0_RL_THREE_PATH_VARIANT_COMPLETENESS_2026-09-30.json; audit/GATE0_RL_VISUAL_VARIANT_AND_CALIBRATION_SUPPLEMENT_2026-09-30.json
src/quant_platform/rl/train_ppo.py,True,False,1,840b5325e532911ca2b91b5fa35c204e9f8e0f43445b3d232ade89d80a632050,forensic_b;visual_recovery,,,,,REVIEWED_ATOMIC_PUBLICATION_RETAIN_VISUAL_NO_PORT,Additional forensic_b and visual_recovery source variant was omitted from the prior union queue. Preserve both frozen copies and review semantic differences before selecting a port. Selected optional PPO dependency report retains research-only behavior; the older visual/forensic copy uses ordinary text write where selected uses atomic text publication.,audit/GATE0_UNION_OMISSION_GAP_2026-09-30.json; audit/GATE0_STRATEGY_DESKS_27_PATH_QUEUE_UPDATE_2026-09-30.csv; audit/GATE0_RL_THREE_PATH_VARIANT_COMPLETENESS_2026-09-30.json; audit/GATE0_RL_VISUAL_VARIANT_AND_CALIBRATION_SUPPLEMENT_2026-09-30.json
src/quant_platform/trade_timing.py,True,False,1,d51a961e77c835b3c37a33ecfda2d3fb72c4a2f2eba4e630534f12b842b0ee69,forensic_b;visual_recovery,,,,,REVIEWED_OMITTED_VARIANT_NO_PORT,Historical d51a961e77c835b3c37a33ecfda2d3fb72c4a2f2eba4e630534f12b842b0ee69 reviewed against selected c009cbd33783e2b2089e46cd061ea233dbbe75e191a55bfb6982f40b8353fee4. Selected timing template uses governed atomic CSV publication; historical direct write is weaker. Retain selected active bytes; no authority or provider use authorized.,audit/GATE0_OMITTED_UNION_NON_ORCHESTRATION_RECONCILIATION_2026-09-30.json
src/quant_platform/wizard_credit_budget.py,True,False,1,5e30e9a7c130dd1d0fa9fb4f91bbebe48e29cff32ea5096cb26bc67e7dfec424,forensic_b;visual_recovery,,,,,REVIEWED_OMITTED_VARIANT_NO_PORT,Historical 5e30e9a7c130dd1d0fa9fb4f91bbebe48e29cff32ea5096cb26bc67e7dfec424 reviewed against selected ecc54b83f761cb1f80d439ea9aa561d7d117ee2c16b235b3cfce2c2d98e792e7. Selected staged budget CSV/JSON promotion uses governed target checks; historical direct replace bypasses the shared promotion guard. Retain selected active bytes; no authority or provider use authorized.,audit/GATE0_OMITTED_UNION_NON_ORCHESTRATION_RECONCILIATION_2026-09-30.json
src/quant_platform/wizard_dynamic_comparator_activation.py,True,False,1,9b16e3e46e16ce6edfde34c07a8f2755ff0c66d4e7c5d0e6532978dcf7d3f79c,forensic_b;visual_recovery,,,,,REVIEWED_OMITTED_VARIANT_NO_PORT,Historical 9b16e3e46e16ce6edfde34c07a8f2755ff0c66d4e7c5d0e6532978dcf7d3f79c reviewed against selected 305c5fc12baee34c79b5d7862e017bae83b56d9340557f492c73d3abbb93f04e. Selected comparator payload and staged files use governed atomic writes/promotion; historical direct writes and replace bypass shared guards. Retain selected active bytes; no authority or provider use authorized.,audit/GATE0_OMITTED_UNION_NON_ORCHESTRATION_RECONCILIATION_2026-09-30.json
src/quant_platform/wizard_hourly_database.py,True,False,1,02f424f424e4d1f32ef26af50d2928ab260053ead9a48b2f85f8379d6e0e85f1,forensic_b;visual_recovery,,,,,REVIEWED_OMITTED_VARIANT_NO_PORT,Historical 02f424f424e4d1f32ef26af50d2928ab260053ead9a48b2f85f8379d6e0e85f1 reviewed against selected 1eba599cde9ab0f541ba6975ca2957ae0464792fc169c9f415f5c0f4cdbdbf40. Selected hourly database CSV is serialized in memory and atomically published; historical writes directly to destination. Retain selected active bytes; no authority or provider use authorized.,audit/GATE0_OMITTED_UNION_NON_ORCHESTRATION_RECONCILIATION_2026-09-30.json
src/quant_platform/wizard_local_verification.py,True,False,1,9c5c3d7161ad04f24bcfa77c24750a4b86e2f7ae999658cd14b33425957fc2cf,forensic_b;visual_recovery,,,,,REVIEWED_OMITTED_VARIANT_NO_PORT,Historical 9c5c3d7161ad04f24bcfa77c24750a4b86e2f7ae999658cd14b33425957fc2cf reviewed against selected cdfa47373e90c3063e734ce3b1f32498a1db8b3cfcdea27e3566ea8ecaae6b9c. Selected verification uses canonical normalized two-leg weights and atomic reports; historical duplicates weight arithmetic and directly writes reports. Retain selected active bytes; no authority or provider use authorized.,audit/GATE0_OMITTED_UNION_NON_ORCHESTRATION_RECONCILIATION_2026-09-30.json
src/quant_platform/wizard_mode_comparison.py,True,False,1,08f39f9863af4b9ff76569c566e08c7b8d09db7cc01179697d28ad8c9ed24fe4,forensic_b;visual_recovery,,,,,REVIEWED_OMITTED_VARIANT_NO_PORT,Historical 08f39f9863af4b9ff76569c566e08c7b8d09db7cc01179697d28ad8c9ed24fe4 reviewed against selected 33a3e0da134308925a42b0e6b6763a4aead6acb6a9c2bb0746a0f5803cdcd91b. Selected comparison CSV/text reports use atomic publication; historical direct writes can publish partial artifacts. Retain selected active bytes; no authority or provider use authorized.,audit/GATE0_OMITTED_UNION_NON_ORCHESTRATION_RECONCILIATION_2026-09-30.json
src/quant_platform/wizard_pair_detail_ui_bundle.py,True,False,1,037ada6da2cc06c038f7a2b662b30cf8770b8c989677a1f8b56ce68c19c1b967,forensic_b;visual_recovery,,,,,REVIEWED_OMITTED_VARIANT_NO_PORT,Historical 037ada6da2cc06c038f7a2b662b30cf8770b8c989677a1f8b56ce68c19c1b967 reviewed against selected dce7181ef8f07eff0c65aafc1a07c46d73808b48e20750bf22b88102ac281899. Selected bundle uses canonical 14-mode matrix and atomic receipts; historical planned 16 cells include two unsupported pair-page modes and uses direct writes. Retain selected active bytes; no authority or provider use authorized.,audit/GATE0_OMITTED_UNION_NON_ORCHESTRATION_RECONCILIATION_2026-09-30.json
src/quant_platform/wizard_pair_matrix.py,True,False,1,7f0ccd045dfbb04de7e424899a3a047c053110ab27c28bbf1fd3224f319d6c19,forensic_b;visual_recovery,,,,,REVIEWED_OMITTED_VARIANT_NO_PORT,Historical 7f0ccd045dfbb04de7e424899a3a047c053110ab27c28bbf1fd3224f319d6c19 reviewed against selected 8a29ff43d1578e25a39e18bf55a743a3cf7641cba6915f666ea2c0645234c26a. Selected pair matrix CSV is serialized in memory and atomically published; historical writes directly to destination. Retain selected active bytes; no authority or provider use authorized.,audit/GATE0_OMITTED_UNION_NON_ORCHESTRATION_RECONCILIATION_2026-09-30.json
src/quant_platform/yahoo_crypto.py,True,False,1,50c06dc0cbe3e0a194b7033dd2ee32d74809684c37e9500bbaefb495711abf9a,forensic_b;visual_recovery,,,,,REVIEWED_OMITTED_VARIANT_NO_PORT,Historical 50c06dc0cbe3e0a194b7033dd2ee32d74809684c37e9500bbaefb495711abf9a reviewed against selected 99caa2f05cd9d5a15f428a1d2ff3b0dee876e52ad701eacc5ddaea830e0f6b1f. Selected Yahoo candle and report artifacts use governed atomic writes; historical direct writes can publish partial artifacts. Retain selected active bytes; no authority or provider use authorized.,audit/GATE0_OMITTED_UNION_NON_ORCHESTRATION_RECONCILIATION_2026-09-30.json
src/quant_platform/youtube_caption_insights.py,True,False,1,522baf6aa070a99e8135f622fac9cd20df3d79033b7c06c1040348dfad645993,forensic_b;visual_recovery,,,,,REVIEWED_OMITTED_VARIANT_NO_PORT,Historical 522baf6aa070a99e8135f622fac9cd20df3d79033b7c06c1040348dfad645993 reviewed against selected c0a96601f7f339efdf14a57d598e4d9524f8a35924b62bbce9c0d26418c75513. Selected caption insight CSV/text outputs use governed atomic publication; historical direct writes are weaker. Retain selected active bytes; no authority or provider use authorized.,audit/GATE0_OMITTED_UNION_NON_ORCHESTRATION_RECONCILIATION_2026-09-30.json
src/quant_platform/youtube_channel_research.py,True,False,1,be2702cc0264e76ef670d7746a56031d9d81c8c0ad27c288811c9fc8dbf85dc2,forensic_b;visual_recovery,,,,,REVIEWED_OMITTED_VARIANT_NO_PORT,Historical be2702cc0264e76ef670d7746a56031d9d81c8c0ad27c288811c9fc8dbf85dc2 reviewed against selected 61562db7d70d16a4ad7492839d468d71650eea15d5ca000205698677454cd0d9. Selected channel snapshot and CSV/text outputs use governed atomic publication; historical direct writes are weaker. Retain selected active bytes; no authority or provider use authorized.,audit/GATE0_OMITTED_UNION_NON_ORCHESTRATION_RECONCILIATION_2026-09-30.json
src/quant_platform/youtube_hypothesis_validation.py,True,False,1,0ff9981b868ef60442c49a3b53599b573a06e7c3dced25456055da87c4eaeada,forensic_b;visual_recovery,,,,,REVIEWED_OMITTED_VARIANT_NO_PORT,Historical 0ff9981b868ef60442c49a3b53599b573a06e7c3dced25456055da87c4eaeada reviewed against selected 0927593cec965fe053c55d808808d9e92ce283ce4e24d621120083bcd51c6b2a. Selected hypothesis validation CSV/text outputs use governed atomic publication; historical direct writes are weaker. Retain selected active bytes; no authority or provider use authorized.,audit/GATE0_OMITTED_UNION_NON_ORCHESTRATION_RECONCILIATION_2026-09-30.json
tests/test_api_extraction.py,True,False,1,30bdcdf545403b2917125528bc0ac2132f4cbb8ebcfe839c023c579118e22efb,forensic_b;visual_recovery,,,,,REVIEWED_OMITTED_VARIANT_NO_PORT,Historical 30bdcdf545403b2917125528bc0ac2132f4cbb8ebcfe839c023c579118e22efb reviewed against selected 1c09cda0e41b276f5823dca1fe022cf3100d28737f8646cca5353cc689eb67e8. Selected regression tests prove official and unknown Wizard endpoints cannot bypass governed transport; historical tests lack these cases. Retain selected active bytes; no authority or provider use authorized.,audit/GATE0_OMITTED_UNION_NON_ORCHESTRATION_RECONCILIATION_2026-09-30.json
tests/test_corrective_governance.py,True,False,1,25003da774b6c8e57fb973907ca13087dc7dfede1b214c3cbf6e0d9101782734,forensic_b;visual_recovery,,,,,REVIEWED_OMITTED_VARIANT_NO_PORT,"Historical 25003da774b6c8e57fb973907ca13087dc7dfede1b214c3cbf6e0d9101782734 reviewed against selected b2c04d54625eebbf516908c2cfedd0f6a2661f3bd2fe1200fa41288303a12ddd. Selected regression proves an acceptance policy integrity receipt grants no candidate, testnet, or live trading authority; historical test lacks that assertion. Retain selected active bytes; no authority or provider use authorized.",audit/GATE0_OMITTED_UNION_NON_ORCHESTRATION_RECONCILIATION_2026-09-30.json
tests/test_corrective_live_canary.py,True,False,1,128801e9837108636c25162185828fc08717dd9b237f5a915f5f829812f7f0f0,forensic_b;visual_recovery,,,,,REVIEWED_OMITTED_VARIANT_NO_PORT,Historical 128801e9837108636c25162185828fc08717dd9b237f5a915f5f829812f7f0f0 reviewed against selected c63ee233214aadc2d36ee0f3c0eda859a5df57efda7c8a05aad8a693578f9b82. Selected test patches the active raw info client network boundary; historical patches the obsolete default client symbol. Retain selected active bytes; no authority or provider use authorized.,audit/GATE0_OMITTED_UNION_NON_ORCHESTRATION_RECONCILIATION_2026-09-30.json
tests/test_corrective_registered_rerun.py,True,False,1,e38a41d38c7f5606052d2267ec46a03f0012031e53fce4522b99c9422160b769,forensic_b;visual_recovery,,,,,REVIEWED_OMITTED_VARIANT_NO_PORT,Historical e38a41d38c7f5606052d2267ec46a03f0012031e53fce4522b99c9422160b769 reviewed against selected a26fa7646b94906cb82587aa5d454db18365d56c19e4cf58c84f848c3af0adcb. Selected tests bind credit ledger to observed before/after spend and protected snapshot permissions; historical tests omit those guards. Retain selected active bytes; no authority or provider use authorized.,audit/GATE0_OMITTED_UNION_NON_ORCHESTRATION_RECONCILIATION_2026-09-30.json
tests/test_corrective_registered_rerun_executor.py,True,False,1,be1f22176ee466affcadb3d8b798ddf5d940a9c93393b457065c5a39f1983478,forensic_b;visual_recovery,,,,,REVIEWED_OMITTED_VARIANT_NO_PORT,Historical be1f22176ee466affcadb3d8b798ddf5d940a9c93393b457065c5a39f1983478 reviewed against selected 00173e210f76e622fade57678d08df456fd8621c002b448d7c91a0e68fb2a556. Selected executor tests supply observed spend/activity rows and assert the active authority blocker; historical tests omit current evidence contract. Retain selected active bytes; no authority or provider use authorized.,audit/GATE0_OMITTED_UNION_NON_ORCHESTRATION_RECONCILIATION_2026-09-30.json
tests/test_corrective_scheduler_runtime_readiness.py,True,False,1,f8660a593e24075f5697b129ccd1e9a0e5ec712607ca711617b51a79fefa325d,forensic_b;visual_recovery,,,,,REVIEWED_OMITTED_VARIANT_NO_PORT,"Historical f8660a593e24075f5697b129ccd1e9a0e5ec712607ca711617b51a79fefa325d reviewed against selected 9aab2fea346c140174d5974eef6f7374542cc43b2020255eec46242074b9c858. Selected tests cover exact runtime identity, bounded launchctl parsing, log mode/redaction, desired state, terminal pointers, and installer contract; historical suite lacks these safeguards. Retain selected active bytes; no authority or provider use authorized.",audit/GATE0_OMITTED_UNION_NON_ORCHESTRATION_RECONCILIATION_2026-09-30.json
tests/test_corrective_stage4_handoff_readiness.py,True,False,1,47c5d02403090921beaba37150504d0aa71c80ad89c28814fa66d8f8845aac5c,forensic_b;visual_recovery,,,,,REVIEWED_OMITTED_VARIANT_NO_PORT,Historical 47c5d02403090921beaba37150504d0aa71c80ad89c28814fa66d8f8845aac5c reviewed against selected b0efae8ccf3d29a43cb7b76830be1c772da3d2c0e45876adc8f82ec6ee70a8ee. Selected tests use context-managed CSV reads while retaining assertions; historical version leaves file handles open. Retain selected active bytes; no authority or provider use authorized.,audit/GATE0_OMITTED_UNION_NON_ORCHESTRATION_RECONCILIATION_2026-09-30.json
tests/test_corrective_wizard_capture_manifest.py,True,False,1,a01b249306f577d7a13bb288c645a69b6b6bfd9e9c57f3e5b7decd1be7500028,forensic_b;visual_recovery,,,,,REVIEWED_OMITTED_VARIANT_NO_PORT,Historical a01b249306f577d7a13bb288c645a69b6b6bfd9e9c57f3e5b7decd1be7500028 reviewed against selected 54e4e2fecedee846be81d7c3ab241bd776d9c5bcfbf0eaa68e5be5364f36e1d0. Selected tests assert no-follow symlink publication and protected source file mode; historical mocks lack no-follow contract. Retain selected active bytes; no authority or provider use authorized.,audit/GATE0_OMITTED_UNION_NON_ORCHESTRATION_RECONCILIATION_2026-09-30.json
tests/test_corrective_wizard_capture_reconciliation.py,True,False,1,803b4a448ac64304a692cafd621f0a49d34268aece62f1844cb7acc10aff7fbc,forensic_b;visual_recovery,,,,,REVIEWED_OMITTED_VARIANT_NO_PORT,Historical 803b4a448ac64304a692cafd621f0a49d34268aece62f1844cb7acc10aff7fbc reviewed against selected e5a4e3a2320c170d2fdc93a2e69d7f8f69b2d89c057b619a707e61c439568c6b. Selected tests assert no-follow symlink publication and protected fixture modes; historical mocks lack these current contract checks. Retain selected active bytes; no authority or provider use authorized.,audit/GATE0_OMITTED_UNION_NON_ORCHESTRATION_RECONCILIATION_2026-09-30.json
tests/test_corrective_wizard_ou_v4_failure_attribution.py,True,False,1,30b4cdf3962d6901787f90ebfe762ae44817a966af35b68c6917ae3581f951d3,forensic_b;visual_recovery,,,,,REVIEWED_OMITTED_VARIANT_NO_PORT,Historical 30b4cdf3962d6901787f90ebfe762ae44817a966af35b68c6917ae3581f951d3 reviewed against selected 486ef9be67ca747395dac5c2ff5c818f92ce76973a9689bb0d10d2094ae27dbd. Selected assertion retains the same no-reuse contract without stale lint suppression; historical test adds no missing behavior. Retain selected active bytes; no authority or provider use authorized.,audit/GATE0_OMITTED_UNION_NON_ORCHESTRATION_RECONCILIATION_2026-09-30.json
tests/test_corrective_wizard_ou_v4_holdout.py,True,False,1,3f38a13cccc8b046370173a10b13332936a93190fd65097b51b9c1d620ade223,forensic_b;visual_recovery,,,,,REVIEWED_OMITTED_VARIANT_NO_PORT,Historical 3f38a13cccc8b046370173a10b13332936a93190fd65097b51b9c1d620ade223 reviewed against selected 48b47be00571a143d327adb7339103be4040814dca09371e8ab1efd37f270071. Selected failure mock asserts no-follow symlink publication; historical mock accepts an obsolete signature. Retain selected active bytes; no authority or provider use authorized.,audit/GATE0_OMITTED_UNION_NON_ORCHESTRATION_RECONCILIATION_2026-09-30.json
tests/test_corrective_wizard_ou_v5_holdout.py,True,False,1,0f3ee008f8af6701d09f2197a1fac6021d131709707d306d9311a90260808e64,forensic_b;visual_recovery,,,,,REVIEWED_OMITTED_VARIANT_NO_PORT,Historical 0f3ee008f8af6701d09f2197a1fac6021d131709707d306d9311a90260808e64 reviewed against selected 5265826b5d4f1451b952461a4e252ed1e34420a11268ac14d7b2ffca654a2039. Selected fixture explicitly sets protected mode 0600; historical fixture omits current file-permission requirement. Retain selected active bytes; no authority or provider use authorized.,audit/GATE0_OMITTED_UNION_NON_ORCHESTRATION_RECONCILIATION_2026-09-30.json
tests/test_corrective_wizard_reset_readiness.py,True,False,1,ccab08c626bb3d1be6e1e3ae8968879799887c72437175942224e31fd0c08e82,forensic_b;visual_recovery,,,,,REVIEWED_OMITTED_VARIANT_NO_PORT,"Historical ccab08c626bb3d1be6e1e3ae8968879799887c72437175942224e31fd0c08e82 reviewed against selected 61e784e7aa9ce9f514d93732fa78e30ae6e83a4aaf9199252f4994ee3396883d. Selected tests use current .venv/python3 identity, protected snapshots, and context-managed reads; historical .venv312 path is stale. Retain selected active bytes; no authority or provider use authorized.",audit/GATE0_OMITTED_UNION_NON_ORCHESTRATION_RECONCILIATION_2026-09-30.json
tests/test_corrective_wizard_unattended_preflight.py,True,False,1,708b41f2f974580ffc3eefdde65f9321468e56267017039da8d155e278f3ba75,forensic_b;visual_recovery,,,,,REVIEWED_OMITTED_VARIANT_NO_PORT,Historical 708b41f2f974580ffc3eefdde65f9321468e56267017039da8d155e278f3ba75 reviewed against selected 90a6d18938838b64616e2e4cf43fdf62261aae362f768bb6f984ea21e016067b. Selected tests require exception detail redaction and current .venv/python3 path; historical tests expect leaked error text and stale runtime path. Retain selected active bytes; no authority or provider use authorized.,audit/GATE0_OMITTED_UNION_NON_ORCHESTRATION_RECONCILIATION_2026-09-30.json
tests/test_current_wizard_hyperliquid_completion_audit.py,True,False,1,0d7754e592938258deeb119015642a3cb044378637ef68307324048a7fceff7e,forensic_b;visual_recovery,,,,,REVIEWED_OMITTED_VARIANT_NO_PORT,Historical 0d7754e592938258deeb119015642a3cb044378637ef68307324048a7fceff7e reviewed against selected 1d8ac42612a9557bd955bb23115eabad817bd3bb69f4c140d4909631c65e26ce. Selected audit fixture expects the canonical 14 pair-page mode cells; historical 16-cell expectation includes unsupported modes. Retain selected active bytes; no authority or provider use authorized.,audit/GATE0_OMITTED_UNION_NON_ORCHESTRATION_RECONCILIATION_2026-09-30.json
tests/test_exhaustive_wizard_hyperliquid_learning.py,True,False,1,3ab3ca12a961e79cce2fbfdce272400e8cdc87e6574e9c20d207c31fecc77e0b,forensic_b;visual_recovery,,,,,REVIEWED_OMITTED_VARIANT_NO_PORT,Historical 3ab3ca12a961e79cce2fbfdce272400e8cdc87e6574e9c20d207c31fecc77e0b reviewed against selected 2d48de51b4eec2b152feeb4af192587890026381c5333cfb47372f9dd85e5a96. Selected test binds math-v2.1 y-on-x contract; historical test expects old math-v2 label. Retain selected active bytes; no authority or provider use authorized.,audit/GATE0_OMITTED_UNION_NON_ORCHESTRATION_RECONCILIATION_2026-09-30.json
tests/test_fixture_ingestion.py,True,False,1,e316fbf229b415cc2f5a6fe7b7ec5814bf2aabcdb9eeea897e2b4c9e0474a71a,forensic_b;visual_recovery,,,,,REVIEWED_OMITTED_VARIANT_NO_PORT,"Historical e316fbf229b415cc2f5a6fe7b7ec5814bf2aabcdb9eeea897e2b4c9e0474a71a reviewed against selected 8aa632cb916b883d07d99ce69e40253ec86c2fd647090ba1464ee32f2a4b4ccb. Selected tests require explicit hedge ratio, canonical y-on-x spread, and invalid funding clock skip; historical tests expect invented raw-price spread. Retain selected active bytes; no authority or provider use authorized.",audit/GATE0_OMITTED_UNION_NON_ORCHESTRATION_RECONCILIATION_2026-09-30.json
tests/test_v2_run.py,True,False,1,852712eac034710e088503b2b118a2494c9687e96611b399c6faaa7201f677bd,forensic_b;visual_recovery,,,,,REVIEWED_OMITTED_VARIANT_NO_PORT,Historical 852712eac034710e088503b2b118a2494c9687e96611b399c6faaa7201f677bd reviewed against selected d5a02b287fc4a5814e417bfabc590e8552ef4a02a5c3bf159aec42492a137631. Selected fixture gives source snapshot mode 0600 for active publication checks; historical fixture omits permission requirement. Retain selected active bytes; no authority or provider use authorized.,audit/GATE0_OMITTED_UNION_NON_ORCHESTRATION_RECONCILIATION_2026-09-30.json
tests/test_wizard_local_verification.py,True,False,1,4c4e92b3ad6374ca3d182c13b8f1a664214edcd1e77f8fa03763dc0b5a9f6ed5,forensic_b;visual_recovery,,,,,REVIEWED_OMITTED_VARIANT_NO_PORT,Historical 4c4e92b3ad6374ca3d182c13b8f1a664214edcd1e77f8fa03763dc0b5a9f6ed5 reviewed against selected ce93cc7426346ae3e1aa837ca81faa8f24a50e87f80383d16d19167d4dd5a54e. Selected expected long/short positions follow canonical y-on-x orientation; historical expectations reverse legs. Retain selected active bytes; no authority or provider use authorized.,audit/GATE0_OMITTED_UNION_NON_ORCHESTRATION_RECONCILIATION_2026-09-30.json
tests/test_wizard_mode_comparison.py,True,False,1,c981b41b924adbab42c4217d38c9c174d33e463d247c7a762444af93785da22d,forensic_b;visual_recovery,,,,,REVIEWED_OMITTED_VARIANT_NO_PORT,Historical c981b41b924adbab42c4217d38c9c174d33e463d247c7a762444af93785da22d reviewed against selected a2856cf65d5efdb2a120d8ceea8d7dab810cf2086ed2f712521686e3e54e7b96. Selected expected long/short positions follow canonical y-on-x orientation; historical expectations reverse legs. Retain selected active bytes; no authority or provider use authorized.,audit/GATE0_OMITTED_UNION_NON_ORCHESTRATION_RECONCILIATION_2026-09-30.json
tests/test_wizard_pair_detail_api_pilot.py,True,False,1,1719c6cc3be951bf7b20694c41c21fe11d48cff425c03f27848a4250a71ff152,forensic_b;visual_recovery,,,,,REVIEWED_OMITTED_VARIANT_NO_PORT,Historical 1719c6cc3be951bf7b20694c41c21fe11d48cff425c03f27848a4250a71ff152 reviewed against selected 76e08aeabd6d3339a42b9e8c8f68b9e8b4b6a9c902de09acd34a71b534902f6d. Selected regression proves pair-detail official fetch requires reserved effect authority; historical tests lack this gate. Retain selected active bytes; no authority or provider use authorized.,audit/GATE0_OMITTED_UNION_NON_ORCHESTRATION_RECONCILIATION_2026-09-30.json
tests/test_wizard_pair_detail_ui_bundle.py,True,False,1,1a09a8e2d7689c96a402de7f861f122ad2fe48f424b2ee8fea11f751a7f84537,forensic_b;visual_recovery,,,,,REVIEWED_OMITTED_VARIANT_NO_PORT,Historical 1a09a8e2d7689c96a402de7f861f122ad2fe48f424b2ee8fea11f751a7f84537 reviewed against selected 27128a8c88ab41591acde3df02185f2047a7f87c26e0f79f284e3661637b3cec. Selected tests assert input-value redaction and canonical 14-cell pair-page matrix; historical tests expect 16 cells and omit redaction. Retain selected active bytes; no authority or provider use authorized.,audit/GATE0_OMITTED_UNION_NON_ORCHESTRATION_RECONCILIATION_2026-09-30.json
tests/test_youtube_hypothesis_validation.py,True,False,1,371c145ffe72e1ed1129c922e4b1636830193d257b5646e24aa2126d1cd16bb2,forensic_b;visual_recovery,,,,,REVIEWED_OMITTED_VARIANT_NO_PORT,Historical 371c145ffe72e1ed1129c922e4b1636830193d257b5646e24aa2126d1cd16bb2 reviewed against selected e0b64bc8fb41954293f018e978d7099e7bf0829dffd51b4f1baf1b8c998ffdbd. Selected expected long/short positions follow canonical y-on-x orientation; historical expectations reverse legs. Retain selected active bytes; no authority or provider use authorized.,audit/GATE0_OMITTED_UNION_NON_ORCHESTRATION_RECONCILIATION_2026-09-30.json
