relative_path,historical_root,copy_sha256,active_path_present,historical_only_count,historical_only_symbols,active_only_count,active_only_symbols,decision
scripts/build_corrective_checkpoint.py,forensic_a,33e1f176ef73f3fc5f4e0c28c1409146ebadb5a418cda085ad41c92f46339094,True,0,,0,,SEMANTIC_REVIEW_REQUIRED_NO_PORT
scripts/build_current_recovery_checkpoint.py,forensic_a,e17c86327b82d986a8729519ba437b3e6bc2ac9b73b8095910b75d824dddd665,True,1,_python_runtime,0,,SEMANTIC_REVIEW_REQUIRED_NO_PORT
scripts/build_full_video_diagnostic.py,source_candidate,ed08e8f60fef6dd0ab746aaf495cbe6a34a0155188e3f665a02632ec1f3538b2,False,10,bound_test_files_match;broad_test_run;junit_counts;load_json;main;n;publish_diagnostic;read_csv;sha256_path;validated_hashes_match,0,,SEMANTIC_REVIEW_REQUIRED_NO_PORT
scripts/collection_startup_verify.py,source_candidate,9c10a125858c28856f67143863ce13fea135f0f9bf2cf12e7188c394a86c5b7e,False,23,canonical;check_deadline;crosscheck_junit;digest;file_hash;inventory;load_batch_plan;load_scope;locked_artifacts;main;read_file;real_directory;reconcile_test_batches;run_process_group;run_selected_batches;sandbox_profile;source_snapshot;strict_json;subtest_count;validate_batch_plan;validate_test_census;verification_timeout;verify,0,,SEMANTIC_REVIEW_REQUIRED_NO_PORT
scripts/run_evidence_pipeline_phase9_final_promotion.py,forensic_b,62b5dd735428a2455d4cc0ca25f5941b9df6c8dad7704de7ce0c1414d835a1be,True,0,,0,,SEMANTIC_REVIEW_REQUIRED_NO_PORT
src/quant_platform/ablations.py,forensic_b,7fc7e6b656a1e8ab0c9599856df2976a318a8c45b11736b564f9438dd80e0089,True,0,,0,,SEMANTIC_REVIEW_REQUIRED_NO_PORT
src/quant_platform/active_pipeline.py,forensic_a,5dc95e086dc4a531b604b0fecf4d621c80d760fd096956285c552e77175516c4,True,2,_atomic_replace_path;_fsync_directory,0,,SEMANTIC_REVIEW_REQUIRED_NO_PORT
src/quant_platform/active_pipeline.py,forensic_b,babd75b3c7e079e121bbbeabb8d5c1cfde89dc7273b6cbbf17609b704b2ac874,True,13,_atomic_replace_path;_fsync_directory;_hyperliquid_candle_index;_hyperliquid_funding_index;_hyperliquid_history_candidate_pairs;_hyperliquid_market_candidate_pairs;_hyperliquid_pair_evidence_paths;_pair_funding_drag;_production_eligible_count;_registered_history_frame_blocker;_registered_history_point_in_time_blocker;_strategy_acceptance_authority_audit;_venue_profile_from_local_history,1,_venue_profile_from_dydx,SEMANTIC_REVIEW_REQUIRED_NO_PORT
src/quant_platform/backtest.py,forensic_a,104c2ea21bd9296252486bff9fe8e8d6efd9e2276f68fae0487962a12156c6b3,True,0,,0,,SEMANTIC_REVIEW_REQUIRED_NO_PORT
src/quant_platform/backtest.py,forensic_b,d3ae5a6d5fd6e0bf35bbc1d4c731c88e62b0672afd041d5260a69afc6bd7cdb8,True,5,RebalancePolicy;_fixed_units_until_exit_path;_rebalance_events;_resolve_hedge_ratio_kind;_resolve_spread_orientation,0,,SEMANTIC_REVIEW_REQUIRED_NO_PORT
src/quant_platform/cli.py,forensic_b,2d879404da6297d101529dbfe9f4aa1d5585ad4462d8b84387610f59e6cfb852,True,0,,0,,SEMANTIC_REVIEW_REQUIRED_NO_PORT
src/quant_platform/cli.py,forensic_a,d36964b2257ee39cfce4f4eeb3eb5cfa8b7c7c26a3a8511314968ca45ec54bb6,True,0,,0,,SEMANTIC_REVIEW_REQUIRED_NO_PORT
src/quant_platform/crypto_wizards_dashboard_capture.py,forensic_b,4288d7a324283b0215cdb0a2cb42d9654a5a2ac26991345ea9b71dc5f8d71ec2,True,0,,0,,SEMANTIC_REVIEW_REQUIRED_NO_PORT
src/quant_platform/crypto_wizards_dashboard_capture.py,forensic_a,457ad94e9ae6f7181af26f9e8e31e6d9e6282dfffd7d8ee7ad748b5b51d14d2e,True,0,,0,,SEMANTIC_REVIEW_REQUIRED_NO_PORT
src/quant_platform/crypto_wizards_sweep.py,forensic_b,3128c591d11c4621599861024407e79024e5d37762b204b4b456fa9b50dc2fee,True,0,,6,_fetch_credit_usage;_fetch_prescanned;_path_sha256;_reservation_path_is_valid;_write_credit_usage_snapshot;run_authorized_wizard_discovery_sweep,SEMANTIC_REVIEW_REQUIRED_NO_PORT
src/quant_platform/crypto_wizards_sweep.py,forensic_a,488ac159c65945aabcdad329c99db5eeb44757aa2586d13976478451d4c4f30d,True,0,,6,_fetch_credit_usage;_fetch_prescanned;_path_sha256;_reservation_path_is_valid;_write_credit_usage_snapshot;run_authorized_wizard_discovery_sweep,SEMANTIC_REVIEW_REQUIRED_NO_PORT
src/quant_platform/dydx_candles.py,forensic_b,78161bb66b85aa1ce860cc34030e883f6312034fc844db6b2254d9d16de47cc6,True,0,,0,,SEMANTIC_REVIEW_REQUIRED_NO_PORT
src/quant_platform/env.py,forensic_b,aa70663e8d85e687935e33e1cd33667f263c3cc3a588bac93a0410a097f888d0,True,5,SecretEnvResolution;env_file_declares_key;env_file_value;resolve_secret_env_key;secret_file_is_owner_only,1,load_selected_env_keys,SEMANTIC_REVIEW_REQUIRED_NO_PORT
src/quant_platform/evidence_registry.py,forensic_b,226f765e53523124815bffd02c9c5593e5e924908e56708e3865d4e97525a7e0,True,0,,0,,SEMANTIC_REVIEW_REQUIRED_NO_PORT
src/quant_platform/evidence_registry.py,forensic_a,37e83bc266f738cd22f158b7bc8d3b66d7fbad580ec72924c8dc67a51793b2f0,True,0,,0,,SEMANTIC_REVIEW_REQUIRED_NO_PORT
src/quant_platform/execution.py,forensic_b,3e29897abf550865ee700b7b38e20bf5726c038cc5a7a8252adb5eb7320de15a,True,1,_global_inventory_blockers,4,_canonical_execution_json;_gate00g_adapter_instance_allowed;_gate00g_execution_venue_allowed;_write_hyperliquid_public_response,SEMANTIC_REVIEW_REQUIRED_NO_PORT
src/quant_platform/experiments.py,forensic_b,940067ae406c9f1abfa191b23b7caebfc675b0ae1e6eb3bb437be6dd204224de,True,5,_append_blocker;_complete_numeric_input;_incomplete_strategy_columns;_independent_pair_trade_count;_independent_trade_count,0,,SEMANTIC_REVIEW_REQUIRED_NO_PORT
src/quant_platform/family_matrix.py,forensic_b,b46719f90a18022fcc87e366e20d1b03d85cec5eade3904336944384c733ba8a,True,0,,0,,SEMANTIC_REVIEW_REQUIRED_NO_PORT
src/quant_platform/formula_registry.py,forensic_b,2d12a49646164f7512c6c53f679bfa1d450a2318f502c5bf7bdade4697bb7bbf,True,0,,0,,SEMANTIC_REVIEW_REQUIRED_NO_PORT
src/quant_platform/formula_registry.py,forensic_a,7c6300f5278e840f41aa598fe7a74cc8a1398db4d0370d5ed6219b137adc170b,True,0,,0,,SEMANTIC_REVIEW_REQUIRED_NO_PORT
src/quant_platform/funding.py,forensic_b,5aa15220df746f3b0ccdf0e425a0b4f433b67f5e27ec36ed2cbdbdb91b36b510,True,0,,0,,SEMANTIC_REVIEW_REQUIRED_NO_PORT
src/quant_platform/hyperliquid.py,forensic_b,0286fa39c2cb73b134956889ab9a06231a3ce003012539c97fc00336e16a92ef,True,3,_atomic_write_text;_exclusive_output_lock;_fetch_hyperliquid_funding_history_unlocked,2,_raw_hyperliquid_mainnet_info_call;_raw_hyperliquid_mainnet_info_http_result,SEMANTIC_REVIEW_REQUIRED_NO_PORT
src/quant_platform/hyperliquid.py,forensic_a,6f423c1e1c5f7a17f0956fce135455c79d664f6082ffe2c9a10e44e78e4dec64,True,0,,2,_raw_hyperliquid_mainnet_info_call;_raw_hyperliquid_mainnet_info_http_result,SEMANTIC_REVIEW_REQUIRED_NO_PORT
src/quant_platform/hyperliquid_testnet.py,forensic_b,7212271e09b78c212377c3cd6980924f3d181ceb2dde74fbc599855f19ae4ef0,True,0,,5,_claim_all_pair_order_authorizations;_raw_hyperliquid_info_call;_read_hyperliquid_agent_key_from_keychain;_require_hyperliquid_pair_executor;_run_authorized_hyperliquid_info_call,SEMANTIC_REVIEW_REQUIRED_NO_PORT
src/quant_platform/math_v2_acceptance.py,forensic_a,c32dfe8409c0b299f4b8a38d0dcdefb3f79e88b05a91b8c445a473e760c4d090,True,0,,4,_ecm_direction_check;_interval_mismatch_check;_invalid_hedge_ratio_check;_zero_variance_sharpe_check,SEMANTIC_REVIEW_REQUIRED_NO_PORT
src/quant_platform/ml_filter.py,forensic_b,07f3f824e77f36302808b78a34f1bbb79dfe26ccb5fd81beeda02f242e8fe123,True,1,_entry_numeric_value,0,,SEMANTIC_REVIEW_REQUIRED_NO_PORT
src/quant_platform/ml_filter.py,forensic_a,bb156cf2c686aa3cafcf77744f4948cd211bef967654c33b6b6aa45fdbd5d063,True,0,,0,,SEMANTIC_REVIEW_REQUIRED_NO_PORT
src/quant_platform/orchestration/canonical_wizard_hyperliquid_contract.py,forensic_b,22d031a35c926e864c259a9fc00bf779fb098dcb805532b8a9c78c7a6eff8d24,True,2,_contract_regeneration_queue;_regeneration_markdown,0,,SEMANTIC_REVIEW_REQUIRED_NO_PORT
src/quant_platform/orchestration/canonical_wizard_hyperliquid_contract.py,forensic_a,a232430632f9b6b2ddad1210a619974a58a5e8550dacee370da8a2d57dd9df1d,True,0,,0,,SEMANTIC_REVIEW_REQUIRED_NO_PORT
src/quant_platform/orchestration/corrective_agent_governance.py,forensic_b,466b0c40452b4dfaaed93b9c84416bb472b3e60f07649033d1bef2ebd1c981f9,True,0,,0,,SEMANTIC_REVIEW_REQUIRED_NO_PORT
src/quant_platform/orchestration/corrective_daily_scheduler.py,forensic_b,37a838592d51d0edbd1d97a7723eeb68949a55e5af0905d00d5387167d344a0a,True,2,_lock_owner_alive;_timeout_runner,4,_publish_blocked_post_run_handoff;_result_counter;_validate_daily_scheduler_lineage;finalize_scheduled_research_checkpoint,SEMANTIC_REVIEW_REQUIRED_NO_PORT
src/quant_platform/orchestration/corrective_data_evidence.py,forensic_a,819289989802d402dfe339300a3c3963f16ee7225c08ba57704cbaba6ecb516a,True,0,,0,,SEMANTIC_REVIEW_REQUIRED_NO_PORT
src/quant_platform/orchestration/corrective_data_evidence.py,forensic_b,e7a2e60b63a544878ee974ca706645287207696a7d7c0c9d88d7144634e57dc6,True,0,,0,,SEMANTIC_REVIEW_REQUIRED_NO_PORT
src/quant_platform/orchestration/corrective_governance.py,forensic_b,9d4f0f710c16d00b92cb08343395913ebcd62d0afd753122da320f2dda0ace52,True,0,,0,,SEMANTIC_REVIEW_REQUIRED_NO_PORT
src/quant_platform/orchestration/corrective_l2_scheduler.py,forensic_b,a0ffceb0166e280df0bb7ed82a150d3e95d68d071a06da1b0f36f2992826515d,True,0,,3,_build_l2_acceptance_summary;_build_supervised_l2_result;_normalized_blockers,SEMANTIC_REVIEW_REQUIRED_NO_PORT
src/quant_platform/orchestration/corrective_l2_scheduler.py,forensic_a,a588842b5371d1fa6a0efd909b1cc7b441991fa446244a4f03ef23bdfe454b44,True,0,,3,_build_l2_acceptance_summary;_build_supervised_l2_result;_normalized_blockers,SEMANTIC_REVIEW_REQUIRED_NO_PORT
src/quant_platform/orchestration/corrective_live_canary_execution.py,forensic_b,7655329cd767d1e938d21219059d42ed7408742f9d84145650f246584a987480,True,1,_default_info_client,10,_authorized_hyperliquid_mainnet_info_client;_canary_authorization;_canary_leverage_effect_spec;_canary_order_effect_spec;_claim_canary_authorization;_consume_initial_canary_authority;_raise_if_entry_approval_changed;_raw_hyperliquid_mainnet_info_client;_recovery_order_side;_validate_canary_authorizations,SEMANTIC_REVIEW_REQUIRED_NO_PORT
src/quant_platform/orchestration/corrective_program.py,forensic_b,a59a448d3dcaf5bc3c1a5aac87ec7c4351febb519b9b9271857554ffee0e3b1a,True,0,,0,,SEMANTIC_REVIEW_REQUIRED_NO_PORT
src/quant_platform/orchestration/corrective_registered_learning.py,forensic_b,e8faa9e8abce28a1ce22ce553c76067f6423fa012dae008dd50db5412757aa0e,True,0,,0,,SEMANTIC_REVIEW_REQUIRED_NO_PORT
src/quant_platform/orchestration/corrective_registered_rerun_executor.py,forensic_b,263e059b0dc6897dde037688afae87285a8c0b0d19d474e997ae8883a839382b,True,0,,1,ResearchAuthorityViolation,SEMANTIC_REVIEW_REQUIRED_NO_PORT
src/quant_platform/orchestration/corrective_release_gates.py,forensic_b,63461d7fa93d182bf5cd5c338fb92e943ac112df1e58163fa90404f853020231,True,0,,0,,SEMANTIC_REVIEW_REQUIRED_NO_PORT
src/quant_platform/orchestration/corrective_scheduler_lock.py,forensic_a,d3c2dc0d068f8a26ad08bb1eb955a971729130a7c5ebec437ff153e8e3111e6f,True,0,,26,GovernedEvidenceLockBusy;GovernedEvidenceMaintenanceActive;PublicationLease;PublicationLeaseError;_acquire_flock;_boot_identity;_governed_evidence_lock;_open_existing_regular_file;_open_or_create_directory;_open_secure_lock_file;_phase00_maintenance_controller_lock;_process_start_identity;_quarantine_scheduler_lock;_require_publication_authority;_scheduler_lock_owner_matches;_target_allowed_for_scope;current_publication_lease;current_scheduler_process_identity;governed_evidence_read_lock;governed_evidence_write_lock;governed_root_for_path;publication_lease_for_path;read_phase00_maintenance_state;scheduler_process_owner_matches;scheduler_terminal_write_lock;validate_current_publication_lease,SEMANTIC_REVIEW_REQUIRED_NO_PORT
src/quant_platform/orchestration/corrective_scheduler_supervisor.py,source_candidate,b3eac1412bbad0cb2d9f74549eeda71eb335e13e2904cbe602c4f58e8ed1fac7,True,3,_supervise_scheduler_run;_validate_collection_dispatch_summary;supervise_collection_scheduler_run,0,,SEMANTIC_REVIEW_REQUIRED_NO_PORT
src/quant_platform/orchestration/corrective_testnet_pair_execution.py,forensic_b,400ed29936fee0724c31aa44bd43557ed90fb3a6985e41a2792c47282b89f91b,True,1,_default_info_client,3,_authorized_hyperliquid_testnet_info_client;_raw_hyperliquid_testnet_info_client;_require_gate00g_testnet_pair_executor,SEMANTIC_REVIEW_REQUIRED_NO_PORT
src/quant_platform/orchestration/corrective_wizard_comparator_review_control.py,forensic_b,0f75e57f5f6e00278d64bb6f10f51811f4c71c855c67ec24cf79ab6f7de40a71,True,0,,0,,SEMANTIC_REVIEW_REQUIRED_NO_PORT
src/quant_platform/orchestration/corrective_wizard_dynamic_holdout.py,forensic_b,6395b2f5204e7d471a4dfb0aef584c49b7c1723fd6c63cf59324c29cb5ed3031,True,0,,0,,SEMANTIC_REVIEW_REQUIRED_NO_PORT
src/quant_platform/orchestration/corrective_wizard_ou_holdout.py,forensic_b,1492cb24e049db15447d66db1a89739a22ccb9af304b15fb070b3398c1a4b7c8,True,0,,0,,SEMANTIC_REVIEW_REQUIRED_NO_PORT
src/quant_platform/orchestration/corrective_wizard_ou_v4_holdout.py,forensic_b,8b9e64b2720b31dbaab1a2bcbf80ef5f9bda64aad75aa5cb0255c82270b52ffc,True,0,,0,,SEMANTIC_REVIEW_REQUIRED_NO_PORT
src/quant_platform/orchestration/corrective_wizard_ou_v5_holdout.py,forensic_b,f7e197fd4daa889635ea71822e50287e899a61eb50223ea08802a0dc04e77799,True,0,,0,,SEMANTIC_REVIEW_REQUIRED_NO_PORT
src/quant_platform/orchestration/corrective_wizard_ou_v6_holdout.py,forensic_b,8026c5a0b77a9fd6e67426d027f7ab7745665cae675795d39cc2bc1d736d4662,True,0,,0,,SEMANTIC_REVIEW_REQUIRED_NO_PORT
src/quant_platform/orchestration/corrective_wizard_ou_v6_terminal_closure.py,forensic_a,6b2db77d8b2db77ed28c26b23510f36364ab1bd612ccf3c873bf0cc73d1c507d,True,0,,0,,SEMANTIC_REVIEW_REQUIRED_NO_PORT
src/quant_platform/orchestration/corrective_wizard_parity.py,forensic_b,a2c27e44a6ec14307ed1d0d386455ff09c42bf63e2814f805183ee32b23a1288,True,0,,0,,SEMANTIC_REVIEW_REQUIRED_NO_PORT
src/quant_platform/orchestration/corrective_wizard_proof_launcher.py,forensic_b,6cca2c433996773f9c4034abc68d9b6d32d8e440edf04781a9bef25eb44857bb,True,0,,3,_authorized_unattended_preflight;_launcher_supervisor_result;_run_heavy_scheduler_in_process,SEMANTIC_REVIEW_REQUIRED_NO_PORT
src/quant_platform/orchestration/corrective_wizard_proof_scheduler.py,forensic_b,3f78c0c156baa883b2f29edac0e4100c108eed757dd46848c9442245fadb0e51,True,1,_load_and_validate_environment,6,_deferred_credential_reader;_external_request_ceiling;_file_declares_key;_insecure_secret_files;_run_external_lane;_validate_external_reservation,SEMANTIC_REVIEW_REQUIRED_NO_PORT
src/quant_platform/orchestration/corrective_wizard_reset_readiness.py,forensic_b,3b7c71b3f1a4da5377137dd855dbdcc46d622024635024098d4e71acff45a234,True,0,,0,,SEMANTIC_REVIEW_REQUIRED_NO_PORT
src/quant_platform/orchestration/current_wizard_hyperliquid_archive.py,forensic_b,d82565e326aa2a2fca6c01f1d62d3bd74b6df0ea434149109a71137a26bbc663,True,0,,0,,SEMANTIC_REVIEW_REQUIRED_NO_PORT
src/quant_platform/orchestration/current_wizard_hyperliquid_cadence.py,forensic_b,f694eac80a6167e4e555446ad75873fa438d448fa3e689d0520890c95bce9977,True,0,,0,,SEMANTIC_REVIEW_REQUIRED_NO_PORT
src/quant_platform/orchestration/current_wizard_hyperliquid_completion_audit.py,forensic_b,db8d5cd842667d75b2c730b11ac1ed0597dc38c6d3ed51933b25f2b0e98442ee,True,0,,0,,SEMANTIC_REVIEW_REQUIRED_NO_PORT
src/quant_platform/orchestration/current_wizard_hyperliquid_costs.py,forensic_b,017e4b900234d70d07845ac89236039fbd16a96b3ed1b3553caa5cda668f38a7,True,0,,0,,SEMANTIC_REVIEW_REQUIRED_NO_PORT
src/quant_platform/orchestration/current_wizard_hyperliquid_costs.py,forensic_a,ccad6a4eb9c41754e478e9cd5465c9c9c559c1071eefb3df950bdd8bcaea9d40,True,0,,0,,SEMANTIC_REVIEW_REQUIRED_NO_PORT
src/quant_platform/orchestration/current_wizard_hyperliquid_daily_runner.py,forensic_b,3c8135bf64ac05eb95bc65e43b77ca10c5f7c9fec01a58e36f30f29fe563c4c7,True,0,,9,_current_effect_accounting;_env_file_value;_environment_key_present;_in_process_stage_timeout;_remaining_stage_timeout;_run_cli_stage_in_process;_secret_file_is_owner_only;_valid_hyperliquid_inventory_evidence;_wizard_credential_reader,SEMANTIC_REVIEW_REQUIRED_NO_PORT
src/quant_platform/orchestration/current_wizard_hyperliquid_evidence_command_center.py,forensic_a,28161a404dd0bbdd61aa1c099779e3f875d7e58c19377e12f8743389c45b9381,True,0,,0,,SEMANTIC_REVIEW_REQUIRED_NO_PORT
src/quant_platform/orchestration/current_wizard_hyperliquid_failure_attribution.py,forensic_b,d8a8a4ae4e2d4a5cdef40905922dab31e91e37d6613ca4d95297cf6d4fe1ec8c,True,0,,0,,SEMANTIC_REVIEW_REQUIRED_NO_PORT
src/quant_platform/orchestration/current_wizard_hyperliquid_failure_attribution.py,forensic_a,dbba2e4f0bff1d145776bf85e161acd44ec83c60e0633d85762d83804f1797fc,True,0,,0,,SEMANTIC_REVIEW_REQUIRED_NO_PORT
src/quant_platform/orchestration/current_wizard_hyperliquid_handoff.py,forensic_b,f65945b9543b0f0dc10537f4f14e5be83730957d56077ed2ba6e649c72a72b16,True,0,,0,,SEMANTIC_REVIEW_REQUIRED_NO_PORT
src/quant_platform/orchestration/current_wizard_hyperliquid_leverage.py,forensic_b,6d8d9df871bd6413edec428269beffe9fbd16fd6dad4be10060a86fe73feaaae,True,0,,0,,SEMANTIC_REVIEW_REQUIRED_NO_PORT
src/quant_platform/orchestration/current_wizard_hyperliquid_math_comparison.py,forensic_a,b63154d952f59c9f2a87b4f13fc8f97250c572213c9995ba903d9032e6c9068f,True,0,,3,_aggregate_impact;_median_finite;reevaluate_current_wizard_hyperliquid_math,SEMANTIC_REVIEW_REQUIRED_NO_PORT
src/quant_platform/orchestration/current_wizard_hyperliquid_observed_replay.py,forensic_b,22a2a757d4e08d100ba4bc58028e0ed0fb7f32ed2a7ac910b6ed0860cfb5906f,True,0,,0,,SEMANTIC_REVIEW_REQUIRED_NO_PORT
src/quant_platform/orchestration/current_wizard_hyperliquid_regimes.py,forensic_b,97862ce6e79983d0abb26455c15510656fdb4793fe6e4477b765869a4fa5abd2,True,0,,0,,SEMANTIC_REVIEW_REQUIRED_NO_PORT
src/quant_platform/orchestration/current_wizard_hyperliquid_replay.py,forensic_a,6f654eb7580b3d9ac5dcf42f5110e2b1ad61dc8745def385e7dab4a9128bc700,True,0,,1,_hedge_ratio_contract_blocker,SEMANTIC_REVIEW_REQUIRED_NO_PORT
src/quant_platform/orchestration/current_wizard_hyperliquid_replay.py,forensic_b,e8c15e314ed1032669616c1983d750ceae8bd94b3ce1e6cae9639aa6eda8266f,True,1,_flat_holdout_signal,1,_hedge_ratio_contract_blocker,SEMANTIC_REVIEW_REQUIRED_NO_PORT
src/quant_platform/orchestration/current_wizard_hyperliquid_robustness.py,forensic_b,b770346dc8ea81247de5b9b0857d9678a604f905d9cf05912d55a07b143d9a81,True,0,,0,,SEMANTIC_REVIEW_REQUIRED_NO_PORT
src/quant_platform/orchestration/current_wizard_hyperliquid_storage.py,forensic_b,7280665d61c1314e55b8a06dd1f210a89d6ca3d759f64a53a59a32ef73ed270e,True,0,,0,,SEMANTIC_REVIEW_REQUIRED_NO_PORT
src/quant_platform/orchestration/current_wizard_hyperliquid_storage.py,forensic_a,ea44a5db59458f4fa1460c5bba7e6828f1f874bbb9aea3c32b1b5aab020e873f,True,0,,0,,SEMANTIC_REVIEW_REQUIRED_NO_PORT
src/quant_platform/orchestration/current_wizard_hyperliquid_validation.py,forensic_a,4974c0aaa689d77aa08484834ab34f8b165f3392bcc2afc0e46e279eca02b603,True,0,,0,,SEMANTIC_REVIEW_REQUIRED_NO_PORT
src/quant_platform/orchestration/current_wizard_hyperliquid_walkforward.py,forensic_b,25abf440318e9eb9860bc8b308d177d5dfc43f799e6fe1891fec89d09b69c8b6,True,0,,0,,SEMANTIC_REVIEW_REQUIRED_NO_PORT
src/quant_platform/orchestration/current_wizard_hyperliquid_walkforward.py,forensic_a,a76319c5ccccaf6ce90c2aec4e66e9c8c8015aff451c73d07dbd24e26877bebd,True,0,,0,,SEMANTIC_REVIEW_REQUIRED_NO_PORT
src/quant_platform/orchestration/current_wizard_ou_optimal_overlay.py,forensic_b,78d16d582c669dd5bcbddc42d580ac3e6765dadc5266488bd7929c35dfa067b8,True,0,,0,,SEMANTIC_REVIEW_REQUIRED_NO_PORT
src/quant_platform/orchestration/dynamic_stage_runner.py,forensic_b,f4f178e4649cf5aa1827a09ede6ba1905c70e889f84ce2e428815fe30d4635ea,True,0,,0,,SEMANTIC_REVIEW_REQUIRED_NO_PORT
src/quant_platform/orchestration/exhaustive_wizard_api_refresh.py,forensic_a,667a036421adbc780abe15aaf936a6c83bb6a169505ff7e88cea858b3b2be955,True,0,,0,,SEMANTIC_REVIEW_REQUIRED_NO_PORT
src/quant_platform/orchestration/exhaustive_wizard_api_refresh.py,forensic_b,7b723159b94e189552ac87cdb80fd4acc58f8003698931ed81c122d41b031f6a,True,0,,0,,SEMANTIC_REVIEW_REQUIRED_NO_PORT
src/quant_platform/orchestration/exhaustive_wizard_hyperliquid_canonical_replay.py,forensic_b,41c2450b7fe1118501f5928d4bc56e0a9bf8cf9e328775d81e2463f698de9d3f,True,0,,0,,SEMANTIC_REVIEW_REQUIRED_NO_PORT
src/quant_platform/orchestration/exhaustive_wizard_hyperliquid_canonical_replay.py,forensic_a,6d9c9e0ac76cafb9df083498c69d551003a3d11b61c3c88e05409a002b636b79,True,0,,0,,SEMANTIC_REVIEW_REQUIRED_NO_PORT
src/quant_platform/orchestration/exhaustive_wizard_hyperliquid_cost_bridge.py,forensic_a,c2590a3a87ee45652f4fcc496d93c540f00897ecacabf8fc37d2006132398022,True,0,,0,,SEMANTIC_REVIEW_REQUIRED_NO_PORT
src/quant_platform/orchestration/exhaustive_wizard_hyperliquid_cost_evidence.py,forensic_a,4724c8c2a00e341966167140e49ad00b863f7dd3f2470bbc821ee061d4902643,True,0,,0,,SEMANTIC_REVIEW_REQUIRED_NO_PORT
src/quant_platform/orchestration/exhaustive_wizard_hyperliquid_cost_evidence.py,forensic_b,6cbda81d9dd277749e5917009c2f1bfbee68450f949bd78c2c9c5777cd0a50e6,True,0,,0,,SEMANTIC_REVIEW_REQUIRED_NO_PORT
src/quant_platform/orchestration/exhaustive_wizard_hyperliquid_leverage.py,forensic_a,96c17b635bd0ff082f72ca38755361daba63918d784318026c7d25ddb70a8c2f,True,0,,0,,SEMANTIC_REVIEW_REQUIRED_NO_PORT
src/quant_platform/orchestration/exhaustive_wizard_hyperliquid_observed_cost_replay.py,forensic_a,1478b3d664e060d4c46c228d51298c781a3fded38164ee93484708dce11c69d4,True,0,,0,,SEMANTIC_REVIEW_REQUIRED_NO_PORT
src/quant_platform/orchestration/exhaustive_wizard_hyperliquid_regimes.py,forensic_a,806167c8096af3eab9e216216e88519afa9df1e81a83a33d8d1b1be364b743a1,True,0,,0,,SEMANTIC_REVIEW_REQUIRED_NO_PORT
src/quant_platform/orchestration/exhaustive_wizard_hyperliquid_replay.py,forensic_b,046801082cdc75f327ed053fc0d21a943c0352a5a6acf58b87d0ff8b9f374d9e,True,0,,0,,SEMANTIC_REVIEW_REQUIRED_NO_PORT
src/quant_platform/orchestration/exhaustive_wizard_hyperliquid_replay.py,forensic_a,7271c8b8450a25e3e33ee15c6f5d456f736bf3d36186772e3919fbfe429a6d20,True,0,,0,,SEMANTIC_REVIEW_REQUIRED_NO_PORT
src/quant_platform/orchestration/exhaustive_wizard_hyperliquid_robustness.py,forensic_a,d6f2079126a1e14ad5aa1849a641972fc1911551ea5fccfcafdd7bf9c69abd30,True,0,,0,,SEMANTIC_REVIEW_REQUIRED_NO_PORT
src/quant_platform/orchestration/exhaustive_wizard_hyperliquid_run.py,forensic_b,554e93991d402394b496a13146415bdd491cb0b07a5fb7aeeda38a11567c6eff,True,0,,0,,SEMANTIC_REVIEW_REQUIRED_NO_PORT
src/quant_platform/orchestration/exhaustive_wizard_hyperliquid_run.py,forensic_a,88d56b91b8aa8fe8428600a1b7907bae30330e02916dade5adee3b68082a8332,True,0,,0,,SEMANTIC_REVIEW_REQUIRED_NO_PORT
src/quant_platform/orchestration/exhaustive_wizard_hyperliquid_validation.py,forensic_b,d7a4bfdbbddc720c11b3d216cdcded64bbb380afd52d4b82d5efbad51c5778e5,True,0,,0,,SEMANTIC_REVIEW_REQUIRED_NO_PORT
src/quant_platform/orchestration/exhaustive_wizard_hyperliquid_walkforward.py,forensic_b,3abe0a2191045c6846f6d8d0c693612aa013b8956e3ff5714ecd34e71b7f5b4c,True,1,_build_research_trial_ledger,0,,SEMANTIC_REVIEW_REQUIRED_NO_PORT
src/quant_platform/orchestration/exhaustive_wizard_hyperliquid_walkforward.py,forensic_a,b1674cc62cb7cbe3a5d051cabb3203c5a3d3071300d0d8b7baa1696e3ee01187,True,0,,0,,SEMANTIC_REVIEW_REQUIRED_NO_PORT
src/quant_platform/orchestration/hyperliquid_research_cycle.py,forensic_b,f75b18f03f14ec732f8814cce7094e7685f807e638044d91ae6f263ac4875b7d,True,0,,0,,SEMANTIC_REVIEW_REQUIRED_NO_PORT
src/quant_platform/orchestration/hyperliquid_research_validation.py,forensic_a,09c8d1c153a6f90504dde0e11d75ee50c76ffead4d4d3bb9151bd79ac4648a94,True,0,,0,,SEMANTIC_REVIEW_REQUIRED_NO_PORT
src/quant_platform/orchestration/hyperliquid_research_validation.py,forensic_b,2611a3cf2574220985b685b7fb0bc02600a50edf5efbe499b3a2bc7347f35232,True,0,,0,,SEMANTIC_REVIEW_REQUIRED_NO_PORT
src/quant_platform/orchestration/hyperliquid_run_manifest.py,forensic_b,8c86176880e644a9368d17ed3f9c90aceb72a2737dbb8e33e7cd99eeb84ade27,True,0,,0,,SEMANTIC_REVIEW_REQUIRED_NO_PORT
src/quant_platform/orchestration/langgraph_workflow.py,forensic_b,ea43d042cf6cec5238d241c885db9f813db9e287167ce5080ddfd5a9e08bde78,True,0,,0,,SEMANTIC_REVIEW_REQUIRED_NO_PORT
src/quant_platform/orchestration/mini_agents.py,forensic_b,7f9c01ec44ba3e1f005241e7cddecd296373deb30b8ffbf25873f3d52ae8cda4,True,0,,0,,SEMANTIC_REVIEW_REQUIRED_NO_PORT
src/quant_platform/orchestration/nodes.py,forensic_b,4eb064001bf1c011bdf6666f4d74153bdcf990f60bc4f61c02e869270e35f1ff,True,0,,0,,SEMANTIC_REVIEW_REQUIRED_NO_PORT
src/quant_platform/orchestration/orchestrator_assistant.py,forensic_b,673f8f1bd8cd72beabdab753bf2cefb2e07da36422e69f1d7a4c014a99971e30,True,0,,0,,SEMANTIC_REVIEW_REQUIRED_NO_PORT
src/quant_platform/orchestration/precollection_poll_launcher.py,source_candidate,8bdbdf578104650d5a9395ef35f5371d1b136d1d84caf99404fa3f2e21914ad3,False,23,_bound_plan;_file_hash;_identity;_inspect_attempt;_optional_document;_poll;_poll_paths;_read_document;_recover;_require;_result;_root_identity;_run_due_poll_once;_signature;_source_files;_sync_document;_validate_child;_write_new;create_plan_binding;execution_binding;load_plan_binding;recover_claimed_poll;run_due_poll_once,0,,SEMANTIC_REVIEW_REQUIRED_NO_PORT
src/quant_platform/orchestration/specialist_scoreboard.py,forensic_b,527041a5c7a55e2cd9c976f3e9d58a9709b8bc1ced3c967e1106601b3517544e,True,0,,0,,SEMANTIC_REVIEW_REQUIRED_NO_PORT
src/quant_platform/orchestration/teacher_control_plane.py,forensic_b,b99eba103e1746522e69e707707a39cb35e5e10a7e5fb155d7de22ac58ac0ecc,True,0,,0,,SEMANTIC_REVIEW_REQUIRED_NO_PORT
src/quant_platform/orchestration/teacher_evidence_materializer.py,forensic_b,b6fb274cba5b4556960018b547b3f22878fe3ce0862b2d4ebd1ddbcd79d40188,True,0,,0,,SEMANTIC_REVIEW_REQUIRED_NO_PORT
src/quant_platform/orchestration/teacher_evidence_materializer.py,forensic_a,dba45be2f62ee814617620eca96e6e2c0cb435d0eaa12a6844511d034390bc78,True,0,,0,,SEMANTIC_REVIEW_REQUIRED_NO_PORT
src/quant_platform/orchestration/venue_gate.py,forensic_b,49e1de717fb9091cd9e49535eb4de0a491a40dbfa28b2119c617d360a08e19c2,True,0,,0,,SEMANTIC_REVIEW_REQUIRED_NO_PORT
src/quant_platform/orchestration/versioned_learning_comparison.py,forensic_a,6873b5e30fb7825a9a3fb3ff11bf33fee00ad7b12d0842648874764e33234f48,True,0,,0,,SEMANTIC_REVIEW_REQUIRED_NO_PORT
src/quant_platform/orchestration/versioned_learning_comparison.py,forensic_b,fc136d36a3a9dff8bea0cea27455af9ead1aff9c0b4adf5f31a9c23c6e2e86a3,True,0,,0,,SEMANTIC_REVIEW_REQUIRED_NO_PORT
src/quant_platform/pair_detail_ingestion.py,forensic_b,e1e26ff73f852586b4f69654d995fb7d87b2f4d0d94b39b0ebcdfaf6087078a1,True,0,,0,,SEMANTIC_REVIEW_REQUIRED_NO_PORT
src/quant_platform/performance_math.py,forensic_a,4a354c2ebe0c84d41a7f654823133299545ae7df9e46a3044b3d86dc9db46d38,True,0,,0,,SEMANTIC_REVIEW_REQUIRED_NO_PORT
src/quant_platform/performance_math.py,forensic_b,7cb4997017cfc56051c966c48062bda7c505f04d1648b41ef4046879bd3d673c,True,0,,0,,SEMANTIC_REVIEW_REQUIRED_NO_PORT
src/quant_platform/regimes.py,forensic_b,e242118b88d253b210ec8f07ec63653001af6fa31336c175889d803523dc1654,True,0,,0,,SEMANTIC_REVIEW_REQUIRED_NO_PORT
src/quant_platform/regimes.py,forensic_a,f0e6f59f7b1347964e5591f15f7c9b321b7c80ed22f2c20a97fe81109691092c,True,0,,0,,SEMANTIC_REVIEW_REQUIRED_NO_PORT
src/quant_platform/research_extract_udemy.py,forensic_a,9bb0650d7b09d6633883d89dea9ba27a81ee773bd599db17a88dfbd6f361193e,True,0,,0,,SEMANTIC_REVIEW_REQUIRED_NO_PORT
src/quant_platform/research_extract_udemy.py,forensic_b,ae5c659bd7b09f75c8101254c35dd4896beba5561a8f3fc845cea38112f40bc9,True,0,,0,,SEMANTIC_REVIEW_REQUIRED_NO_PORT
src/quant_platform/research_ingestion.py,forensic_b,f5dee7dfa100e6186069b43cf01bfe8c23c4d1979d4a7f7dcaae3935de84cb1a,True,0,,0,,SEMANTIC_REVIEW_REQUIRED_NO_PORT
src/quant_platform/research_paper_math_audit.py,forensic_a,c4623c713afa59b999f760324ce2093f6a7a0e14a02a45e5c89f39a65ac7302c,True,0,,0,,SEMANTIC_REVIEW_REQUIRED_NO_PORT
src/quant_platform/research_paper_reproduction.py,forensic_b,8fbed4920cdf4715d507b9ae44479eb61a51438f74936ebc4f8c76621a96dd0a,True,0,,0,,SEMANTIC_REVIEW_REQUIRED_NO_PORT
src/quant_platform/research_paper_reproduction.py,forensic_a,dfbaf466f946a4898d395808a78cb9bceb3fd4938c6f3b0d3cdb8baa1dbbc393,True,0,,0,,SEMANTIC_REVIEW_REQUIRED_NO_PORT
src/quant_platform/research_paper_reviews.py,forensic_b,80ecbc6e0e2cec078fe788969d7a85e42565902343c22a8d21d30909025a4637,True,0,,0,,SEMANTIC_REVIEW_REQUIRED_NO_PORT
src/quant_platform/research_paper_reviews.py,forensic_a,b066811fa9c32b5275ee289d68e272d6d84a3a99ed3343aa39ecb9d146ef6a93,True,0,,0,,SEMANTIC_REVIEW_REQUIRED_NO_PORT
src/quant_platform/research_papers.py,forensic_a,9af582cc464b0fb1d0a262301dc25fd069e574393a55e5df7d49d904ed6f379f,True,0,,0,,SEMANTIC_REVIEW_REQUIRED_NO_PORT
src/quant_platform/research_papers.py,forensic_b,f7a5bcb55a577f563c84503f052f1a92551905f39aa6352346ba09a775394141,True,0,,0,,SEMANTIC_REVIEW_REQUIRED_NO_PORT
src/quant_platform/rl/base_rl_lane.py,forensic_b,d441889749b201b44c2ad9f546275239eab8755c6013783c6aeb320f7cee3acc,True,0,,0,,SEMANTIC_REVIEW_REQUIRED_NO_PORT
src/quant_platform/rl/brain_contract.py,forensic_b,5717ae0abcd7bb584d8417f6f6b8be7576bb96711a08bd1556042a9d65f4c45e,True,0,,0,,SEMANTIC_REVIEW_REQUIRED_NO_PORT
src/quant_platform/rl/quantization.py,forensic_b,02f633736bc8181023a0940b705b9df14bee76f422d6327ca8d418d21633c379,True,0,,0,,SEMANTIC_REVIEW_REQUIRED_NO_PORT
src/quant_platform/rl/rl_acceptance.py,forensic_b,12be6924963b5a5934f33425f955436839a248fcf0e42a72f5b33fc743eff21a,True,0,,0,,SEMANTIC_REVIEW_REQUIRED_NO_PORT
src/quant_platform/rl/rl_backtest.py,forensic_b,ead88db6ee183d07807b9f24dc25fb3740cf25f966f638cb25b3c61a76759d52,True,0,,0,,SEMANTIC_REVIEW_REQUIRED_NO_PORT
src/quant_platform/rl/rl_idea_engine.py,forensic_b,6c19d2bf17be4299ae96dd1f5f47497a12dc574e3b2a64154cf5e508ca914bf9,True,4,_forward_prediction_evidence;_normalized_prediction_confidence;_predicted_risk_series;_truthy,1,_select_return_series,SEMANTIC_REVIEW_REQUIRED_NO_PORT
src/quant_platform/rl/rl_learning_agent.py,forensic_b,7fc8760edce6b8930d4132dccd8e44bd4c6d6ee1e84e8dbd13a0ad3b894375ea,True,0,,0,,SEMANTIC_REVIEW_REQUIRED_NO_PORT
src/quant_platform/rl/rl_strategy_selector.py,forensic_b,83e259440a0514b8d741b516d62598762ab1f0d03e56e0588264ec6382514d9d,True,0,,0,,SEMANTIC_REVIEW_REQUIRED_NO_PORT
src/quant_platform/runtime_types.py,forensic_b,c0599de00b22848f274b26c013f5bc8765798508be35f9ef22825f6ee0d72e54,True,1,strict_bool,0,,SEMANTIC_REVIEW_REQUIRED_NO_PORT
src/quant_platform/statistics/math_v2.py,forensic_a,cf9da8c24bb5b9bd431649970dc74192daecb4b359da267b96228ebcbdaf3244,True,0,,0,,SEMANTIC_REVIEW_REQUIRED_NO_PORT
src/quant_platform/statistics/math_v2.py,forensic_b,df1f8543ec21c4fcab60c56ab8bdd1851ef7f49255a82db13112c2f315f00d1d,True,2,diagnose_integration_order;fit_johansen,0,,SEMANTIC_REVIEW_REQUIRED_NO_PORT
src/quant_platform/strategies.py,forensic_b,3f184631cdcfb52c028bdc95fd49a15a99828a1b73ffc0d252cfb7dde7ab6a8e,True,1,_prior_expanding_quantile,0,,SEMANTIC_REVIEW_REQUIRED_NO_PORT
src/quant_platform/three_brain_system.py,forensic_a,0169408a8cb0c2a64c779a2ddb9f5067217c3a0e17f58722b165f642716dc210,True,0,,0,,SEMANTIC_REVIEW_REQUIRED_NO_PORT
src/quant_platform/three_brain_system.py,forensic_b,0f2c9ebe06ad5e871bdda7d0d91bc951dfbadd12d173d0bed260fc4c29510672,True,0,,0,,SEMANTIC_REVIEW_REQUIRED_NO_PORT
src/quant_platform/udemy_math_reconciliation.py,forensic_b,2bb8734a9b2dccf533e7b4314c2888170277e7e35fc9acf993f69b6222919b13,True,1,_sha256,0,,SEMANTIC_REVIEW_REQUIRED_NO_PORT
src/quant_platform/udemy_math_reconciliation.py,forensic_a,c2244496c8154dc1ccd53291cdfb5ba38858377dfe07538660af3b17fa57a1ba,True,0,,0,,SEMANTIC_REVIEW_REQUIRED_NO_PORT
src/quant_platform/udemy_transcript_vault.py,forensic_a,3763996d3d057017a7dff83e484437e92f9c946b8ee598b93a6c04a20affcf5f,True,0,,0,,SEMANTIC_REVIEW_REQUIRED_NO_PORT
src/quant_platform/udemy_transcript_vault.py,forensic_b,c837120cc0f104c576b1bbae0582541a89da817bec9eb148281c108b2310111a,True,0,,0,,SEMANTIC_REVIEW_REQUIRED_NO_PORT
src/quant_platform/v2_run.py,forensic_b,99affa8274c7f5673bfba0071f015739183cab784c96acc198ac6214b01bbb54,True,0,,0,,SEMANTIC_REVIEW_REQUIRED_NO_PORT
src/quant_platform/wizard_candidate_set.py,forensic_b,9d16b5326591acdc033f25b28e0c745491b3cc1b1bd897297896d5ca8d5a1ea8,True,1,_canonical_interval,0,,SEMANTIC_REVIEW_REQUIRED_NO_PORT
src/quant_platform/wizard_control_plane.py,forensic_b,00ae43f8625b4a8e06a15b6248e21982d0cd2ce49e31a9c035d67da04903dc45,True,0,,0,,SEMANTIC_REVIEW_REQUIRED_NO_PORT
src/quant_platform/wizard_credit_ledger.py,forensic_a,cb11865bc44d8313806da3832d995e1785a8f75a94f6af96d21e8002e5411620,True,1,_fsync_directory,5,_encoded_json;_normalize_activity_rows;_register_current_external_effect_binding;_v2_reconciliation_evidence_valid;_zero_effect_authority_retry_safe,SEMANTIC_REVIEW_REQUIRED_NO_PORT
src/quant_platform/wizard_evidence.py,forensic_b,ad4e7014f2ff32cd8abad8618e85ba7434c16a2c108e4cf82bf62710bd88f251,True,0,,1,_normalized_capture_position,SEMANTIC_REVIEW_REQUIRED_NO_PORT
src/quant_platform/wizard_hyperliquid_bridge.py,forensic_b,d8c4da0eebcd54c08f85366fa7399fb00ea8a5f5060cf19d79eea55fcedf847d,True,0,,0,,SEMANTIC_REVIEW_REQUIRED_NO_PORT
src/quant_platform/wizard_hyperliquid_mode_proof.py,forensic_b,b388a433532c42f6eec6daa84d5fc924c8ed42755ecc18c48aad1f3c92064568,True,0,,0,,SEMANTIC_REVIEW_REQUIRED_NO_PORT
src/quant_platform/wizard_mode_replay.py,forensic_b,c7d9675753c02f9ff206116ad42746569788e16c61586d3d70210e496725b3e5,True,0,,0,,SEMANTIC_REVIEW_REQUIRED_NO_PORT
src/quant_platform/wizard_mode_replay.py,forensic_a,fa8c4a08fd8a1de226eb556d8b0c87d362cc8989d6cb80cf21dbf134fe9c1388,True,0,,0,,SEMANTIC_REVIEW_REQUIRED_NO_PORT
src/quant_platform/wizard_ou_comparator_activation.py,forensic_b,be4a74918ae226f0e31bc4db27ff814e4136ff6b78f52dee3bd47f0542a6bc22,True,0,,0,,SEMANTIC_REVIEW_REQUIRED_NO_PORT
src/quant_platform/wizard_ou_v4_comparator_activation.py,forensic_b,47a54147aa4fd0d5f3708cf78f9f51f49c503aacc63fd9ff8a8a7a2f21a2c01d,True,0,,0,,SEMANTIC_REVIEW_REQUIRED_NO_PORT
src/quant_platform/wizard_ou_v5_comparator_activation.py,forensic_b,bbffd3659d8498bb6fa1d57d36085d16fba3823d7a10a031b53ebaf3c991cca6,True,0,,0,,SEMANTIC_REVIEW_REQUIRED_NO_PORT
src/quant_platform/wizard_ou_v6_comparator_activation.py,forensic_b,809b4cfb8b389854765f07db94239d6011e8f8d8e9599cde9f4a9a285e3c5f69,True,0,,0,,SEMANTIC_REVIEW_REQUIRED_NO_PORT
src/quant_platform/wizard_research_journal.py,forensic_b,613a99f364bf1ec08b0b727cc04916f454852792e56b244efe57115dabc2b198,True,0,,0,,SEMANTIC_REVIEW_REQUIRED_NO_PORT
src/quant_platform/wizard_research_journal.py,forensic_a,6f1193577a1616d84663352d09ccb28bc449d6aebd09a96c2bb3521e2670cf6a,True,0,,0,,SEMANTIC_REVIEW_REQUIRED_NO_PORT
src/quant_platform/youtube_brain.py,forensic_b,0501afad9d86cc33c318c2ca84083477c15609efd9b4f5641c8e4c946fa1d4a1,True,1,_youtube_brain_status,0,,SEMANTIC_REVIEW_REQUIRED_NO_PORT
src/quant_platform/zscore_utils.py,forensic_b,e0dcffdc7ad0f8b1acbeaaa6cdcc00f4858bb182aabdc0a2058898ccff629b8a,True,0,,0,,SEMANTIC_REVIEW_REQUIRED_NO_PORT
tests/test_active_pipeline.py,forensic_b,cfd6b930864fbc4f487665547d965977cc59db4334ea315ea3b5b46f1a4a7a69,True,13,test_leakage_audit_blocks_declared_future_dashboard_and_provenance_hindsight;test_legacy_or_other_pair_acceptance_cannot_raise_local_pair_authority;test_pair_specific_two_leg_canonical_evidence_can_supply_local_authority;test_pair_universe_enumerates_every_pair_in_captured_hyperliquid_panel;test_pair_universe_enumerates_full_tradable_hyperliquid_market_panel;test_pair_universe_uses_hyperliquid_candles_and_funding_without_promoting;test_registered_history_feature_normalization_blocks_non_point_in_time_aliases;test_registered_history_frame_contract_rejects_ambiguous_or_hindsight_inputs;test_registered_history_point_in_time_blocker_rejects_batch_and_proxy_features;test_strategy_dashboard_blocks_legacy_promotions_and_uses_strict_report;test_system_check_does_not_call_missing_wizard_key_ready;test_venue_context_string_false_does_not_grant_execution_authority;test_venue_route_scorecard_never_confuses_adapter_preflight_with_strategy_acceptance,1,test_registered_history_feature_normalization_keeps_provenance,SEMANTIC_REVIEW_REQUIRED_NO_PORT
tests/test_backtest.py,forensic_b,16848e74c234e4b47291134deb7a46853360564de8bf1182f2c882e639d7f417,True,5,test_two_leg_backtest_converts_quantity_hedge_to_dollar_weights;test_two_leg_backtest_rejects_missing_leg_price_instead_of_forward_filling;test_two_leg_backtest_rejects_mixed_spread_orientations;test_two_leg_backtest_rejects_partial_missing_funding_instead_of_defaulting;test_two_leg_backtest_respects_spread_orientation,2,test_cost_model_rejects_impossible_parameters;test_two_leg_backtest_fails_closed_on_missing_hedge_ratio_or_bad_prices,SEMANTIC_REVIEW_REQUIRED_NO_PORT
tests/test_canonical_wizard_hyperliquid_contract.py,forensic_b,1224532fdf002ffb2bb241e66220496ef24d1bd172aef0d853d12105dd245700,True,0,,0,,SEMANTIC_REVIEW_REQUIRED_NO_PORT
tests/test_cli.py,forensic_a,bc1f9dfd2f8618b73c9a8fabf02763093a103fa95ca8aa6f0f771bd0248bdf18,True,2,test_dydx_execution_checklist_accepts_configured_order_adapter;test_dydx_order_adapter_contract_report_surfaces_bad_signature,3,test_cli_build_v2_math_diagnostic_routes_to_machine_audit;test_dydx_execution_checklist_rejects_unallowlisted_order_adapter;test_dydx_order_adapter_contract_report_rejects_unallowlisted_path,SEMANTIC_REVIEW_REQUIRED_NO_PORT
tests/test_collection_runtime_route.py,source_candidate,4ca36d09311306ae0b023fb496e15a2341e0103cb014097203fba14d5a59cc90,False,8,_bootstrap_root;test_bootstrap_collection_route_dispatches_only_with_route_environment;test_bootstrap_collection_route_rejects_legacy_environment;test_bootstrap_rejects_collection_token_for_other_key_before_module_import;test_bootstrap_rejects_unknown_collection_route_before_module_import;test_collection_identity_rejects_legacy_daily_environment;test_collection_payload_uses_fixed_third_bootstrap_token;test_collection_route_preserves_daily_accounting_key_and_slot,0,,SEMANTIC_REVIEW_REQUIRED_NO_PORT
tests/test_collection_startup_verify.py,source_candidate,9347352e679eb02f527b37d46df6544314ff4aa35a3d0d25b5da9666ea317fe4,False,35,_assert_failed_without_receipt;_verification_case;batch_plan;batch_result;fake_batch_runner;fixture_project;junit_fixture;test_artifact_loader_rejects_unsafe_file_identity;test_batch_execution_requires_full_census_and_complete_untampered_run;test_checked_in_batch_plan_preserves_whole_scope;test_checked_in_collection_scope_obeys_identity_contract;test_child_group_is_cleaned_up_on_success_and_timeout;test_cli_cannot_dispatch_or_resume;test_combined_batches_keep_deferrals_and_exact_junit_identities;test_empty_source_uses_same_identity_checks;test_exact_census_scope_loads;test_expanded_verification_remains_finitely_bounded;test_frozen_batch_plan_loads_and_budget_is_derived;test_invalid_batch_plan_fails_closed;test_junit_census_disagreement_blocks;test_junit_census_exact_agreement;test_owned_child_signals_are_only_available_in_test_phase;test_partial_or_inconsistent_batches_cannot_be_success;test_private_state_is_not_copied_as_source;test_scope_requires_complete_exact_census;test_scratch_inside_input_fails_before_allocation;test_source_drift_fails_before_runtime_and_scratch_allocation;test_source_fingerprint_is_content_bound_without_imports;test_strict_json_rejects_duplicates_and_nonfinite;test_test_profile_does_not_allow_writes_to_parent_controls;test_unreviewed_lock_rejected_without_installer_or_network;test_valid_collection_receipt_cannot_resume_actual_full_control;test_verify_rejects_child_returning_after_stage_cap_before_whole_deadline;test_verify_rejects_late_final_inventory_instead_of_publishing_pass;valid_scope,0,,SEMANTIC_REVIEW_REQUIRED_NO_PORT
tests/test_corrective_wizard_ou_v6_holdout.py,forensic_a,419792c4e41d3d687f106f3856747c5cc0f030d177641145f5c69e5982d6da73,True,4,_copy_v6_registration_inputs;_fixture_pair_series;_lineage_source_row;_sha,5,_derivation_series;_file_sha256;_pair_series;_seed_v5_derivation_evidence;_seed_v6_registration_inputs,SEMANTIC_REVIEW_REQUIRED_NO_PORT
tests/test_current_wizard_hyperliquid_handoff.py,forensic_b,4540a665f8e4a233a9a41b837cd39593af0aa543ce134adcc7d6e6761b272044,True,1,test_dynamic_exposure_hedge_ratio_is_causal_y_on_x_beta,0,,SEMANTIC_REVIEW_REQUIRED_NO_PORT
tests/test_current_wizard_hyperliquid_handoff.py,forensic_a,5c757bac58d4f59abc934a747478b01e1326e5ab086d5f1708180f1dfc581295,True,0,,0,,SEMANTIC_REVIEW_REQUIRED_NO_PORT
tests/test_current_wizard_hyperliquid_math_comparison.py,forensic_a,d4b28a2f03d1ee1ab1ca1a6d49023f2d592a77dc8a43dd6e0edf24ffa2b652bd,True,0,,0,,SEMANTIC_REVIEW_REQUIRED_NO_PORT
tests/test_dydx_candles.py,forensic_b,2447c8aabc0953cb802e22a7c106548db4f4149b15b129b84b3a124bd72d9f8b,True,1,test_pair_history_funding_merge_keeps_pre_observation_rows_unknown,0,,SEMANTIC_REVIEW_REQUIRED_NO_PORT
tests/test_dynamic_agent_venue_gate.py,forensic_b,fec7d8368d6d689cd387b275836d2790ef15c9b0256afcc669a0ec5f2cb853f1,True,1,test_dydx_gate_rejects_serialized_false_compatibility,0,,SEMANTIC_REVIEW_REQUIRED_NO_PORT
tests/test_env.py,forensic_b,751f46c6bb7f26dcd6d78384a752af17a278b88c4df6088b22f8e8c99ffdffe8,True,2,test_secret_resolution_blocks_insecure_file_and_never_exposes_value_in_repr;test_secret_resolution_loads_owner_only_file_consistently,1,test_load_selected_env_keys_does_not_import_unrelated_credentials,SEMANTIC_REVIEW_REQUIRED_NO_PORT
tests/test_execution.py,forensic_b,52626de96f132a153526d9b47e862018cd3213d9f27c859b9df1bc1cc06440b6,True,10,test_build_dydx_order_client_adapter_loads_module_object;test_build_execution_venue_routes_generic_venue_through_paper_execution;test_dydx_sdk_order_adapter_market_orders_use_ioc;test_dydx_sdk_order_adapter_reduce_only_uses_close_position;test_load_venue_specific_order_client_respects_venue_adapter_env;test_paper_execution_blocks_submission_when_credentials_missing;test_paper_execution_uses_injected_dydx_client_when_ready;test_submit_paper_plan_keeps_sequential_path_for_non_pair_adapter;test_submit_paper_plan_turns_pair_block_into_auditable_blocked_fills;test_submit_paper_plan_uses_coordinated_pair_path_when_available,12,test_build_dydx_order_client_adapter_denies_unapproved_module_before_import;test_build_execution_venue_blocks_unfenced_generic_client;test_dydx_sdk_order_adapter_reduce_only_requires_gate00g_before_close_position;test_dydx_sdk_private_order_sink_requires_consumed_authorization;test_hyperliquid_public_inventory_is_zero_credit_and_evidence_bound;test_hyperliquid_public_inventory_requires_authority_before_transport;test_paper_execution_blocks_missing_client_without_inspecting_credentials;test_paper_execution_denies_unfenced_injected_dydx_client;test_submit_paper_plan_denies_unfenced_coordinated_pair_path;test_submit_paper_plan_denies_unfenced_sequential_adapter;test_submit_paper_plan_turns_unfenced_pair_venue_into_auditable_blocked_fills;test_venue_specific_order_client_denies_unapproved_env_adapter,SEMANTIC_REVIEW_REQUIRED_NO_PORT
tests/test_exhaustive_wizard_hyperliquid_replay.py,forensic_a,1110a792d727ba319428cd51019ddb58959774fea861b7700bbe245c28e5d082,True,0,,0,,SEMANTIC_REVIEW_REQUIRED_NO_PORT
tests/test_exhaustive_wizard_hyperliquid_replay.py,forensic_b,f6cde9d8ffa4ff2007cf467226acae0d66513a4329ecd630a9e3ee93d3d32f9b,True,2,test_research_trial_ledger_keeps_blocked_trials_in_effective_count;test_statistical_controls_count_blocked_predeclared_trials,0,,SEMANTIC_REVIEW_REQUIRED_NO_PORT
tests/test_experiments.py,forensic_b,0dbd0816630de56cc6e4fb414bc9007a4b9528026fc321929b8a7bc22637ffed,True,5,test_acceptance_gate_requires_uncertainty_lifecycle_and_reconciliation;test_harness_rejects_internal_strategy_feature_gaps_after_warmup;test_harness_rejects_present_but_incomplete_funding_columns;test_strategy_acceptance_blocks_proxy_without_proven_authority;test_strategy_acceptance_does_not_double_count_cost_scenario_trades,1,test_harness_routes_incomplete_two_leg_inputs_to_spread_only_research,SEMANTIC_REVIEW_REQUIRED_NO_PORT
tests/test_funding.py,forensic_b,bff6b5464c1371bf3fbadff891cf2ff78ff3004e116d4b5a0c3b624c8887ad88,True,1,test_timestamped_funding_does_not_backfill_from_a_future_event,0,,SEMANTIC_REVIEW_REQUIRED_NO_PORT
tests/test_hyperliquid.py,forensic_b,4a57f163f44b1b12f0c3ada9bbef7096cb7e4b2e0e4360f4ee54900b4f0e03d4,True,2,test_build_hyperliquid_pair_history_preserves_monthly_interval_case;test_funding_fetch_serializes_concurrent_writers_for_the_same_output,0,,SEMANTIC_REVIEW_REQUIRED_NO_PORT
tests/test_hyperliquid.py,forensic_a,7cbcf906a7c6e19faac16630361aa14d1cfa35b78250f78981fcc8819fc7412f,True,0,,0,,SEMANTIC_REVIEW_REQUIRED_NO_PORT
tests/test_ml_filter.py,forensic_a,6d9fac418448eeef73b0718f7b8232b8188a129fa0f4f5f4a6bb1fe03809cca4,True,0,,1,test_ml_trade_labels_do_not_select_two_leg_math_without_hedge_ratio,SEMANTIC_REVIEW_REQUIRED_NO_PORT
tests/test_ml_filter.py,forensic_b,79b14fff82db187e296c2f9b50bbe49556362bc13e94c1176dfdb40f9ec50af3,True,2,test_trade_dataset_preserves_missing_optional_features;test_trade_dataset_rejects_spread_point_only_labels,1,test_ml_trade_labels_do_not_select_two_leg_math_without_hedge_ratio,SEMANTIC_REVIEW_REQUIRED_NO_PORT
tests/test_orchestration_rl.py,forensic_b,24c60e72ab21ce0e4d7267f0274087ed4b169cf3c461b295139402193683e9be,True,3,test_orchestrator_agents_stage_runs_mini_agent_reports;test_rl_simulation_strength_scaling_does_not_use_evaluation_future;test_run_rl_idea_scout_rejects_realized_outcomes_as_forward_scores,2,test_orchestrator_agents_stage_runs_local_reports_without_external_refresh;test_report_only_agents_never_invoke_live_youtube_refresh,SEMANTIC_REVIEW_REQUIRED_NO_PORT
tests/test_performance_math_v2.py,forensic_b,1dab8d3cd80ae70c3311bdb522d115c0be4eb3ce29bcec4ca3d1afe584cab40e,True,4,test_annualization_supports_declared_hyperliquid_timeframes;test_monthly_and_minute_labels_remain_distinct;test_two_leg_backtest_fixed_units_holds_quantities_and_records_events;test_two_leg_backtest_still_rejects_unknown_rebalance_policy,1,test_sharpe_blocks_zero_variance_and_declared_timestamp_mismatch,SEMANTIC_REVIEW_REQUIRED_NO_PORT
tests/test_performance_math_v2.py,forensic_a,4f276f987dcaf7ab5a711aedc84a261330f4ea08f48990d98e5fa9c178e8343b,True,0,,1,test_sharpe_blocks_zero_variance_and_declared_timestamp_mismatch,SEMANTIC_REVIEW_REQUIRED_NO_PORT
tests/test_regimes.py,forensic_b,f57cd62ff4de735d6d60f9d6613685198740abd9c81fb0aa6be9e0940ba113b6,True,1,test_regime_labels_are_prefix_invariant_when_future_volatility_is_appended,0,,SEMANTIC_REVIEW_REQUIRED_NO_PORT
tests/test_research_ingestion.py,forensic_b,fe41362f9a5181712d9ecf2bab72fe420cded34c660a39c7a49012b3633f4b19,True,2,test_ccxt_extractor_maps_structured_rows_from_research_feed;test_research_registry_ignores_appledouble_sidecars,2,test_ccxt_extractor_maps_structured_rows_from_accepted_evidence;test_ccxt_zero_row_capture_writes_failure_evidence_without_marking_processed,SEMANTIC_REVIEW_REQUIRED_NO_PORT
tests/test_research_paper_reproduction.py,forensic_b,27dbac489aee2d2620648c975f5806b3e3f47539e0b425d3e9406436015f77e4,True,0,,0,,SEMANTIC_REVIEW_REQUIRED_NO_PORT
tests/test_research_paper_reviews.py,forensic_a,947da823cf84ca6ac2dd2ff29a3f4a522bec7997a58de433b84d13bb29291ad4,True,0,,1,_seed_paper_inputs,SEMANTIC_REVIEW_REQUIRED_NO_PORT
tests/test_research_paper_reviews.py,forensic_b,d39164effe27eef3c2e3529ecdda3d129660459ff319a1ffe657e327191ff041,True,0,,1,_seed_paper_inputs,SEMANTIC_REVIEW_REQUIRED_NO_PORT
tests/test_rl_brain_contract.py,forensic_b,7a5f4c0120779f28ac1ee9d4d62ad4388370ba93926b44b04b3ca8567eea7f23,True,1,test_current_state_blocks_contradictory_stale_strategy_acceptance_authority,0,,SEMANTIC_REVIEW_REQUIRED_NO_PORT
tests/test_statistics_math_v2.py,forensic_b,ad575307c3b2736747829b76b46dbc834585dcd6762679a51c51accfb6c2459e,True,3,test_engle_granger_rejects_stationary_level_inputs;test_integration_order_and_johansen_contracts_are_explicit;test_ou_rejects_near_unit_random_walk_even_when_fitted_phi_is_below_one,0,,SEMANTIC_REVIEW_REQUIRED_NO_PORT
tests/test_statistics_math_v2.py,forensic_a,d954acb64472eff879f04c7b66cb25f0e128b93fecd3fc7270f006867d51bb69,True,0,,0,,SEMANTIC_REVIEW_REQUIRED_NO_PORT
tests/test_strategy_registry.py,forensic_b,5a4b9406f3dcbc46ef174991d200ab61dbe875ce12b7f02fc6a06a158ce08df2,True,3,test_proxy_strategies_disclose_research_only_authority;test_ranking_strategies_fail_closed_when_ranking_fields_are_missing;test_regime_proxy_signals_are_prefix_invariant,0,,SEMANTIC_REVIEW_REQUIRED_NO_PORT
tests/test_teacher_evidence_materializer.py,forensic_a,2c2e1d1b9c0af859b7ae3946df23c4ddf4663407f2f1e410b4292fa780f5ef3a,True,0,,1,test_all_seven_teacher_modes_match_local_contract_in_both_orientations,SEMANTIC_REVIEW_REQUIRED_NO_PORT
tests/test_teacher_evidence_materializer.py,forensic_b,60196f5f0557ffaae905bb262fa6d93028ab3cdb2ab6af18024d4d2912f2ea85,True,0,,1,test_all_seven_teacher_modes_match_local_contract_in_both_orientations,SEMANTIC_REVIEW_REQUIRED_NO_PORT
tests/test_udemy_math_reconciliation.py,forensic_a,1ed54617df7868692f7efbb44445936d1284bd8225da2b1a37a59dd1e9dbbec3,True,0,,0,,SEMANTIC_REVIEW_REQUIRED_NO_PORT
tests/test_udemy_math_reconciliation.py,forensic_b,34135cc5e2effc719a765423a657e2f46033c9207fc31394be608d64b2d07af3,True,4,test_every_udemy_math_contract_has_local_implementation;test_udemy_reconciliation_rejects_manifest_only_capture_claims;test_udemy_reconciliation_tracks_current_local_johansen_diagnostic;test_udemy_reconciliation_verifies_present_transcript_hashes,1,test_every_udemy_math_contract_has_local_source_and_implementation,SEMANTIC_REVIEW_REQUIRED_NO_PORT
tests/test_udemy_transcript_vault.py,forensic_b,2d1496387abbf42504ad5ad78e3c1e0060b4d2ffe9cdd9837f7926393db82250,True,1,test_vault_recovers_missing_canonical_index_from_prior_manifest,0,,SEMANTIC_REVIEW_REQUIRED_NO_PORT
tests/test_wizard_candidate_set.py,forensic_b,3a5cd54038693f28185131a526dfabe19672cc4578982d0e2ff681b42611d4ab,True,1,test_candidate_set_identity_distinguishes_monthly_from_minute_timeframes,0,,SEMANTIC_REVIEW_REQUIRED_NO_PORT
tests/test_wizard_credit_ledger.py,forensic_a,94c4019f22682451e7b70f6437bb265781a255d67cee56fbf769a428e5596773,True,0,,2,_wizard_issuer;test_fresh_reservation_requires_exact_supervisor_binding_for_spend,SEMANTIC_REVIEW_REQUIRED_NO_PORT
tests/test_wizard_evidence.py,forensic_b,3ea4e2037f07f97bc08efe91d705c3909a5a1777356ceffdbeb339314f3af31d,True,1,test_cost_sensitivity_bars_per_day_preserves_monthly_vs_minute,0,,SEMANTIC_REVIEW_REQUIRED_NO_PORT
tests/test_wizard_mode_replay.py,forensic_b,61c9d34310ed7b904e43151d04bc9a55bf0bad9a93d8fcb314a3c66bc4895aef,True,2,test_copula_ignores_unproven_stored_conditionals;test_dynamic_spread_rejects_unproven_stored_hedge_ratios,4,_copula_settings;test_direction_contract_follows_operator_when_vendor_entry_fields_are_swapped;test_mode_replay_blocks_tail_positions_that_violate_the_economic_contract;test_ou_spread_metric_and_thresholds_use_the_same_log_spread_unit,SEMANTIC_REVIEW_REQUIRED_NO_PORT
tests/test_wizard_mode_replay.py,forensic_a,cc80a59c4d1bb14e2ab075e4de2046d19cd7a4947658655110be4d654b9c31e5,True,0,,4,_copula_settings;test_direction_contract_follows_operator_when_vendor_entry_fields_are_swapped;test_mode_replay_blocks_tail_positions_that_violate_the_economic_contract;test_ou_spread_metric_and_thresholds_use_the_same_log_spread_unit,SEMANTIC_REVIEW_REQUIRED_NO_PORT
tests/test_youtube_brain.py,forensic_b,749547cad516fcd0d6615a94c8fd7661c6553de295e25f78763b47b20dde098f,True,1,test_youtube_brain_does_not_call_external_priors_native_ready,0,,SEMANTIC_REVIEW_REQUIRED_NO_PORT
