relative_path,active_sha256,historical_sha256,queue_current_status,proposed_custody_status,proposed_decision_rationale,proposed_decision_evidence
src/quant_platform/orchestration/copula_shadow_comparison.py,7968f4b7c967c5d35d93422f722862401749ed7490eabfbb6f4af95fbdb0c006,ad63349b99523a1e57fe5b08db86a8de5edd52599238cbd62c35a7cba8aed72d,PRESERVED_REVIEW_REQUIRED_NO_PORT,REVIEWED_ATOMIC_PUBLICATION_RETAIN_VISUAL_NO_PORT,Historical CSV and Markdown writers are direct; selected source uses atomic publication. Four-root freeze and source_candidate equal selected active bytes; preserve visual/forensic bytes with no source port.,audit/GATE0_ORCHESTRATION_UNION_OMISSION33_2026-09-30.json;audit/GATE0_ORCHESTRATION_UNION_OMISSION33_2026-09-30.md;audit/verify_gate0_orchestration_omission33.py
src/quant_platform/orchestration/corrective_artifact_retention.py,b98646b3244e8578b39b0ce13c6529ec6bdc96d57cfe38205026b0023a8e011d,6d2fb9e5e78fee17dc8f05f36512ae28f8d8d4a1cb9efb67684108f7534e1632,PRESERVED_REVIEW_REQUIRED_NO_PORT,REVIEWED_ACTIVE_RETAIN_HISTORICAL_NO_PORT,Selected source adds projected reclaimable/retained byte accounting and atomic archive/log rotation; historical copy drops capacity forecast and uses direct replacement. Four-root freeze and source_candidate equal selected active bytes; preserve visual/forensic bytes with no source port.,audit/GATE0_ORCHESTRATION_UNION_OMISSION33_2026-09-30.json;audit/GATE0_ORCHESTRATION_UNION_OMISSION33_2026-09-30.md;audit/verify_gate0_orchestration_omission33.py
src/quant_platform/orchestration/corrective_live_canary.py,7b4f8d05f93b1e54a3c0019fb427db1c8d88aa82036e667027feb1a8337d3879,a53c3576874b90a395c153339d988368b809cca5fe34716d4b5016afee32484a,PRESERVED_REVIEW_REQUIRED_NO_PORT,REVIEWED_ATOMIC_PUBLICATION_RETAIN_VISUAL_NO_PORT,Historical canary receipts use Path.replace; selected source promotes staged files through corrective_runtime. Four-root freeze and source_candidate equal selected active bytes; preserve visual/forensic bytes with no source port.,audit/GATE0_ORCHESTRATION_UNION_OMISSION33_2026-09-30.json;audit/GATE0_ORCHESTRATION_UNION_OMISSION33_2026-09-30.md;audit/verify_gate0_orchestration_omission33.py
src/quant_platform/orchestration/corrective_live_canary_outcome.py,a83e152b82381c10969f19d8c86ac25ee010d84fde67876113cf92f86e014421,6f1fec979f7104dd80d89177b7fb1e5c30341ce5cd049bde628137838ab4c44e,PRESERVED_REVIEW_REQUIRED_NO_PORT,REVIEWED_ATOMIC_PUBLICATION_RETAIN_VISUAL_NO_PORT,Historical outcome receipt uses Path.replace; selected source promotes the staged file. Four-root freeze and source_candidate equal selected active bytes; preserve visual/forensic bytes with no source port.,audit/GATE0_ORCHESTRATION_UNION_OMISSION33_2026-09-30.json;audit/GATE0_ORCHESTRATION_UNION_OMISSION33_2026-09-30.md;audit/verify_gate0_orchestration_omission33.py
src/quant_platform/orchestration/corrective_registered_learning_protocol.py,b7c94ac2176019135b7566f1baff6c9c5ece2ea62bd31140d0051e90aa852062,b569e62c1e06ab50dd23a000edf88c190527d4cff87ef24be36cf7d8e19039ea,PRESERVED_REVIEW_REQUIRED_NO_PORT,REVIEWED_ACTIVE_RETAIN_HISTORICAL_NO_PORT,"Historical protocol uses a local exclusive-write sequence; selected source centralizes immutable bytes and staged promotion, retaining collision protection. Four-root freeze and source_candidate equal selected active bytes; preserve visual/forensic bytes with no source port.",audit/GATE0_ORCHESTRATION_UNION_OMISSION33_2026-09-30.json;audit/GATE0_ORCHESTRATION_UNION_OMISSION33_2026-09-30.md;audit/verify_gate0_orchestration_omission33.py
src/quant_platform/orchestration/corrective_registered_rerun.py,e5baaa8edfe912acae2043417d590412b1b243b19fcb08c0939335c9e08b3f69,f86ee3080218032934be11a523a256d9ba13ce220ff1d609d15d4e197c50dfb5,PRESERVED_REVIEW_REQUIRED_NO_PORT,REVIEWED_ATOMIC_PUBLICATION_RETAIN_VISUAL_NO_PORT,Historical rerun matrix and receipts use Path.replace; selected source promotes staged files. Four-root freeze and source_candidate equal selected active bytes; preserve visual/forensic bytes with no source port.,audit/GATE0_ORCHESTRATION_UNION_OMISSION33_2026-09-30.json;audit/GATE0_ORCHESTRATION_UNION_OMISSION33_2026-09-30.md;audit/verify_gate0_orchestration_omission33.py
src/quant_platform/orchestration/corrective_stage4_handoff_readiness.py,f022837269cc40f56da43b85b823a911142ec47e8d02a8bb813cc168e635ad85,5579fefd458e85a64fb159683dd22fdbef0aac50ff1534f353b5a6a7aaa5af0c,PRESERVED_REVIEW_REQUIRED_NO_PORT,REVIEWED_ATOMIC_PUBLICATION_RETAIN_VISUAL_NO_PORT,Historical handoff readiness receipts use Path.replace; selected source promotes staged files. Four-root freeze and source_candidate equal selected active bytes; preserve visual/forensic bytes with no source port.,audit/GATE0_ORCHESTRATION_UNION_OMISSION33_2026-09-30.json;audit/GATE0_ORCHESTRATION_UNION_OMISSION33_2026-09-30.md;audit/verify_gate0_orchestration_omission33.py
src/quant_platform/orchestration/corrective_statistical_remediation.py,2b711707852adccb16bd26f43fb4e622a8d2628e7a72755ecab60d9e248a9e6e,881ed537831d427d155dad9302f8fa206e968436fd9e733dd254370b4d191889,PRESERVED_REVIEW_REQUIRED_NO_PORT,REVIEWED_ATOMIC_PUBLICATION_RETAIN_VISUAL_NO_PORT,Historical remediation summaries use direct writes and Path.replace; selected source uses atomic text and staged promotion. Four-root freeze and source_candidate equal selected active bytes; preserve visual/forensic bytes with no source port.,audit/GATE0_ORCHESTRATION_UNION_OMISSION33_2026-09-30.json;audit/GATE0_ORCHESTRATION_UNION_OMISSION33_2026-09-30.md;audit/verify_gate0_orchestration_omission33.py
src/quant_platform/orchestration/corrective_testnet_cohort_readiness.py,2dacd3a9ba813d768a93385f140604e87c54593945196a9bab6c3e8bab9d12b5,156748876c46b67920adc9363abd123e270d7ae87a70b48f723a54ffa0632485,PRESERVED_REVIEW_REQUIRED_NO_PORT,REVIEWED_ATOMIC_PUBLICATION_RETAIN_VISUAL_NO_PORT,Historical testnet cohort receipts use Path.replace; selected source promotes staged files. Four-root freeze and source_candidate equal selected active bytes; preserve visual/forensic bytes with no source port.,audit/GATE0_ORCHESTRATION_UNION_OMISSION33_2026-09-30.json;audit/GATE0_ORCHESTRATION_UNION_OMISSION33_2026-09-30.md;audit/verify_gate0_orchestration_omission33.py
src/quant_platform/orchestration/corrective_testnet_collateral_transfer.py,75256ce7dd7e36930dd8fcc62a78eabc9436eb411e89ccfe6d8050acd510d7d9,763139a9baeb90de83655d8dedd01fe0ea925a32a2be20692cfc6198f568e5cd,PRESERVED_REVIEW_REQUIRED_NO_PORT,REVIEWED_ACTIVE_RETAIN_HISTORICAL_NO_PORT,Historical execution can reach keychain and exchange transfer without consumed order-effect authority. Selected source requires and claims an exact account-mutation authorization and uses immutable receipts. Four-root freeze and source_candidate equal selected active bytes; preserve visual/forensic bytes with no source port.,audit/GATE0_ORCHESTRATION_UNION_OMISSION33_2026-09-30.json;audit/GATE0_ORCHESTRATION_UNION_OMISSION33_2026-09-30.md;audit/verify_gate0_orchestration_omission33.py
src/quant_platform/orchestration/corrective_wizard_api_credit_receipt.py,6113ffc1cdab7d3a7d6d023d4c36a02d65eb323f7af2293ae5ec57e85cf44172,43b74760fcb38176ceb3d72ba369ec3b7d5e5708a0b72d9fca478a3c5b455731,PRESERVED_REVIEW_REQUIRED_NO_PORT,REVIEWED_ACTIVE_RETAIN_HISTORICAL_NO_PORT,"Historical receipt loads the full .env.local and includes raw exception text; selected source loads only the Wizard API key, redacts errors, and promotes staged output. Four-root freeze and source_candidate equal selected active bytes; preserve visual/forensic bytes with no source port.",audit/GATE0_ORCHESTRATION_UNION_OMISSION33_2026-09-30.json;audit/GATE0_ORCHESTRATION_UNION_OMISSION33_2026-09-30.md;audit/verify_gate0_orchestration_omission33.py
src/quant_platform/orchestration/corrective_wizard_capture_manifest.py,ab096ff87ad3e0f170a4fc06b657cd2cff34aeb469224428d57281ece05608b5,7d484dfe0af761b3e671bcb74afb2d17630de02b69ce758ee667d7369f35da77,PRESERVED_REVIEW_REQUIRED_NO_PORT,REVIEWED_ACTIVE_RETAIN_HISTORICAL_NO_PORT,"Historical capture manifest has bespoke immutable writes and raw exception text; selected source uses shared immutable bytes, staged promotion, and redacted blockers. Four-root freeze and source_candidate equal selected active bytes; preserve visual/forensic bytes with no source port.",audit/GATE0_ORCHESTRATION_UNION_OMISSION33_2026-09-30.json;audit/GATE0_ORCHESTRATION_UNION_OMISSION33_2026-09-30.md;audit/verify_gate0_orchestration_omission33.py
src/quant_platform/orchestration/corrective_wizard_capture_reconciliation.py,70947875ebc234db2c5c66dbd6243d384081328e47e58fc1685f55ec6ba55cdc,175030976a734825cf8c55a905b5e2d870aed0a0467ffd2afe4f5c8a6141850e,PRESERVED_REVIEW_REQUIRED_NO_PORT,REVIEWED_ACTIVE_RETAIN_HISTORICAL_NO_PORT,Historical reconciliation has bespoke JSON link/write logic and raw exception text; selected source uses shared immutable JSON and redacted blockers. Four-root freeze and source_candidate equal selected active bytes; preserve visual/forensic bytes with no source port.,audit/GATE0_ORCHESTRATION_UNION_OMISSION33_2026-09-30.json;audit/GATE0_ORCHESTRATION_UNION_OMISSION33_2026-09-30.md;audit/verify_gate0_orchestration_omission33.py
src/quant_platform/orchestration/corrective_wizard_copula_behavioral.py,d808f4a106b1758a6698b42063b66e000790bf84e0d5bca6f32567aa760a3063,cfe89322867090a86440d7983fe2b1ae21f1f1e0ffcad2e2e3d1899107b97140,PRESERVED_REVIEW_REQUIRED_NO_PORT,REVIEWED_ACTIVE_RETAIN_HISTORICAL_NO_PORT,Historical copula path resolves the Wizard key during dry run and uses bespoke direct writes/raw exception text; selected source gates key access on execute and uses immutable publication/redaction. Four-root freeze and source_candidate equal selected active bytes; preserve visual/forensic bytes with no source port.,audit/GATE0_ORCHESTRATION_UNION_OMISSION33_2026-09-30.json;audit/GATE0_ORCHESTRATION_UNION_OMISSION33_2026-09-30.md;audit/verify_gate0_orchestration_omission33.py
src/quant_platform/orchestration/corrective_wizard_dynamic_supreme_review.py,1b150b79a973a85f734c4c2ee4cce73e1b86b6f258c4138a98d0ac1b0075b3bb,dff1493c12bbc2abda3925b90cafaebbb456508efd1c67fcbb43aa80a2fd8497,PRESERVED_REVIEW_REQUIRED_NO_PORT,REVIEWED_ATOMIC_PUBLICATION_RETAIN_VISUAL_NO_PORT,Historical review writes text directly and replaces a staged file; selected source uses atomic text and staged promotion. Four-root freeze and source_candidate equal selected active bytes; preserve visual/forensic bytes with no source port.,audit/GATE0_ORCHESTRATION_UNION_OMISSION33_2026-09-30.json;audit/GATE0_ORCHESTRATION_UNION_OMISSION33_2026-09-30.md;audit/verify_gate0_orchestration_omission33.py
src/quant_platform/orchestration/corrective_wizard_ou_v4_failure_attribution.py,258292adede80682b53319a1339a02e3a38e25bd587eb59d95cd4bd48512c3cd,af7b894ab1c75c3869c26e38eca67efd241ad0d429e7a84a7b6daa6bfd24b430,PRESERVED_REVIEW_REQUIRED_NO_PORT,REVIEWED_ATOMIC_PUBLICATION_RETAIN_VISUAL_NO_PORT,Historical failure receipt uses Path.replace; selected source promotes the staged file. Four-root freeze and source_candidate equal selected active bytes; preserve visual/forensic bytes with no source port.,audit/GATE0_ORCHESTRATION_UNION_OMISSION33_2026-09-30.json;audit/GATE0_ORCHESTRATION_UNION_OMISSION33_2026-09-30.md;audit/verify_gate0_orchestration_omission33.py
src/quant_platform/orchestration/corrective_wizard_ou_v4_supreme_review.py,740fdf902b66da9711bae0b254719d4785abc3cc054bd8d6d394b4c55b1777ca,05eb88f5dc80634e643f5a34d5a4633672fda3691b426b1f82134e1471aabe7c,PRESERVED_REVIEW_REQUIRED_NO_PORT,REVIEWED_ATOMIC_PUBLICATION_RETAIN_VISUAL_NO_PORT,Historical supreme review uses direct text and Path.replace; selected source uses atomic text and staged promotion. Four-root freeze and source_candidate equal selected active bytes; preserve visual/forensic bytes with no source port.,audit/GATE0_ORCHESTRATION_UNION_OMISSION33_2026-09-30.json;audit/GATE0_ORCHESTRATION_UNION_OMISSION33_2026-09-30.md;audit/verify_gate0_orchestration_omission33.py
src/quant_platform/orchestration/corrective_wizard_ou_v5_failure_attribution.py,111b8af419fa8e65bd9145ed38709b69cd3c8bdb77c6d113a5b0f6e3fe60864e,28988952519159c8d2803589831a04517b5d462deef61816f07658ea5f6efa63,PRESERVED_REVIEW_REQUIRED_NO_PORT,REVIEWED_ATOMIC_PUBLICATION_RETAIN_VISUAL_NO_PORT,Historical failure receipt uses Path.replace; selected source promotes the staged file. Four-root freeze and source_candidate equal selected active bytes; preserve visual/forensic bytes with no source port.,audit/GATE0_ORCHESTRATION_UNION_OMISSION33_2026-09-30.json;audit/GATE0_ORCHESTRATION_UNION_OMISSION33_2026-09-30.md;audit/verify_gate0_orchestration_omission33.py
src/quant_platform/orchestration/corrective_wizard_ou_v5_supreme_review.py,5b67e4c192b47d1e788c1ec5cb075f7fd07fa07d213fea40879d2ceb004c52bf,65317e5886415f1c6a28f147159028809f2014bf6cc47b01779b19b70f151cc5,PRESERVED_REVIEW_REQUIRED_NO_PORT,REVIEWED_ATOMIC_PUBLICATION_RETAIN_VISUAL_NO_PORT,Historical supreme review uses direct text and Path.replace; selected source uses atomic text and staged promotion. Four-root freeze and source_candidate equal selected active bytes; preserve visual/forensic bytes with no source port.,audit/GATE0_ORCHESTRATION_UNION_OMISSION33_2026-09-30.json;audit/GATE0_ORCHESTRATION_UNION_OMISSION33_2026-09-30.md;audit/verify_gate0_orchestration_omission33.py
src/quant_platform/orchestration/corrective_wizard_ou_v6_supreme_review.py,7cb3d867343a686a8efad67ea10c995576ec79a9393b276225cfd1978ee30cf1,cf5a3bedd77e7d970b8e650a74ca81ef0de9d9e0a4be58f4439c948561ddc51b,PRESERVED_REVIEW_REQUIRED_NO_PORT,REVIEWED_ATOMIC_PUBLICATION_RETAIN_VISUAL_NO_PORT,Historical supreme review uses direct text and Path.replace; selected source uses atomic text and staged promotion. Four-root freeze and source_candidate equal selected active bytes; preserve visual/forensic bytes with no source port.,audit/GATE0_ORCHESTRATION_UNION_OMISSION33_2026-09-30.json;audit/GATE0_ORCHESTRATION_UNION_OMISSION33_2026-09-30.md;audit/verify_gate0_orchestration_omission33.py
src/quant_platform/orchestration/corrective_wizard_unattended_preflight.py,922024391a19832623d86ec9107b8ba34c11aeec6856985973040cbd2f1df015,a1d4b4223074a53bea72be47be0885c90c9a6e5f5ef6ce4047f87aadfdddea78,PRESERVED_REVIEW_REQUIRED_NO_PORT,REVIEWED_ACTIVE_RETAIN_HISTORICAL_NO_PORT,"Historical preflight removes the injectable Wizard key path and exposes raw exception strings; selected source preserves injected credential flow, redacted blockers, and staged publication. Four-root freeze and source_candidate equal selected active bytes; preserve visual/forensic bytes with no source port.",audit/GATE0_ORCHESTRATION_UNION_OMISSION33_2026-09-30.json;audit/GATE0_ORCHESTRATION_UNION_OMISSION33_2026-09-30.md;audit/verify_gate0_orchestration_omission33.py
src/quant_platform/orchestration/current_wizard_hyperliquid_archive_release.py,5c344ac7c785606e444e64cdeb8a44b43d6a99bd2b9f8498267998b0582ddb79,ded1b879c2d0b81581f76af7aaf3f839a3ddc70fe9a09f08e52079b230712ce6,PRESERVED_REVIEW_REQUIRED_NO_PORT,REVIEWED_ATOMIC_PUBLICATION_RETAIN_VISUAL_NO_PORT,Historical release dry-run plan and manifest use direct writes; selected source publishes them atomically. Four-root freeze and source_candidate equal selected active bytes; preserve visual/forensic bytes with no source port.,audit/GATE0_ORCHESTRATION_UNION_OMISSION33_2026-09-30.json;audit/GATE0_ORCHESTRATION_UNION_OMISSION33_2026-09-30.md;audit/verify_gate0_orchestration_omission33.py
src/quant_platform/orchestration/current_wizard_hyperliquid_testnet_protocol.py,b17439819440d93cdceb150817eb0a6b1c941ae5a7c943971d8eb87cd004c2fa,c56f2d7558176bf64a1ed0dad79e632bcb90f680ac3a16af7c13d9b59932a9b0,PRESERVED_REVIEW_REQUIRED_NO_PORT,REVIEWED_ATOMIC_PUBLICATION_RETAIN_VISUAL_NO_PORT,"Historical testnet protocol scenario, transition, validation, and manifest outputs use direct writes; selected source publishes atomically. Four-root freeze and source_candidate equal selected active bytes; preserve visual/forensic bytes with no source port.",audit/GATE0_ORCHESTRATION_UNION_OMISSION33_2026-09-30.json;audit/GATE0_ORCHESTRATION_UNION_OMISSION33_2026-09-30.md;audit/verify_gate0_orchestration_omission33.py
src/quant_platform/orchestration/dynamic_ledger.py,adb2e1666172dddcbc0f1cf1f9884967a9181c6622d00d898d55e5cd520f54f8,475f66cd19f53641f05fc399765345c8019c6d5b01fc3043d8c87d31d2ebd031,PRESERVED_REVIEW_REQUIRED_NO_PORT,REVIEWED_ATOMIC_PUBLICATION_RETAIN_VISUAL_NO_PORT,Historical dynamic event ledger appends directly and uses os.replace; selected source uses atomic append and staged promotion. Four-root freeze and source_candidate equal selected active bytes; preserve visual/forensic bytes with no source port.,audit/GATE0_ORCHESTRATION_UNION_OMISSION33_2026-09-30.json;audit/GATE0_ORCHESTRATION_UNION_OMISSION33_2026-09-30.md;audit/verify_gate0_orchestration_omission33.py
src/quant_platform/orchestration/dynamic_rollout.py,caf14e51731b45f90c4a694d556a1866e1e354433e1aff8ae54fd3b766457290,51412071f3eb14c658b690e46907074cf6dffb8325c73dff892bb13a36644c27,PRESERVED_REVIEW_REQUIRED_NO_PORT,REVIEWED_ATOMIC_PUBLICATION_RETAIN_VISUAL_NO_PORT,Historical rollout reports use direct CSV/text writes; selected source publishes atomically. Four-root freeze and source_candidate equal selected active bytes; preserve visual/forensic bytes with no source port.,audit/GATE0_ORCHESTRATION_UNION_OMISSION33_2026-09-30.json;audit/GATE0_ORCHESTRATION_UNION_OMISSION33_2026-09-30.md;audit/verify_gate0_orchestration_omission33.py
src/quant_platform/orchestration/dynamic_router.py,28257715053041bcfc87a50dbc8d7599fd7f29410804efa110e5d8b0e8f57259,3de589b799c026fa891b354631ccabd5ee44361537445f4c1119a6b5b6c0215e,PRESERVED_REVIEW_REQUIRED_NO_PORT,REVIEWED_ATOMIC_PUBLICATION_RETAIN_VISUAL_NO_PORT,Historical routing plan appends directly to JSONL; selected source uses atomic append. Four-root freeze and source_candidate equal selected active bytes; preserve visual/forensic bytes with no source port.,audit/GATE0_ORCHESTRATION_UNION_OMISSION33_2026-09-30.json;audit/GATE0_ORCHESTRATION_UNION_OMISSION33_2026-09-30.md;audit/verify_gate0_orchestration_omission33.py
src/quant_platform/orchestration/dynamic_supreme_team.py,ee7e4bcb31e73289771c74df1194e4bb9cd064858ce34d9ef6fb71d65434c568,cfc213192c64d901a455a04a6dc06b47e4fcbb3b71f8bbe83357d81c8b01a88c,PRESERVED_REVIEW_REQUIRED_NO_PORT,REVIEWED_ATOMIC_PUBLICATION_RETAIN_VISUAL_NO_PORT,Historical team report uses direct CSV/text writes; selected source publishes atomically. Four-root freeze and source_candidate equal selected active bytes; preserve visual/forensic bytes with no source port.,audit/GATE0_ORCHESTRATION_UNION_OMISSION33_2026-09-30.json;audit/GATE0_ORCHESTRATION_UNION_OMISSION33_2026-09-30.md;audit/verify_gate0_orchestration_omission33.py
src/quant_platform/orchestration/events.py,b4a45342fc79b045148d529cf9ab289444221b972d296b104f43d4daf87ade0b,3ea47c054da9202fa563bbeda176819a8c55e6d1ae4f47237680926c8516a0eb,PRESERVED_REVIEW_REQUIRED_NO_PORT,REVIEWED_ATOMIC_PUBLICATION_RETAIN_VISUAL_NO_PORT,Historical orchestration event log appends directly; selected source uses atomic append. Four-root freeze and source_candidate equal selected active bytes; preserve visual/forensic bytes with no source port.,audit/GATE0_ORCHESTRATION_UNION_OMISSION33_2026-09-30.json;audit/GATE0_ORCHESTRATION_UNION_OMISSION33_2026-09-30.md;audit/verify_gate0_orchestration_omission33.py
src/quant_platform/orchestration/exhaustive_wizard_hyperliquid_concentration.py,753015317df71aa3ed4d9652d858b4172e89b6e6ac1972b9d5bd0ed96f483a92,ff06000dab9edac93d2e1df55a506afaea4a09461137f09e11cdb4abf788330e,PRESERVED_REVIEW_REQUIRED_NO_PORT,REVIEWED_ACTIVE_RETAIN_HISTORICAL_NO_PORT,Historical concentration snapshots use mutable shutil.copy2 and direct reports; selected source uses immutable snapshot copy and atomic reports. Four-root freeze and source_candidate equal selected active bytes; preserve visual/forensic bytes with no source port.,audit/GATE0_ORCHESTRATION_UNION_OMISSION33_2026-09-30.json;audit/GATE0_ORCHESTRATION_UNION_OMISSION33_2026-09-30.md;audit/verify_gate0_orchestration_omission33.py
src/quant_platform/orchestration/exhaustive_wizard_hyperliquid_learning.py,f128a4e5e7a65e5218cbdb2739d354e8f11d1ff8fe08244803debf969abc67b3,5ee616e8e5de56fd7b10169ba9d7cea105ab405a7ee0d0d1b6e0dfbc792d811e,PRESERVED_REVIEW_REQUIRED_NO_PORT,REVIEWED_ACTIVE_RETAIN_HISTORICAL_NO_PORT,Historical learning inputs use mutable shutil.copy2 and direct outputs; selected source uses immutable snapshot copy and atomic reports. Four-root freeze and source_candidate equal selected active bytes; preserve visual/forensic bytes with no source port.,audit/GATE0_ORCHESTRATION_UNION_OMISSION33_2026-09-30.json;audit/GATE0_ORCHESTRATION_UNION_OMISSION33_2026-09-30.md;audit/verify_gate0_orchestration_omission33.py
src/quant_platform/orchestration/hyperliquid_learning_and_risk.py,5c9237d3ee0d46b33169f993c062f5815b97598afef4840bef7a8ad36eb34191,bbf9a06f55c1ef4364638c1b22090debc71608f883b1ae29b04cfb7c934357e3,PRESERVED_REVIEW_REQUIRED_NO_PORT,REVIEWED_ATOMIC_PUBLICATION_RETAIN_VISUAL_NO_PORT,Historical risk and testnet lifecycle reports use direct writes/replacement; selected source uses atomic text and staged promotion. Four-root freeze and source_candidate equal selected active bytes; preserve visual/forensic bytes with no source port.,audit/GATE0_ORCHESTRATION_UNION_OMISSION33_2026-09-30.json;audit/GATE0_ORCHESTRATION_UNION_OMISSION33_2026-09-30.md;audit/verify_gate0_orchestration_omission33.py
src/quant_platform/orchestration/reporting.py,752c7fe8cf6d45486991a8267ea04adff468da53294cab37e40e8ed0ff4a658e,d55594bc83be423f0512b6843da4107e36a6224562067ea8a2c61da992396016,PRESERVED_REVIEW_REQUIRED_NO_PORT,REVIEWED_ATOMIC_PUBLICATION_RETAIN_VISUAL_NO_PORT,Historical status reports use direct CSV/text writes; selected source publishes atomically. Four-root freeze and source_candidate equal selected active bytes; preserve visual/forensic bytes with no source port.,audit/GATE0_ORCHESTRATION_UNION_OMISSION33_2026-09-30.json;audit/GATE0_ORCHESTRATION_UNION_OMISSION33_2026-09-30.md;audit/verify_gate0_orchestration_omission33.py
src/quant_platform/orchestration/wizard_pair_detail_api_pilot.py,08278660c779c5a6c69887cd6b149870658d54827c91b006d0b59f546bbccf0e,56e18f95f7abc34e7b005ad76f04fea2b850fb55340e2d00d8c9108fc7dd9efa,PRESERVED_REVIEW_REQUIRED_NO_PORT,REVIEWED_ACTIVE_RETAIN_HISTORICAL_NO_PORT,"Historical pilot uses direct requests.get, raw exception text, and direct evidence writes; selected source uses bounded shared fetch, credential redaction, and atomic publication. Four-root freeze and source_candidate equal selected active bytes; preserve visual/forensic bytes with no source port.",audit/GATE0_ORCHESTRATION_UNION_OMISSION33_2026-09-30.json;audit/GATE0_ORCHESTRATION_UNION_OMISSION33_2026-09-30.md;audit/verify_gate0_orchestration_omission33.py
