entry_type,relative_path,review_state,suggested_custody_status,selected_sha256,local_runtime_sha256,forensic_variant_sha256,visual_recovery_variant_sha256,source_candidate_sha256,active_direct_reference_count_at_base,blocking_condition,decision_rationale,port_commit_ids
QUEUE_PATH,src/quant_platform/copula_desk/__init__.py,REVIEWED_NO_PORT,REVIEWED_RETAIN_NO_PORT,,b34bb2250a7f8d573524f7d1754745774b535b43e097b2e54ffff7d80152001a,,,b34bb2250a7f8d573524f7d1754745774b535b43e097b2e54ffff7d80152001a,0,,Runtime-only unadopted research module with no active importer.,
QUEUE_PATH,src/quant_platform/copula_desk/signal_path.py,PENDING_DEFERRED,PRESERVED_REVIEW_REQUIRED_OFFLINE_COMPONENT,,5a72e617de7f9eabbdfdc9f46cc51f3036185494c4bc2879b5a0bd6f4299f72c,,,5a72e617de7f9eabbdfdc9f46cc51f3036185494c4bc2879b5a0bd6f4299f72c,0,no active importer or direct component tests,Offline research signals depend on static desk cohort or active math/economic helpers; no active importer or direct component tests.,
QUEUE_PATH,src/quant_platform/dynamic_desk/__init__.py,REVIEWED_NO_PORT,REVIEWED_RETAIN_NO_PORT,,8e40bee7dba39f99023a715682a2fb3558f532f1de845bc921ce3a1662e7f0ac,,,8e40bee7dba39f99023a715682a2fb3558f532f1de845bc921ce3a1662e7f0ac,0,,Runtime-only unadopted research module with no active importer.,
QUEUE_PATH,src/quant_platform/dynamic_desk/signal_path.py,PENDING_DEFERRED,PRESERVED_REVIEW_REQUIRED_OFFLINE_COMPONENT,,0c07a027e8c882f863213d0753cafd1b618a29130fcc2bcee864dec0c9e62ed1,,,0c07a027e8c882f863213d0753cafd1b618a29130fcc2bcee864dec0c9e62ed1,0,no active importer or direct component tests,Offline research signals depend on static desk cohort or active math/economic helpers; no active importer or direct component tests.,
QUEUE_PATH,src/quant_platform/rl/base_rl_lane.py,REVIEWED_SELECTIVE_PORT,REVIEWED_SELECTIVE_RL_FAIL_CLOSED_PORT,c63323acaba3b32737b8d4d83091ea06edac8e3849f98264202820ba99003741,dc81d34dbbf2978cce8aa63b1e0b13045ace9cf08d82cc448d3f78524bb39dbb,d441889749b201b44c2ad9f546275239eab8755c6013783c6aeb320f7cee3acc,069b09880d994cd4bced1c315f852cdbbe07cadc2b50ad5caaa41bb011b1c07c,dc81d34dbbf2978cce8aa63b1e0b13045ace9cf08d82cc448d3f78524bb39dbb,3,,"Visual copy has unsafe truth coercions for paper, model, pair and readiness gates and ordinary output writes. Selected candidate parses persisted booleans strictly, fails closed on missing preflight ready, and retains atomic writes.",70d7edab06f760ec596b56d3a21721f3d76611fa
QUEUE_PATH,src/quant_platform/rl/brain_contract.py,REVIEWED_SELECTIVE_PORT,REVIEWED_SELECTIVE_RL_FAIL_CLOSED_PORT,1c9922d397331611a6e5b6baf0886065866dfee98684e79cc7531ae96ce5a723,de963b7624cea1b3557776bfdacc4e534e8b7904fdda1c20703f91cf5f13cdd2,5717ae0abcd7bb584d8417f6f6b8be7576bb96711a08bd1556042a9d65f4c45e,f22b1136cf29dee7546e28bf63221f531b13c962ef7d3b89fda597cdd5c1f700,de963b7624cea1b3557776bfdacc4e534e8b7904fdda1c20703f91cf5f13cdd2,7,,Visual copy treats nonempty outcome_known False as true and uses unsafe paper/native/overall readiness coercions. Selected candidate has strict gate parsing and atomic writes.,70d7edab06f760ec596b56d3a21721f3d76611fa
QUEUE_PATH,src/quant_platform/rl/quantization.py,REVIEWED_SELECTIVE_PORT,REVIEWED_SELECTIVE_RL_FAIL_CLOSED_PORT,fcdcd4214a6ab11afc9dd0540c61d662a3099b95d096d915c159cb7a547ea7d4,5ff913c787dc2b9f4400c40250617ab799e0d5ed0ce75f2aa44a15e40f5e5f9d,02f633736bc8181023a0940b705b9df14bee76f422d6327ca8d418d21633c379,86f18a43694957f9cef5b8d4fc2182322aa116777e5607869ecc949569e55cf8,5ff913c787dc2b9f4400c40250617ab799e0d5ed0ce75f2aa44a15e40f5e5f9d,2,,Visual copy can treat persisted accepted False as true and uses ordinary report writes. Selected candidate parses acceptance strictly and retains atomic writes.,70d7edab06f760ec596b56d3a21721f3d76611fa
QUEUE_PATH,src/quant_platform/rl/rl_acceptance.py,REVIEWED_SELECTIVE_PORT,REVIEWED_SELECTIVE_RL_FAIL_CLOSED_PORT,27eeb01e320429ca47c3dac63e535a33b4f628e1d3febc54723b1d01aa420131,27eeb01e320429ca47c3dac63e535a33b4f628e1d3febc54723b1d01aa420131,12be6924963b5a5934f33425f955436839a248fcf0e42a72f5b33fc743eff21a,,27eeb01e320429ca47c3dac63e535a33b4f628e1d3febc54723b1d01aa420131,5,,Preserved exact four-row identity/calendar-equity validation prevents active trade-sequence false qualification.,1c39119e06c0fba3e32af2a75e6ea0ec14e05972
QUEUE_PATH,src/quant_platform/rl/rl_backtest.py,REVIEWED_SELECTIVE_PORT,REVIEWED_SELECTIVE_RL_FAIL_CLOSED_PORT,b5d7cfc29841e42b3155470c386b9a21994795c40ac3e8b2eb1dcee066f55417,b6ef1ad5303c61294817243bc8320f9428071e1f9304a8c01538b8f913b33877,ead88db6ee183d07807b9f24dc25fb3740cf25f966f638cb25b3c61a76759d52,6530595be7593a76a18917a15971d22fef8b15cf13c6c7d976c224e8e3b1a1d1,b6ef1ad5303c61294817243bc8320f9428071e1f9304a8c01538b8f913b33877,8,,"Visual copy zero-fills invalid outcomes, uses unsafe global_label_purge coercion, recomputes zscore strength cap from evaluation rows, and uses ordinary writes. Selected source retains no-zero-fill and atomic writes, parses purge strictly, and freezes the strength cap in policy calibration.",1c39119e06c0fba3e32af2a75e6ea0ec14e05972;70d7edab06f760ec596b56d3a21721f3d76611fa;f74611f15250de9bcecf938db34e5ea5bebec29a
QUEUE_PATH,src/quant_platform/rl/rl_idea_engine.py,REVIEWED_SELECTIVE_PORT,REVIEWED_SELECTIVE_RL_FAIL_CLOSED_PORT,f4ad7a7be420b4a31511d1112a75eecacfcdd23283060e862411deb14204a879,d9a29a466560368b29cb0b5276dcf42ba470d058ca4a976b1e1d2a55a523f589,6c19d2bf17be4299ae96dd1f5f47497a12dc574e3b2a64154cf5e508ca914bf9,0113e730d620facbb9099b4b798ddf5186a10bf0adabb277ed1207383be8838f,d9a29a466560368b29cb0b5276dcf42ba470d058ca4a976b1e1d2a55a523f589,3,,"Visual copy ranks realized outcomes and labels ideas candidate. Selected candidate requires finite out-of-sample prediction with explicit provenance, ranks forward scores, labels hypothesis_only, and retains atomic writes.",70d7edab06f760ec596b56d3a21721f3d76611fa
QUEUE_PATH,src/quant_platform/rl/rl_learning_agent.py,REVIEWED_SELECTIVE_PORT,REVIEWED_SELECTIVE_RL_FAIL_CLOSED_PORT,e5c4c0c346aa1e24d22ffb55b989fdb9db5e80ff82ab7628b0c14064e2af6447,82c7939a968f28b047149ddff7ea6748a29ad00b07efda88b6d3b4580d057cf0,7fc8760edce6b8930d4132dccd8e44bd4c6d6ee1e84e8dbd13a0ad3b894375ea,20c7893a8512581de9e608a40039c1e2d04893202dfbd1478d6f0369455b2cc1,82c7939a968f28b047149ddff7ea6748a29ad00b07efda88b6d3b4580d057cf0,8,,"Visual copy zero-fills invalid outcomes, lacks qualified calendar metric checks, uses unsafe eligibility coercion, and ordinary writes. Selected source retains qualified no-zero-fill gates, strict eligibility, and atomic writes.",1c39119e06c0fba3e32af2a75e6ea0ec14e05972;70d7edab06f760ec596b56d3a21721f3d76611fa
QUEUE_PATH,src/quant_platform/rl/rl_strategy_selector.py,REVIEWED_SELECTIVE_PORT,REVIEWED_SELECTIVE_RL_FAIL_CLOSED_PORT,bf50d15ca0c146f48db7bbc2129463f7bb936b18183f910b084690598e858a5a,849778666ac4ecaaccd8801e3e37718590aef971bc9e7b58642a1cd9386f1a68,83e259440a0514b8d741b516d62598762ab1f0d03e56e0588264ec6382514d9d,,849778666ac4ecaaccd8801e3e37718590aef971bc9e7b58642a1cd9386f1a68,0,,No distinct visual copy exists. Source-candidate equals frozen baseline; forensic_b accepted-filter issue is handled by strict_bool in selected candidate.,70d7edab06f760ec596b56d3a21721f3d76611fa
QUEUE_PATH,src/quant_platform/static_desk/__init__.py,REVIEWED_NO_PORT,REVIEWED_RETAIN_NO_PORT,,2ab3bc126cec458bfd45729e5760acb683cccdafcbb97189372a9b39b8f5b7b2,,,2ab3bc126cec458bfd45729e5760acb683cccdafcbb97189372a9b39b8f5b7b2,0,,Runtime-only unadopted research module with no active importer.,
QUEUE_PATH,src/quant_platform/static_desk/accounting.py,REVIEWED_NO_PORT,REVIEWED_RETAIN_NO_PORT,,55d27f42ccb2048d1a213a5e3280b8d658b3b5c61eee46d6c11d6000f457d13d,,,55d27f42ccb2048d1a213a5e3280b8d658b3b5c61eee46d6c11d6000f457d13d,0,,Runtime-only unadopted research module with no active importer.,
QUEUE_PATH,src/quant_platform/static_desk/controls.py,REVIEWED_NO_PORT,REVIEWED_RETAIN_NO_PORT,,dbfba1e9592cda0beca03ff78fa3bb5cf53f96e0ecd337e3e0bc6eb18371fd99,,,dbfba1e9592cda0beca03ff78fa3bb5cf53f96e0ecd337e3e0bc6eb18371fd99,0,,Runtime-only unadopted research module with no active importer.,
QUEUE_PATH,src/quant_platform/static_desk/profile.py,PENDING_BLOCKED,PRESERVED_REVIEW_REQUIRED_DEPENDENCY_BLOCKED,,9e6c4616e3f21f63270938ab4c9561fda7b695a62a5bca811b892c4db2bf058e,,,9e6c4616e3f21f63270938ab4c9561fda7b695a62a5bca811b892c4db2bf058e,0,missing institutional_risk or quant_platform.tooling.math_validation dependency,Imports absent institutional_risk and unadopted runtime.,
QUEUE_PATH,src/quant_platform/static_desk/profile_data.py,PENDING_BLOCKED,PRESERVED_REVIEW_REQUIRED_DEPENDENCY_BLOCKED,,301e826b34aa93358ef97e83fc0f85d1006453eec1dc68a734874478788f8c47,,,301e826b34aa93358ef97e83fc0f85d1006453eec1dc68a734874478788f8c47,0,missing institutional_risk or quant_platform.tooling.math_validation dependency,Depends on unadopted profile; research inputs deny paper/execution eligibility.,
QUEUE_PATH,src/quant_platform/static_desk/risk_link.py,PENDING_BLOCKED,PRESERVED_REVIEW_REQUIRED_DEPENDENCY_BLOCKED,,a1f89a747f617cd67051c342edee3f43e6fdd69475b2e882294de5ed4855137c,,,a1f89a747f617cd67051c342edee3f43e6fdd69475b2e882294de5ed4855137c,0,missing institutional_risk or quant_platform.tooling.math_validation dependency,Imports absent institutional_risk with no active risk binding.,
QUEUE_PATH,src/quant_platform/static_desk/runtime.py,PENDING_BLOCKED,PRESERVED_REVIEW_REQUIRED_DEPENDENCY_BLOCKED,,32f216dae847e0a3c7d08c26c47e11ec0281ac70c25d82ccafd277d365f1b1dc,,,32f216dae847e0a3c7d08c26c47e11ec0281ac70c25d82ccafd277d365f1b1dc,0,missing institutional_risk or quant_platform.tooling.math_validation dependency,Imports absent institutional_risk and all three unadopted desks.,
QUEUE_PATH,src/quant_platform/static_desk/signal_path.py,PENDING_DEFERRED,PRESERVED_REVIEW_REQUIRED_OFFLINE_COMPONENT,,f17d9ff4445d85ca327b08e0f7554fb821c5809ea4ebc190484f2c7d2b7f51b6,,,f17d9ff4445d85ca327b08e0f7554fb821c5809ea4ebc190484f2c7d2b7f51b6,0,no active importer or direct component tests,Offline research signals depend on static desk cohort or active math/economic helpers; no active importer or direct component tests.,
QUEUE_PATH,tests/test_rl_brain_contract.py,REVIEWED_NO_PORT,REVIEWED_RETAIN_NO_PORT,ae0b733e652aa56fdc4cad808e89c4fae52aed62239a14fcffc5f36124227bdd,ae0b733e652aa56fdc4cad808e89c4fae52aed62239a14fcffc5f36124227bdd,7a5f4c0120779f28ac1ee9d4d62ad4388370ba93926b44b04b3ca8567eea7f23,,ae0b733e652aa56fdc4cad808e89c4fae52aed62239a14fcffc5f36124227bdd,0,,Active equals LocalRuntime; older forensic variant retained without port.,
QUEUE_PATH,tests/test_static_desk_ecm_repairs.py,REVIEWED_EXACT_PORT,REVIEWED_EXACT_RUNTIME_ECM_TEST_PORT,efba8cf0be0c34d4e404c712a6fdd9f3557c3e80d24d5efacd3e5ebb97d70550,efba8cf0be0c34d4e404c712a6fdd9f3557c3e80d24d5efacd3e5ebb97d70550,,,efba8cf0be0c34d4e404c712a6fdd9f3557c3e80d24d5efacd3e5ebb97d70550,0,,Already exact-ported from LocalRuntime.,preexisting_selected
QUEUE_PATH,tests/test_static_desk_learning_consumer.py,REVIEWED_EXACT_PORT,REVIEWED_EXACT_RUNTIME_RL_TEST_PORT,ad30b6cfd356222f8f0d3d3acfb3e817e525db77ebf0cb4e8ad8583c7423dac1,ad30b6cfd356222f8f0d3d3acfb3e817e525db77ebf0cb4e8ad8583c7423dac1,,,ad30b6cfd356222f8f0d3d3acfb3e817e525db77ebf0cb4e8ad8583c7423dac1,0,,AST-isolated RL learning consumer checks no zero-fill and qualified metrics.,1c39119e06c0fba3e32af2a75e6ea0ec14e05972
QUEUE_PATH,tests/test_static_desk_learning_repairs.py,REVIEWED_EXACT_PORT,REVIEWED_EXACT_RUNTIME_RL_TEST_PORT,ba9deef828a99f1e4d13b7316b586c56c12a5fd9922b56ce9d2893b4e1f8be01,ba9deef828a99f1e4d13b7316b586c56c12a5fd9922b56ce9d2893b4e1f8be01,,,ba9deef828a99f1e4d13b7316b586c56c12a5fd9922b56ce9d2893b4e1f8be01,0,,"Pure acceptance checks calendar equity, identities and comparison.",1c39119e06c0fba3e32af2a75e6ea0ec14e05972
QUEUE_PATH,tests/test_static_desk_math_adapter.py,PENDING_BLOCKED,PRESERVED_REVIEW_REQUIRED_DEPENDENCY_BLOCKED,,c04d54d9f6ed5542668138b9862557dcab0cb50e35d1740aa5dedf6659ff1b74,,,c04d54d9f6ed5542668138b9862557dcab0cb50e35d1740aa5dedf6659ff1b74,0,missing institutional_risk or quant_platform.tooling.math_validation dependency,Imports absent quant_platform.tooling.math_validation.,
QUEUE_PATH,tests/test_static_desk_rl_consumer_repairs.py,REVIEWED_EXACT_PORT,REVIEWED_EXACT_RUNTIME_RL_TEST_PORT,f3e8d14d1cc6fa2ea8aa24f3824d0cb4d1ed2e721f137c6c6d7ea37979ea1b04,f3e8d14d1cc6fa2ea8aa24f3824d0cb4d1ed2e721f137c6c6d7ea37979ea1b04,,,f3e8d14d1cc6fa2ea8aa24f3824d0cb4d1ed2e721f137c6c6d7ea37979ea1b04,0,,AST-isolated backtest/acceptance checks no zero-fill and legacy unqualification.,1c39119e06c0fba3e32af2a75e6ea0ec14e05972
QUEUE_PATH,tests/test_static_desk_signal_repairs.py,REVIEWED_EXACT_PORT,REVIEWED_EXACT_RUNTIME_SIGNAL_TEST_PORT,7d3e7e527e445898a3b5fdd91e25cc07579b2bee53e6047d85bf94c3268d838c,7d3e7e527e445898a3b5fdd91e25cc07579b2bee53e6047d85bf94c3268d838c,,,7d3e7e527e445898a3b5fdd91e25cc07579b2bee53e6047d85bf94c3268d838c,0,,"Tests active economic_contract/backtest, not preserved desk modules.",70d7edab06f760ec596b56d3a21721f3d76611fa
VISUAL_VARIANT_ADDENDUM,src/quant_platform/rl/brain_cycle.py,REVIEWED_NO_PORT,REVIEWED_ATOMIC_PUBLICATION_RETAIN_VISUAL_NO_PORT,dc598b15796331cf3360e09b63a5658a128b90f0bfb3e56f19b74419498ba6d6,dc598b15796331cf3360e09b63a5658a128b90f0bfb3e56f19b74419498ba6d6,,9e353e9a8c74b65bf386f4282aed303f4ff8a3dc0c0c614a1c3fcc63a6a54952,dc598b15796331cf3360e09b63a5658a128b90f0bfb3e56f19b74419498ba6d6,,,Visual difference is ordinary CSV writes. Selected atomic writes preserve the same brain-cycle calculations.,
VISUAL_VARIANT_ADDENDUM,src/quant_platform/rl/features.py,REVIEWED_NO_PORT,REVIEWED_ATOMIC_PUBLICATION_RETAIN_VISUAL_NO_PORT,ef3e39f0776589546aa3d5766a726e158e7831f08803e353198212d3d11caa7f,ef3e39f0776589546aa3d5766a726e158e7831f08803e353198212d3d11caa7f,,017f19a4e4ab68487b1b0af36a094ec0a3ef61e8ba33f0854574e2b18204d0f4,ef3e39f0776589546aa3d5766a726e158e7831f08803e353198212d3d11caa7f,,,Visual difference is ordinary feature-schema text write. Selected atomic write preserves the same schema payload.,
VISUAL_VARIANT_ADDENDUM,src/quant_platform/rl/train_ppo.py,REVIEWED_NO_PORT,REVIEWED_ATOMIC_PUBLICATION_RETAIN_VISUAL_NO_PORT,141db3a2fb677940987e09afb19972eed65837a702ca90104203eca1bcc97cf3,141db3a2fb677940987e09afb19972eed65837a702ca90104203eca1bcc97cf3,,840b5325e532911ca2b91b5fa35c204e9f8e0f43445b3d232ade89d80a632050,141db3a2fb677940987e09afb19972eed65837a702ca90104203eca1bcc97cf3,,,Visual difference is ordinary dependency-report write. Selected atomic write preserves the same no-live-authority report.,
VISUAL_VARIANT_ADDENDUM,tests/test_orchestration_rl.py,REVIEWED_SELECTIVE_PORT,REVIEWED_SELECTIVE_FORENSIC_TEST_PORT,e3919ccd239980e37ec238d9dc10e9752cd6df7fa5a9b6c57358e7ff21268281,40ff6bf8b4c40be21b4a13e01a294eb2152ab152726f46336671c953ffe608cd,24c60e72ab21ce0e4d7267f0274087ed4b169cf3c461b295139402193683e9be,a2077b4af3593c2cf73c046a2bb4fd8c5607d02b33e95f520fdf8d0969c97183,8a63d69fb5279b6a5f63aeb4e034b4906d834d4bca7146aa33291430dd78d501,,,"Visual copy has old root-dependent agent-stage assertions and old RL acceptance expectation. Forensic_b separately supplies the exact forward-only strength-cap regression, copied verbatim into selected tests; selected forward OOS and report-only tests remain.",70d7edab06f760ec596b56d3a21721f3d76611fa;f74611f15250de9bcecf938db34e5ea5bebec29a
