relative_path,decision,rationale,custody_evidence
scripts/schedule_logs/three_hour_schedule_20260630_004728.log,RETAIN_HISTORICAL_LOG_NO_PORT,Scheduler output log; not executable source. Original bytes are in the dated Mac internal savepoint.,Exact savepoint/reconciliation SHA-256 match; Git ignored
scripts/schedule_logs/three_hour_schedule_20260630_004740.log,RETAIN_HISTORICAL_LOG_NO_PORT,Scheduler output log; not executable source. Original bytes are in the dated Mac internal savepoint.,Exact savepoint/reconciliation SHA-256 match; Git ignored
scripts/schedule_logs/three_hour_schedule_20260630_010218.log,RETAIN_HISTORICAL_LOG_NO_PORT,Scheduler output log; not executable source. Original bytes are in the dated Mac internal savepoint.,Exact savepoint/reconciliation SHA-256 match; Git ignored
scripts/schedule_logs/three_hour_schedule_20260630_010235.log,RETAIN_HISTORICAL_LOG_NO_PORT,Scheduler output log; not executable source. Original bytes are in the dated Mac internal savepoint.,Exact savepoint/reconciliation SHA-256 match; Git ignored
scripts/schedule_logs/three_hour_schedule_20260630_010248.log,RETAIN_HISTORICAL_LOG_NO_PORT,Scheduler output log; not executable source. Original bytes are in the dated Mac internal savepoint.,Exact savepoint/reconciliation SHA-256 match; Git ignored
scripts/schedule_logs/three_hour_schedule_20260630_010351.log,RETAIN_HISTORICAL_LOG_NO_PORT,Scheduler output log; not executable source. Original bytes are in the dated Mac internal savepoint.,Exact savepoint/reconciliation SHA-256 match; Git ignored
scripts/schedule_logs/three_hour_schedule_20260630_010412.log,RETAIN_HISTORICAL_LOG_NO_PORT,Scheduler output log; not executable source. Original bytes are in the dated Mac internal savepoint.,Exact savepoint/reconciliation SHA-256 match; Git ignored
scripts/schedule_logs/three_hour_schedule_20260630_010448.log,RETAIN_HISTORICAL_LOG_NO_PORT,Scheduler output log; not executable source. Original bytes are in the dated Mac internal savepoint.,Exact savepoint/reconciliation SHA-256 match; Git ignored
scripts/schedule_logs/three_hour_schedule_20260630_012443.log,RETAIN_HISTORICAL_LOG_NO_PORT,Scheduler output log; not executable source. Original bytes are in the dated Mac internal savepoint.,Exact savepoint/reconciliation SHA-256 match; Git ignored
scripts/schedule_logs/three_hour_schedule_20260630_012446.log,RETAIN_HISTORICAL_LOG_NO_PORT,Scheduler output log; not executable source. Original bytes are in the dated Mac internal savepoint.,Exact savepoint/reconciliation SHA-256 match; Git ignored
scripts/schedule_logs/three_hour_schedule_20260630_012504.log,RETAIN_HISTORICAL_LOG_NO_PORT,Scheduler output log; not executable source. Original bytes are in the dated Mac internal savepoint.,Exact savepoint/reconciliation SHA-256 match; Git ignored
scripts/schedule_logs/three_hour_schedule_20260630_012553.log,RETAIN_HISTORICAL_LOG_NO_PORT,Scheduler output log; not executable source. Original bytes are in the dated Mac internal savepoint.,Exact savepoint/reconciliation SHA-256 match; Git ignored
scripts/schedule_logs/three_hour_schedule_20260630_012558.log,RETAIN_HISTORICAL_LOG_NO_PORT,Scheduler output log; not executable source. Original bytes are in the dated Mac internal savepoint.,Exact savepoint/reconciliation SHA-256 match; Git ignored
scripts/schedule_logs/three_hour_schedule_20260630_012605.log,RETAIN_HISTORICAL_LOG_NO_PORT,Scheduler output log; not executable source. Original bytes are in the dated Mac internal savepoint.,Exact savepoint/reconciliation SHA-256 match; Git ignored
scripts/schedule_logs/three_hour_schedule_20260630_185717.log,RETAIN_HISTORICAL_LOG_NO_PORT,Scheduler output log; not executable source. Original bytes are in the dated Mac internal savepoint.,Exact savepoint/reconciliation SHA-256 match; Git ignored
src/quantized_stat_arb_platform.egg-info/PKG-INFO,GENERATED_PACKAGE_METADATA_NO_PORT,Ignored generated package metadata. Dependency decisions remain in pyproject.toml and uv.lock.,Exact savepoint/reconciliation SHA-256 match; Git ignored
src/quantized_stat_arb_platform.egg-info/SOURCES.txt,GENERATED_PACKAGE_METADATA_NO_PORT,Ignored generated package metadata. Dependency decisions remain in pyproject.toml and uv.lock.,Exact savepoint/reconciliation SHA-256 match; Git ignored
src/quantized_stat_arb_platform.egg-info/requires.txt,GENERATED_PACKAGE_METADATA_NO_PORT,Ignored generated package metadata. Dependency decisions remain in pyproject.toml and uv.lock.,Exact savepoint/reconciliation SHA-256 match; Git ignored
