root_label,relative_path,absolute_path,size_bytes,mtime_ns,sha256,status,in_initial_four_root_freeze
forensic_b,config/corrective_artifact_retention.json,/Volumes/Expansion/TheWizForensic-20260819b/config/corrective_artifact_retention.json,1144,1787185199950000000,45c32dfe8207e277a0e449511a994b727ab5d08c14c0df7976aee9ed5bae66db,hashed,False
visual_recovery,config/corrective_artifact_retention.json,/Users/gregc/.codex/visualizations/2026/06/22/019eed4d-31bc-7c63-9c9f-62ff25e68be8/TheWiz-recovery-working/config/corrective_artifact_retention.json,1144,1786934485000000000,45c32dfe8207e277a0e449511a994b727ab5d08c14c0df7976aee9ed5bae66db,hashed,False
forensic_b,src/quant_platform/api_extraction.py,/Volumes/Expansion/TheWizForensic-20260819b/src/quant_platform/api_extraction.py,7047,1787185203640000000,69c55df1ae16bc77249825efff92c998465d048074aa7393f9785da0bda02794,hashed,False
visual_recovery,src/quant_platform/api_extraction.py,/Users/gregc/.codex/visualizations/2026/06/22/019eed4d-31bc-7c63-9c9f-62ff25e68be8/TheWiz-recovery-working/src/quant_platform/api_extraction.py,7047,1786934485000000000,69c55df1ae16bc77249825efff92c998465d048074aa7393f9785da0bda02794,hashed,False
forensic_b,src/quant_platform/binance_spot.py,/Volumes/Expansion/TheWizForensic-20260819b/src/quant_platform/binance_spot.py,18441,1787185203640000000,766f5a63c5f58a08a8e114b4cb7e5f42ab40264b9d01c60896951e8270db89b1,hashed,False
visual_recovery,src/quant_platform/binance_spot.py,/Users/gregc/.codex/visualizations/2026/06/22/019eed4d-31bc-7c63-9c9f-62ff25e68be8/TheWiz-recovery-working/src/quant_platform/binance_spot.py,18441,1786934485000000000,766f5a63c5f58a08a8e114b4cb7e5f42ab40264b9d01c60896951e8270db89b1,hashed,False
forensic_b,src/quant_platform/crypto_wizards_catalog.py,/Volumes/Expansion/TheWizForensic-20260819b/src/quant_platform/crypto_wizards_catalog.py,4341,1787185203640000000,a60692c62534cf8fd05a41477b2abaa36b22a775af5770629daad8ec173d45a4,hashed,False
visual_recovery,src/quant_platform/crypto_wizards_catalog.py,/Users/gregc/.codex/visualizations/2026/06/22/019eed4d-31bc-7c63-9c9f-62ff25e68be8/TheWiz-recovery-working/src/quant_platform/crypto_wizards_catalog.py,4341,1786934485000000000,a60692c62534cf8fd05a41477b2abaa36b22a775af5770629daad8ec173d45a4,hashed,False
forensic_b,src/quant_platform/fixture_ingestion.py,/Volumes/Expansion/TheWizForensic-20260819b/src/quant_platform/fixture_ingestion.py,12965,1787185203660000000,e5828aec6d760222af6e792d62b29f491b57df56411f507254925939b420d4e4,hashed,False
visual_recovery,src/quant_platform/fixture_ingestion.py,/Users/gregc/.codex/visualizations/2026/06/22/019eed4d-31bc-7c63-9c9f-62ff25e68be8/TheWiz-recovery-working/src/quant_platform/fixture_ingestion.py,12965,1786934485000000000,e5828aec6d760222af6e792d62b29f491b57df56411f507254925939b420d4e4,hashed,False
forensic_b,src/quant_platform/orchestration/copula_shadow_comparison.py,/Volumes/Expansion/TheWizForensic-20260819b/src/quant_platform/orchestration/copula_shadow_comparison.py,6608,1787185203700000000,ad63349b99523a1e57fe5b08db86a8de5edd52599238cbd62c35a7cba8aed72d,hashed,False
visual_recovery,src/quant_platform/orchestration/copula_shadow_comparison.py,/Users/gregc/.codex/visualizations/2026/06/22/019eed4d-31bc-7c63-9c9f-62ff25e68be8/TheWiz-recovery-working/src/quant_platform/orchestration/copula_shadow_comparison.py,6608,1786934485000000000,ad63349b99523a1e57fe5b08db86a8de5edd52599238cbd62c35a7cba8aed72d,hashed,False
forensic_b,src/quant_platform/orchestration/corrective_artifact_retention.py,/Volumes/Expansion/TheWizForensic-20260819b/src/quant_platform/orchestration/corrective_artifact_retention.py,10561,1787185203710000000,6d2fb9e5e78fee17dc8f05f36512ae28f8d8d4a1cb9efb67684108f7534e1632,hashed,False
visual_recovery,src/quant_platform/orchestration/corrective_artifact_retention.py,/Users/gregc/.codex/visualizations/2026/06/22/019eed4d-31bc-7c63-9c9f-62ff25e68be8/TheWiz-recovery-working/src/quant_platform/orchestration/corrective_artifact_retention.py,10561,1786934485000000000,6d2fb9e5e78fee17dc8f05f36512ae28f8d8d4a1cb9efb67684108f7534e1632,hashed,False
forensic_b,src/quant_platform/orchestration/corrective_live_canary.py,/Volumes/Expansion/TheWizForensic-20260819b/src/quant_platform/orchestration/corrective_live_canary.py,44301,1787185203740000000,a53c3576874b90a395c153339d988368b809cca5fe34716d4b5016afee32484a,hashed,False
visual_recovery,src/quant_platform/orchestration/corrective_live_canary.py,/Users/gregc/.codex/visualizations/2026/06/22/019eed4d-31bc-7c63-9c9f-62ff25e68be8/TheWiz-recovery-working/src/quant_platform/orchestration/corrective_live_canary.py,44301,1786934485000000000,a53c3576874b90a395c153339d988368b809cca5fe34716d4b5016afee32484a,hashed,False
forensic_b,src/quant_platform/orchestration/corrective_live_canary_outcome.py,/Volumes/Expansion/TheWizForensic-20260819b/src/quant_platform/orchestration/corrective_live_canary_outcome.py,20254,1787185203740000000,6f1fec979f7104dd80d89177b7fb1e5c30341ce5cd049bde628137838ab4c44e,hashed,False
visual_recovery,src/quant_platform/orchestration/corrective_live_canary_outcome.py,/Users/gregc/.codex/visualizations/2026/06/22/019eed4d-31bc-7c63-9c9f-62ff25e68be8/TheWiz-recovery-working/src/quant_platform/orchestration/corrective_live_canary_outcome.py,20254,1786934485000000000,6f1fec979f7104dd80d89177b7fb1e5c30341ce5cd049bde628137838ab4c44e,hashed,False
forensic_b,src/quant_platform/orchestration/corrective_registered_learning_protocol.py,/Volumes/Expansion/TheWizForensic-20260819b/src/quant_platform/orchestration/corrective_registered_learning_protocol.py,13642,1787185203750000000,b569e62c1e06ab50dd23a000edf88c190527d4cff87ef24be36cf7d8e19039ea,hashed,False
visual_recovery,src/quant_platform/orchestration/corrective_registered_learning_protocol.py,/Users/gregc/.codex/visualizations/2026/06/22/019eed4d-31bc-7c63-9c9f-62ff25e68be8/TheWiz-recovery-working/src/quant_platform/orchestration/corrective_registered_learning_protocol.py,13642,1786934485000000000,b569e62c1e06ab50dd23a000edf88c190527d4cff87ef24be36cf7d8e19039ea,hashed,False
forensic_b,src/quant_platform/orchestration/corrective_registered_rerun.py,/Volumes/Expansion/TheWizForensic-20260819b/src/quant_platform/orchestration/corrective_registered_rerun.py,94941,1787185203750000000,f86ee3080218032934be11a523a256d9ba13ce220ff1d609d15d4e197c50dfb5,hashed,False
visual_recovery,src/quant_platform/orchestration/corrective_registered_rerun.py,/Users/gregc/.codex/visualizations/2026/06/22/019eed4d-31bc-7c63-9c9f-62ff25e68be8/TheWiz-recovery-working/src/quant_platform/orchestration/corrective_registered_rerun.py,94941,1786934485000000000,f86ee3080218032934be11a523a256d9ba13ce220ff1d609d15d4e197c50dfb5,hashed,False
forensic_b,src/quant_platform/orchestration/corrective_stage4_handoff_readiness.py,/Volumes/Expansion/TheWizForensic-20260819b/src/quant_platform/orchestration/corrective_stage4_handoff_readiness.py,41141,1787185203750000000,5579fefd458e85a64fb159683dd22fdbef0aac50ff1534f353b5a6a7aaa5af0c,hashed,False
visual_recovery,src/quant_platform/orchestration/corrective_stage4_handoff_readiness.py,/Users/gregc/.codex/visualizations/2026/06/22/019eed4d-31bc-7c63-9c9f-62ff25e68be8/TheWiz-recovery-working/src/quant_platform/orchestration/corrective_stage4_handoff_readiness.py,41141,1786934485000000000,5579fefd458e85a64fb159683dd22fdbef0aac50ff1534f353b5a6a7aaa5af0c,hashed,False
forensic_b,src/quant_platform/orchestration/corrective_statistical_remediation.py,/Volumes/Expansion/TheWizForensic-20260819b/src/quant_platform/orchestration/corrective_statistical_remediation.py,43481,1787185203750000000,881ed537831d427d155dad9302f8fa206e968436fd9e733dd254370b4d191889,hashed,False
visual_recovery,src/quant_platform/orchestration/corrective_statistical_remediation.py,/Users/gregc/.codex/visualizations/2026/06/22/019eed4d-31bc-7c63-9c9f-62ff25e68be8/TheWiz-recovery-working/src/quant_platform/orchestration/corrective_statistical_remediation.py,43481,1786934485000000000,881ed537831d427d155dad9302f8fa206e968436fd9e733dd254370b4d191889,hashed,False
forensic_b,src/quant_platform/orchestration/corrective_testnet_cohort_readiness.py,/Volumes/Expansion/TheWizForensic-20260819b/src/quant_platform/orchestration/corrective_testnet_cohort_readiness.py,17966,1787185203750000000,156748876c46b67920adc9363abd123e270d7ae87a70b48f723a54ffa0632485,hashed,False
visual_recovery,src/quant_platform/orchestration/corrective_testnet_cohort_readiness.py,/Users/gregc/.codex/visualizations/2026/06/22/019eed4d-31bc-7c63-9c9f-62ff25e68be8/TheWiz-recovery-working/src/quant_platform/orchestration/corrective_testnet_cohort_readiness.py,17966,1786934485000000000,156748876c46b67920adc9363abd123e270d7ae87a70b48f723a54ffa0632485,hashed,False
forensic_b,src/quant_platform/orchestration/corrective_testnet_collateral_transfer.py,/Volumes/Expansion/TheWizForensic-20260819b/src/quant_platform/orchestration/corrective_testnet_collateral_transfer.py,26036,1787185203760000000,763139a9baeb90de83655d8dedd01fe0ea925a32a2be20692cfc6198f568e5cd,hashed,False
visual_recovery,src/quant_platform/orchestration/corrective_testnet_collateral_transfer.py,/Users/gregc/.codex/visualizations/2026/06/22/019eed4d-31bc-7c63-9c9f-62ff25e68be8/TheWiz-recovery-working/src/quant_platform/orchestration/corrective_testnet_collateral_transfer.py,26036,1786934485000000000,763139a9baeb90de83655d8dedd01fe0ea925a32a2be20692cfc6198f568e5cd,hashed,False
forensic_b,src/quant_platform/orchestration/corrective_wizard_api_credit_receipt.py,/Volumes/Expansion/TheWizForensic-20260819b/src/quant_platform/orchestration/corrective_wizard_api_credit_receipt.py,6857,1787185203760000000,43b74760fcb38176ceb3d72ba369ec3b7d5e5708a0b72d9fca478a3c5b455731,hashed,False
visual_recovery,src/quant_platform/orchestration/corrective_wizard_api_credit_receipt.py,/Users/gregc/.codex/visualizations/2026/06/22/019eed4d-31bc-7c63-9c9f-62ff25e68be8/TheWiz-recovery-working/src/quant_platform/orchestration/corrective_wizard_api_credit_receipt.py,6857,1786934485000000000,43b74760fcb38176ceb3d72ba369ec3b7d5e5708a0b72d9fca478a3c5b455731,hashed,False
forensic_b,src/quant_platform/orchestration/corrective_wizard_capture_manifest.py,/Volumes/Expansion/TheWizForensic-20260819b/src/quant_platform/orchestration/corrective_wizard_capture_manifest.py,71036,1787185203760000000,7d484dfe0af761b3e671bcb74afb2d17630de02b69ce758ee667d7369f35da77,hashed,False
visual_recovery,src/quant_platform/orchestration/corrective_wizard_capture_manifest.py,/Users/gregc/.codex/visualizations/2026/06/22/019eed4d-31bc-7c63-9c9f-62ff25e68be8/TheWiz-recovery-working/src/quant_platform/orchestration/corrective_wizard_capture_manifest.py,71036,1786934485000000000,7d484dfe0af761b3e671bcb74afb2d17630de02b69ce758ee667d7369f35da77,hashed,False
forensic_b,src/quant_platform/orchestration/corrective_wizard_capture_reconciliation.py,/Volumes/Expansion/TheWizForensic-20260819b/src/quant_platform/orchestration/corrective_wizard_capture_reconciliation.py,58181,1787185203760000000,175030976a734825cf8c55a905b5e2d870aed0a0467ffd2afe4f5c8a6141850e,hashed,False
visual_recovery,src/quant_platform/orchestration/corrective_wizard_capture_reconciliation.py,/Users/gregc/.codex/visualizations/2026/06/22/019eed4d-31bc-7c63-9c9f-62ff25e68be8/TheWiz-recovery-working/src/quant_platform/orchestration/corrective_wizard_capture_reconciliation.py,58181,1786934485000000000,175030976a734825cf8c55a905b5e2d870aed0a0467ffd2afe4f5c8a6141850e,hashed,False
forensic_b,src/quant_platform/orchestration/corrective_wizard_copula_behavioral.py,/Volumes/Expansion/TheWizForensic-20260819b/src/quant_platform/orchestration/corrective_wizard_copula_behavioral.py,65139,1787185203760000000,cfe89322867090a86440d7983fe2b1ae21f1f1e0ffcad2e2e3d1899107b97140,hashed,False
visual_recovery,src/quant_platform/orchestration/corrective_wizard_copula_behavioral.py,/Users/gregc/.codex/visualizations/2026/06/22/019eed4d-31bc-7c63-9c9f-62ff25e68be8/TheWiz-recovery-working/src/quant_platform/orchestration/corrective_wizard_copula_behavioral.py,65139,1786934485000000000,cfe89322867090a86440d7983fe2b1ae21f1f1e0ffcad2e2e3d1899107b97140,hashed,False
forensic_b,src/quant_platform/orchestration/corrective_wizard_dynamic_supreme_review.py,/Volumes/Expansion/TheWizForensic-20260819b/src/quant_platform/orchestration/corrective_wizard_dynamic_supreme_review.py,16893,1787185203760000000,dff1493c12bbc2abda3925b90cafaebbb456508efd1c67fcbb43aa80a2fd8497,hashed,False
visual_recovery,src/quant_platform/orchestration/corrective_wizard_dynamic_supreme_review.py,/Users/gregc/.codex/visualizations/2026/06/22/019eed4d-31bc-7c63-9c9f-62ff25e68be8/TheWiz-recovery-working/src/quant_platform/orchestration/corrective_wizard_dynamic_supreme_review.py,16893,1786934485000000000,dff1493c12bbc2abda3925b90cafaebbb456508efd1c67fcbb43aa80a2fd8497,hashed,False
forensic_b,src/quant_platform/orchestration/corrective_wizard_ou_v4_failure_attribution.py,/Volumes/Expansion/TheWizForensic-20260819b/src/quant_platform/orchestration/corrective_wizard_ou_v4_failure_attribution.py,17008,1787185203770000000,af7b894ab1c75c3869c26e38eca67efd241ad0d429e7a84a7b6daa6bfd24b430,hashed,False
visual_recovery,src/quant_platform/orchestration/corrective_wizard_ou_v4_failure_attribution.py,/Users/gregc/.codex/visualizations/2026/06/22/019eed4d-31bc-7c63-9c9f-62ff25e68be8/TheWiz-recovery-working/src/quant_platform/orchestration/corrective_wizard_ou_v4_failure_attribution.py,17008,1786934485000000000,af7b894ab1c75c3869c26e38eca67efd241ad0d429e7a84a7b6daa6bfd24b430,hashed,False
forensic_b,src/quant_platform/orchestration/corrective_wizard_ou_v4_supreme_review.py,/Volumes/Expansion/TheWizForensic-20260819b/src/quant_platform/orchestration/corrective_wizard_ou_v4_supreme_review.py,17794,1787185203790000000,05eb88f5dc80634e643f5a34d5a4633672fda3691b426b1f82134e1471aabe7c,hashed,False
visual_recovery,src/quant_platform/orchestration/corrective_wizard_ou_v4_supreme_review.py,/Users/gregc/.codex/visualizations/2026/06/22/019eed4d-31bc-7c63-9c9f-62ff25e68be8/TheWiz-recovery-working/src/quant_platform/orchestration/corrective_wizard_ou_v4_supreme_review.py,17794,1786934485000000000,05eb88f5dc80634e643f5a34d5a4633672fda3691b426b1f82134e1471aabe7c,hashed,False
forensic_b,src/quant_platform/orchestration/corrective_wizard_ou_v5_failure_attribution.py,/Volumes/Expansion/TheWizForensic-20260819b/src/quant_platform/orchestration/corrective_wizard_ou_v5_failure_attribution.py,15974,1787185203790000000,28988952519159c8d2803589831a04517b5d462deef61816f07658ea5f6efa63,hashed,False
visual_recovery,src/quant_platform/orchestration/corrective_wizard_ou_v5_failure_attribution.py,/Users/gregc/.codex/visualizations/2026/06/22/019eed4d-31bc-7c63-9c9f-62ff25e68be8/TheWiz-recovery-working/src/quant_platform/orchestration/corrective_wizard_ou_v5_failure_attribution.py,15974,1786934485000000000,28988952519159c8d2803589831a04517b5d462deef61816f07658ea5f6efa63,hashed,False
forensic_b,src/quant_platform/orchestration/corrective_wizard_ou_v5_supreme_review.py,/Volumes/Expansion/TheWizForensic-20260819b/src/quant_platform/orchestration/corrective_wizard_ou_v5_supreme_review.py,19637,1787185203790000000,65317e5886415f1c6a28f147159028809f2014bf6cc47b01779b19b70f151cc5,hashed,False
visual_recovery,src/quant_platform/orchestration/corrective_wizard_ou_v5_supreme_review.py,/Users/gregc/.codex/visualizations/2026/06/22/019eed4d-31bc-7c63-9c9f-62ff25e68be8/TheWiz-recovery-working/src/quant_platform/orchestration/corrective_wizard_ou_v5_supreme_review.py,19637,1786934485000000000,65317e5886415f1c6a28f147159028809f2014bf6cc47b01779b19b70f151cc5,hashed,False
forensic_b,src/quant_platform/orchestration/corrective_wizard_ou_v6_supreme_review.py,/Volumes/Expansion/TheWizForensic-20260819b/src/quant_platform/orchestration/corrective_wizard_ou_v6_supreme_review.py,21892,1787185203790000000,cf5a3bedd77e7d970b8e650a74ca81ef0de9d9e0a4be58f4439c948561ddc51b,hashed,False
visual_recovery,src/quant_platform/orchestration/corrective_wizard_ou_v6_supreme_review.py,/Users/gregc/.codex/visualizations/2026/06/22/019eed4d-31bc-7c63-9c9f-62ff25e68be8/TheWiz-recovery-working/src/quant_platform/orchestration/corrective_wizard_ou_v6_supreme_review.py,21892,1786934485000000000,cf5a3bedd77e7d970b8e650a74ca81ef0de9d9e0a4be58f4439c948561ddc51b,hashed,False
forensic_b,src/quant_platform/orchestration/corrective_wizard_unattended_preflight.py,/Volumes/Expansion/TheWizForensic-20260819b/src/quant_platform/orchestration/corrective_wizard_unattended_preflight.py,15125,1787185203800000000,a1d4b4223074a53bea72be47be0885c90c9a6e5f5ef6ce4047f87aadfdddea78,hashed,False
visual_recovery,src/quant_platform/orchestration/corrective_wizard_unattended_preflight.py,/Users/gregc/.codex/visualizations/2026/06/22/019eed4d-31bc-7c63-9c9f-62ff25e68be8/TheWiz-recovery-working/src/quant_platform/orchestration/corrective_wizard_unattended_preflight.py,15125,1786934485000000000,a1d4b4223074a53bea72be47be0885c90c9a6e5f5ef6ce4047f87aadfdddea78,hashed,False
forensic_b,src/quant_platform/orchestration/current_wizard_hyperliquid_archive_release.py,/Volumes/Expansion/TheWizForensic-20260819b/src/quant_platform/orchestration/current_wizard_hyperliquid_archive_release.py,26441,1787185203800000000,ded1b879c2d0b81581f76af7aaf3f839a3ddc70fe9a09f08e52079b230712ce6,hashed,False
visual_recovery,src/quant_platform/orchestration/current_wizard_hyperliquid_archive_release.py,/Users/gregc/.codex/visualizations/2026/06/22/019eed4d-31bc-7c63-9c9f-62ff25e68be8/TheWiz-recovery-working/src/quant_platform/orchestration/current_wizard_hyperliquid_archive_release.py,26441,1786934485000000000,ded1b879c2d0b81581f76af7aaf3f839a3ddc70fe9a09f08e52079b230712ce6,hashed,False
forensic_b,src/quant_platform/orchestration/current_wizard_hyperliquid_testnet_protocol.py,/Volumes/Expansion/TheWizForensic-20260819b/src/quant_platform/orchestration/current_wizard_hyperliquid_testnet_protocol.py,24830,1787185203850000000,c56f2d7558176bf64a1ed0dad79e632bcb90f680ac3a16af7c13d9b59932a9b0,hashed,False
visual_recovery,src/quant_platform/orchestration/current_wizard_hyperliquid_testnet_protocol.py,/Users/gregc/.codex/visualizations/2026/06/22/019eed4d-31bc-7c63-9c9f-62ff25e68be8/TheWiz-recovery-working/src/quant_platform/orchestration/current_wizard_hyperliquid_testnet_protocol.py,24830,1786934485000000000,c56f2d7558176bf64a1ed0dad79e632bcb90f680ac3a16af7c13d9b59932a9b0,hashed,False
forensic_b,src/quant_platform/orchestration/dynamic_ledger.py,/Volumes/Expansion/TheWizForensic-20260819b/src/quant_platform/orchestration/dynamic_ledger.py,13066,1787185203850000000,475f66cd19f53641f05fc399765345c8019c6d5b01fc3043d8c87d31d2ebd031,hashed,False
visual_recovery,src/quant_platform/orchestration/dynamic_ledger.py,/Users/gregc/.codex/visualizations/2026/06/22/019eed4d-31bc-7c63-9c9f-62ff25e68be8/TheWiz-recovery-working/src/quant_platform/orchestration/dynamic_ledger.py,13066,1786934485000000000,475f66cd19f53641f05fc399765345c8019c6d5b01fc3043d8c87d31d2ebd031,hashed,False
forensic_b,src/quant_platform/orchestration/dynamic_rollout.py,/Volumes/Expansion/TheWizForensic-20260819b/src/quant_platform/orchestration/dynamic_rollout.py,7468,1787185203850000000,51412071f3eb14c658b690e46907074cf6dffb8325c73dff892bb13a36644c27,hashed,False
visual_recovery,src/quant_platform/orchestration/dynamic_rollout.py,/Users/gregc/.codex/visualizations/2026/06/22/019eed4d-31bc-7c63-9c9f-62ff25e68be8/TheWiz-recovery-working/src/quant_platform/orchestration/dynamic_rollout.py,7468,1786934485000000000,51412071f3eb14c658b690e46907074cf6dffb8325c73dff892bb13a36644c27,hashed,False
forensic_b,src/quant_platform/orchestration/dynamic_router.py,/Volumes/Expansion/TheWizForensic-20260819b/src/quant_platform/orchestration/dynamic_router.py,6826,1787185203850000000,3de589b799c026fa891b354631ccabd5ee44361537445f4c1119a6b5b6c0215e,hashed,False
visual_recovery,src/quant_platform/orchestration/dynamic_router.py,/Users/gregc/.codex/visualizations/2026/06/22/019eed4d-31bc-7c63-9c9f-62ff25e68be8/TheWiz-recovery-working/src/quant_platform/orchestration/dynamic_router.py,6826,1786934485000000000,3de589b799c026fa891b354631ccabd5ee44361537445f4c1119a6b5b6c0215e,hashed,False
forensic_b,src/quant_platform/orchestration/dynamic_supreme_team.py,/Volumes/Expansion/TheWizForensic-20260819b/src/quant_platform/orchestration/dynamic_supreme_team.py,4365,1787185203860000000,cfc213192c64d901a455a04a6dc06b47e4fcbb3b71f8bbe83357d81c8b01a88c,hashed,False
visual_recovery,src/quant_platform/orchestration/dynamic_supreme_team.py,/Users/gregc/.codex/visualizations/2026/06/22/019eed4d-31bc-7c63-9c9f-62ff25e68be8/TheWiz-recovery-working/src/quant_platform/orchestration/dynamic_supreme_team.py,4365,1786934485000000000,cfc213192c64d901a455a04a6dc06b47e4fcbb3b71f8bbe83357d81c8b01a88c,hashed,False
forensic_b,src/quant_platform/orchestration/events.py,/Volumes/Expansion/TheWizForensic-20260819b/src/quant_platform/orchestration/events.py,438,1787185203860000000,3ea47c054da9202fa563bbeda176819a8c55e6d1ae4f47237680926c8516a0eb,hashed,False
visual_recovery,src/quant_platform/orchestration/events.py,/Users/gregc/.codex/visualizations/2026/06/22/019eed4d-31bc-7c63-9c9f-62ff25e68be8/TheWiz-recovery-working/src/quant_platform/orchestration/events.py,438,1786934485000000000,3ea47c054da9202fa563bbeda176819a8c55e6d1ae4f47237680926c8516a0eb,hashed,False
forensic_b,src/quant_platform/orchestration/exhaustive_wizard_hyperliquid_concentration.py,/Volumes/Expansion/TheWizForensic-20260819b/src/quant_platform/orchestration/exhaustive_wizard_hyperliquid_concentration.py,31031,1787185203860000000,ff06000dab9edac93d2e1df55a506afaea4a09461137f09e11cdb4abf788330e,hashed,False
visual_recovery,src/quant_platform/orchestration/exhaustive_wizard_hyperliquid_concentration.py,/Users/gregc/.codex/visualizations/2026/06/22/019eed4d-31bc-7c63-9c9f-62ff25e68be8/TheWiz-recovery-working/src/quant_platform/orchestration/exhaustive_wizard_hyperliquid_concentration.py,31031,1786934485000000000,ff06000dab9edac93d2e1df55a506afaea4a09461137f09e11cdb4abf788330e,hashed,False
forensic_b,src/quant_platform/orchestration/exhaustive_wizard_hyperliquid_learning.py,/Volumes/Expansion/TheWizForensic-20260819b/src/quant_platform/orchestration/exhaustive_wizard_hyperliquid_learning.py,21000,1787185203890000000,5ee616e8e5de56fd7b10169ba9d7cea105ab405a7ee0d0d1b6e0dfbc792d811e,hashed,False
visual_recovery,src/quant_platform/orchestration/exhaustive_wizard_hyperliquid_learning.py,/Users/gregc/.codex/visualizations/2026/06/22/019eed4d-31bc-7c63-9c9f-62ff25e68be8/TheWiz-recovery-working/src/quant_platform/orchestration/exhaustive_wizard_hyperliquid_learning.py,21000,1786934485000000000,5ee616e8e5de56fd7b10169ba9d7cea105ab405a7ee0d0d1b6e0dfbc792d811e,hashed,False
forensic_b,src/quant_platform/orchestration/hyperliquid_learning_and_risk.py,/Volumes/Expansion/TheWizForensic-20260819b/src/quant_platform/orchestration/hyperliquid_learning_and_risk.py,67802,1787185203910000000,bbf9a06f55c1ef4364638c1b22090debc71608f883b1ae29b04cfb7c934357e3,hashed,False
visual_recovery,src/quant_platform/orchestration/hyperliquid_learning_and_risk.py,/Users/gregc/.codex/visualizations/2026/06/22/019eed4d-31bc-7c63-9c9f-62ff25e68be8/TheWiz-recovery-working/src/quant_platform/orchestration/hyperliquid_learning_and_risk.py,67802,1786934485000000000,bbf9a06f55c1ef4364638c1b22090debc71608f883b1ae29b04cfb7c934357e3,hashed,False
forensic_b,src/quant_platform/orchestration/reporting.py,/Volumes/Expansion/TheWizForensic-20260819b/src/quant_platform/orchestration/reporting.py,3830,1787185203950000000,d55594bc83be423f0512b6843da4107e36a6224562067ea8a2c61da992396016,hashed,False
visual_recovery,src/quant_platform/orchestration/reporting.py,/Users/gregc/.codex/visualizations/2026/06/22/019eed4d-31bc-7c63-9c9f-62ff25e68be8/TheWiz-recovery-working/src/quant_platform/orchestration/reporting.py,3830,1786934485000000000,d55594bc83be423f0512b6843da4107e36a6224562067ea8a2c61da992396016,hashed,False
forensic_b,src/quant_platform/orchestration/wizard_pair_detail_api_pilot.py,/Volumes/Expansion/TheWizForensic-20260819b/src/quant_platform/orchestration/wizard_pair_detail_api_pilot.py,30465,1787185203970000000,56e18f95f7abc34e7b005ad76f04fea2b850fb55340e2d00d8c9108fc7dd9efa,hashed,False
visual_recovery,src/quant_platform/orchestration/wizard_pair_detail_api_pilot.py,/Users/gregc/.codex/visualizations/2026/06/22/019eed4d-31bc-7c63-9c9f-62ff25e68be8/TheWiz-recovery-working/src/quant_platform/orchestration/wizard_pair_detail_api_pilot.py,30465,1786934485000000000,56e18f95f7abc34e7b005ad76f04fea2b850fb55340e2d00d8c9108fc7dd9efa,hashed,False
forensic_b,src/quant_platform/research_extract_ccxt.py,/Volumes/Expansion/TheWizForensic-20260819b/src/quant_platform/research_extract_ccxt.py,13426,1787185203980000000,68bd25d8c6966f9b66d898e12cfa089b50f5beab34997b0fe77bf5f789fba7de,hashed,False
visual_recovery,src/quant_platform/research_extract_ccxt.py,/Users/gregc/.codex/visualizations/2026/06/22/019eed4d-31bc-7c63-9c9f-62ff25e68be8/TheWiz-recovery-working/src/quant_platform/research_extract_ccxt.py,13426,1786934485000000000,68bd25d8c6966f9b66d898e12cfa089b50f5beab34997b0fe77bf5f789fba7de,hashed,False
forensic_b,src/quant_platform/research_extract_youtube.py,/Volumes/Expansion/TheWizForensic-20260819b/src/quant_platform/research_extract_youtube.py,9523,1787185203980000000,e564c0edf094177d4be4431b5bbc00a228c8b3ee63411c8471d36e9b521df0a2,hashed,False
visual_recovery,src/quant_platform/research_extract_youtube.py,/Users/gregc/.codex/visualizations/2026/06/22/019eed4d-31bc-7c63-9c9f-62ff25e68be8/TheWiz-recovery-working/src/quant_platform/research_extract_youtube.py,9523,1786934485000000000,e564c0edf094177d4be4431b5bbc00a228c8b3ee63411c8471d36e9b521df0a2,hashed,False
forensic_b,src/quant_platform/research_extraction.py,/Volumes/Expansion/TheWizForensic-20260819b/src/quant_platform/research_extraction.py,1770,1787185203990000000,06763a4184749cba3db413b598fa534ee87ff85f420e22c452e475034a7162ce,hashed,False
visual_recovery,src/quant_platform/research_extraction.py,/Users/gregc/.codex/visualizations/2026/06/22/019eed4d-31bc-7c63-9c9f-62ff25e68be8/TheWiz-recovery-working/src/quant_platform/research_extraction.py,1770,1786934485000000000,06763a4184749cba3db413b598fa534ee87ff85f420e22c452e475034a7162ce,hashed,False
forensic_b,src/quant_platform/research_quantization.py,/Volumes/Expansion/TheWizForensic-20260819b/src/quant_platform/research_quantization.py,10188,1787185204020000000,557197dffdb85bd1a4a84406a01ac8dc972af5cf812fb845fc534eed95a5add0,hashed,False
visual_recovery,src/quant_platform/research_quantization.py,/Users/gregc/.codex/visualizations/2026/06/22/019eed4d-31bc-7c63-9c9f-62ff25e68be8/TheWiz-recovery-working/src/quant_platform/research_quantization.py,10188,1786934485000000000,557197dffdb85bd1a4a84406a01ac8dc972af5cf812fb845fc534eed95a5add0,hashed,False
forensic_b,src/quant_platform/rl/brain_cycle.py,/Volumes/Expansion/TheWizForensic-20260819b/src/quant_platform/rl/brain_cycle.py,26928,1787185204030000000,9e353e9a8c74b65bf386f4282aed303f4ff8a3dc0c0c614a1c3fcc63a6a54952,hashed,False
visual_recovery,src/quant_platform/rl/brain_cycle.py,/Users/gregc/.codex/visualizations/2026/06/22/019eed4d-31bc-7c63-9c9f-62ff25e68be8/TheWiz-recovery-working/src/quant_platform/rl/brain_cycle.py,26928,1786934485000000000,9e353e9a8c74b65bf386f4282aed303f4ff8a3dc0c0c614a1c3fcc63a6a54952,hashed,False
forensic_b,src/quant_platform/rl/features.py,/Volumes/Expansion/TheWizForensic-20260819b/src/quant_platform/rl/features.py,23179,1787185204040000000,017f19a4e4ab68487b1b0af36a094ec0a3ef61e8ba33f0854574e2b18204d0f4,hashed,False
visual_recovery,src/quant_platform/rl/features.py,/Users/gregc/.codex/visualizations/2026/06/22/019eed4d-31bc-7c63-9c9f-62ff25e68be8/TheWiz-recovery-working/src/quant_platform/rl/features.py,23179,1786934485000000000,017f19a4e4ab68487b1b0af36a094ec0a3ef61e8ba33f0854574e2b18204d0f4,hashed,False
forensic_b,src/quant_platform/rl/train_ppo.py,/Volumes/Expansion/TheWizForensic-20260819b/src/quant_platform/rl/train_ppo.py,1102,1787185204080000000,840b5325e532911ca2b91b5fa35c204e9f8e0f43445b3d232ade89d80a632050,hashed,False
visual_recovery,src/quant_platform/rl/train_ppo.py,/Users/gregc/.codex/visualizations/2026/06/22/019eed4d-31bc-7c63-9c9f-62ff25e68be8/TheWiz-recovery-working/src/quant_platform/rl/train_ppo.py,1102,1786934485000000000,840b5325e532911ca2b91b5fa35c204e9f8e0f43445b3d232ade89d80a632050,hashed,False
forensic_b,src/quant_platform/trade_timing.py,/Volumes/Expansion/TheWizForensic-20260819b/src/quant_platform/trade_timing.py,13057,1787185204100000000,d51a961e77c835b3c37a33ecfda2d3fb72c4a2f2eba4e630534f12b842b0ee69,hashed,False
visual_recovery,src/quant_platform/trade_timing.py,/Users/gregc/.codex/visualizations/2026/06/22/019eed4d-31bc-7c63-9c9f-62ff25e68be8/TheWiz-recovery-working/src/quant_platform/trade_timing.py,13057,1786934485000000000,d51a961e77c835b3c37a33ecfda2d3fb72c4a2f2eba4e630534f12b842b0ee69,hashed,False
forensic_b,src/quant_platform/wizard_credit_budget.py,/Volumes/Expansion/TheWizForensic-20260819b/src/quant_platform/wizard_credit_budget.py,10507,1787185204100000000,5e30e9a7c130dd1d0fa9fb4f91bbebe48e29cff32ea5096cb26bc67e7dfec424,hashed,False
visual_recovery,src/quant_platform/wizard_credit_budget.py,/Users/gregc/.codex/visualizations/2026/06/22/019eed4d-31bc-7c63-9c9f-62ff25e68be8/TheWiz-recovery-working/src/quant_platform/wizard_credit_budget.py,10507,1786934485000000000,5e30e9a7c130dd1d0fa9fb4f91bbebe48e29cff32ea5096cb26bc67e7dfec424,hashed,False
forensic_b,src/quant_platform/wizard_dynamic_comparator_activation.py,/Volumes/Expansion/TheWizForensic-20260819b/src/quant_platform/wizard_dynamic_comparator_activation.py,28461,1787185204110000000,9b16e3e46e16ce6edfde34c07a8f2755ff0c66d4e7c5d0e6532978dcf7d3f79c,hashed,False
visual_recovery,src/quant_platform/wizard_dynamic_comparator_activation.py,/Users/gregc/.codex/visualizations/2026/06/22/019eed4d-31bc-7c63-9c9f-62ff25e68be8/TheWiz-recovery-working/src/quant_platform/wizard_dynamic_comparator_activation.py,28461,1786934485000000000,9b16e3e46e16ce6edfde34c07a8f2755ff0c66d4e7c5d0e6532978dcf7d3f79c,hashed,False
forensic_b,src/quant_platform/wizard_hourly_database.py,/Volumes/Expansion/TheWizForensic-20260819b/src/quant_platform/wizard_hourly_database.py,18849,1787185204110000000,02f424f424e4d1f32ef26af50d2928ab260053ead9a48b2f85f8379d6e0e85f1,hashed,False
visual_recovery,src/quant_platform/wizard_hourly_database.py,/Users/gregc/.codex/visualizations/2026/06/22/019eed4d-31bc-7c63-9c9f-62ff25e68be8/TheWiz-recovery-working/src/quant_platform/wizard_hourly_database.py,18849,1786934485000000000,02f424f424e4d1f32ef26af50d2928ab260053ead9a48b2f85f8379d6e0e85f1,hashed,False
forensic_b,src/quant_platform/wizard_local_verification.py,/Volumes/Expansion/TheWizForensic-20260819b/src/quant_platform/wizard_local_verification.py,56533,1787185204120000000,9c5c3d7161ad04f24bcfa77c24750a4b86e2f7ae999658cd14b33425957fc2cf,hashed,False
visual_recovery,src/quant_platform/wizard_local_verification.py,/Users/gregc/.codex/visualizations/2026/06/22/019eed4d-31bc-7c63-9c9f-62ff25e68be8/TheWiz-recovery-working/src/quant_platform/wizard_local_verification.py,56533,1786934485000000000,9c5c3d7161ad04f24bcfa77c24750a4b86e2f7ae999658cd14b33425957fc2cf,hashed,False
forensic_b,src/quant_platform/wizard_mode_comparison.py,/Volumes/Expansion/TheWizForensic-20260819b/src/quant_platform/wizard_mode_comparison.py,31112,1787185204120000000,08f39f9863af4b9ff76569c566e08c7b8d09db7cc01179697d28ad8c9ed24fe4,hashed,False
visual_recovery,src/quant_platform/wizard_mode_comparison.py,/Users/gregc/.codex/visualizations/2026/06/22/019eed4d-31bc-7c63-9c9f-62ff25e68be8/TheWiz-recovery-working/src/quant_platform/wizard_mode_comparison.py,31112,1786934485000000000,08f39f9863af4b9ff76569c566e08c7b8d09db7cc01179697d28ad8c9ed24fe4,hashed,False
forensic_b,src/quant_platform/wizard_pair_detail_ui_bundle.py,/Volumes/Expansion/TheWizForensic-20260819b/src/quant_platform/wizard_pair_detail_ui_bundle.py,57874,1787185204130000000,037ada6da2cc06c038f7a2b662b30cf8770b8c989677a1f8b56ce68c19c1b967,hashed,False
visual_recovery,src/quant_platform/wizard_pair_detail_ui_bundle.py,/Users/gregc/.codex/visualizations/2026/06/22/019eed4d-31bc-7c63-9c9f-62ff25e68be8/TheWiz-recovery-working/src/quant_platform/wizard_pair_detail_ui_bundle.py,57874,1786934485000000000,037ada6da2cc06c038f7a2b662b30cf8770b8c989677a1f8b56ce68c19c1b967,hashed,False
forensic_b,src/quant_platform/wizard_pair_matrix.py,/Volumes/Expansion/TheWizForensic-20260819b/src/quant_platform/wizard_pair_matrix.py,9530,1787185204130000000,7f0ccd045dfbb04de7e424899a3a047c053110ab27c28bbf1fd3224f319d6c19,hashed,False
visual_recovery,src/quant_platform/wizard_pair_matrix.py,/Users/gregc/.codex/visualizations/2026/06/22/019eed4d-31bc-7c63-9c9f-62ff25e68be8/TheWiz-recovery-working/src/quant_platform/wizard_pair_matrix.py,9530,1786934485000000000,7f0ccd045dfbb04de7e424899a3a047c053110ab27c28bbf1fd3224f319d6c19,hashed,False
forensic_b,src/quant_platform/yahoo_crypto.py,/Volumes/Expansion/TheWizForensic-20260819b/src/quant_platform/yahoo_crypto.py,23507,1787185204150000000,50c06dc0cbe3e0a194b7033dd2ee32d74809684c37e9500bbaefb495711abf9a,hashed,False
visual_recovery,src/quant_platform/yahoo_crypto.py,/Users/gregc/.codex/visualizations/2026/06/22/019eed4d-31bc-7c63-9c9f-62ff25e68be8/TheWiz-recovery-working/src/quant_platform/yahoo_crypto.py,23507,1786934485000000000,50c06dc0cbe3e0a194b7033dd2ee32d74809684c37e9500bbaefb495711abf9a,hashed,False
forensic_b,src/quant_platform/youtube_caption_insights.py,/Volumes/Expansion/TheWizForensic-20260819b/src/quant_platform/youtube_caption_insights.py,32016,1787185204150000000,522baf6aa070a99e8135f622fac9cd20df3d79033b7c06c1040348dfad645993,hashed,False
visual_recovery,src/quant_platform/youtube_caption_insights.py,/Users/gregc/.codex/visualizations/2026/06/22/019eed4d-31bc-7c63-9c9f-62ff25e68be8/TheWiz-recovery-working/src/quant_platform/youtube_caption_insights.py,32016,1786934485000000000,522baf6aa070a99e8135f622fac9cd20df3d79033b7c06c1040348dfad645993,hashed,False
forensic_b,src/quant_platform/youtube_channel_research.py,/Volumes/Expansion/TheWizForensic-20260819b/src/quant_platform/youtube_channel_research.py,36165,1787185204160000000,be2702cc0264e76ef670d7746a56031d9d81c8c0ad27c288811c9fc8dbf85dc2,hashed,False
visual_recovery,src/quant_platform/youtube_channel_research.py,/Users/gregc/.codex/visualizations/2026/06/22/019eed4d-31bc-7c63-9c9f-62ff25e68be8/TheWiz-recovery-working/src/quant_platform/youtube_channel_research.py,36165,1786934485000000000,be2702cc0264e76ef670d7746a56031d9d81c8c0ad27c288811c9fc8dbf85dc2,hashed,False
forensic_b,src/quant_platform/youtube_hypothesis_validation.py,/Volumes/Expansion/TheWizForensic-20260819b/src/quant_platform/youtube_hypothesis_validation.py,29263,1787185204160000000,0ff9981b868ef60442c49a3b53599b573a06e7c3dced25456055da87c4eaeada,hashed,False
visual_recovery,src/quant_platform/youtube_hypothesis_validation.py,/Users/gregc/.codex/visualizations/2026/06/22/019eed4d-31bc-7c63-9c9f-62ff25e68be8/TheWiz-recovery-working/src/quant_platform/youtube_hypothesis_validation.py,29263,1786934485000000000,0ff9981b868ef60442c49a3b53599b573a06e7c3dced25456055da87c4eaeada,hashed,False
forensic_b,tests/test_api_extraction.py,/Volumes/Expansion/TheWizForensic-20260819b/tests/test_api_extraction.py,4889,1787185204190000000,30bdcdf545403b2917125528bc0ac2132f4cbb8ebcfe839c023c579118e22efb,hashed,False
visual_recovery,tests/test_api_extraction.py,/Users/gregc/.codex/visualizations/2026/06/22/019eed4d-31bc-7c63-9c9f-62ff25e68be8/TheWiz-recovery-working/tests/test_api_extraction.py,4889,1786934485000000000,30bdcdf545403b2917125528bc0ac2132f4cbb8ebcfe839c023c579118e22efb,hashed,False
forensic_b,tests/test_corrective_governance.py,/Volumes/Expansion/TheWizForensic-20260819b/tests/test_corrective_governance.py,3986,1787185204210000000,25003da774b6c8e57fb973907ca13087dc7dfede1b214c3cbf6e0d9101782734,hashed,False
visual_recovery,tests/test_corrective_governance.py,/Users/gregc/.codex/visualizations/2026/06/22/019eed4d-31bc-7c63-9c9f-62ff25e68be8/TheWiz-recovery-working/tests/test_corrective_governance.py,3986,1786934485000000000,25003da774b6c8e57fb973907ca13087dc7dfede1b214c3cbf6e0d9101782734,hashed,False
forensic_b,tests/test_corrective_live_canary.py,/Volumes/Expansion/TheWizForensic-20260819b/tests/test_corrective_live_canary.py,38900,1787185204210000000,128801e9837108636c25162185828fc08717dd9b237f5a915f5f829812f7f0f0,hashed,False
visual_recovery,tests/test_corrective_live_canary.py,/Users/gregc/.codex/visualizations/2026/06/22/019eed4d-31bc-7c63-9c9f-62ff25e68be8/TheWiz-recovery-working/tests/test_corrective_live_canary.py,38900,1786934485000000000,128801e9837108636c25162185828fc08717dd9b237f5a915f5f829812f7f0f0,hashed,False
forensic_b,tests/test_corrective_registered_rerun.py,/Volumes/Expansion/TheWizForensic-20260819b/tests/test_corrective_registered_rerun.py,49427,1787185204220000000,e38a41d38c7f5606052d2267ec46a03f0012031e53fce4522b99c9422160b769,hashed,False
visual_recovery,tests/test_corrective_registered_rerun.py,/Users/gregc/.codex/visualizations/2026/06/22/019eed4d-31bc-7c63-9c9f-62ff25e68be8/TheWiz-recovery-working/tests/test_corrective_registered_rerun.py,49427,1786934485000000000,e38a41d38c7f5606052d2267ec46a03f0012031e53fce4522b99c9422160b769,hashed,False
forensic_b,tests/test_corrective_registered_rerun_executor.py,/Volumes/Expansion/TheWizForensic-20260819b/tests/test_corrective_registered_rerun_executor.py,56412,1787185204220000000,be1f22176ee466affcadb3d8b798ddf5d940a9c93393b457065c5a39f1983478,hashed,False
visual_recovery,tests/test_corrective_registered_rerun_executor.py,/Users/gregc/.codex/visualizations/2026/06/22/019eed4d-31bc-7c63-9c9f-62ff25e68be8/TheWiz-recovery-working/tests/test_corrective_registered_rerun_executor.py,56412,1786934485000000000,be1f22176ee466affcadb3d8b798ddf5d940a9c93393b457065c5a39f1983478,hashed,False
forensic_b,tests/test_corrective_scheduler_runtime_readiness.py,/Volumes/Expansion/TheWizForensic-20260819b/tests/test_corrective_scheduler_runtime_readiness.py,11639,1787185204240000000,f8660a593e24075f5697b129ccd1e9a0e5ec712607ca711617b51a79fefa325d,hashed,False
visual_recovery,tests/test_corrective_scheduler_runtime_readiness.py,/Users/gregc/.codex/visualizations/2026/06/22/019eed4d-31bc-7c63-9c9f-62ff25e68be8/TheWiz-recovery-working/tests/test_corrective_scheduler_runtime_readiness.py,11639,1786934485000000000,f8660a593e24075f5697b129ccd1e9a0e5ec712607ca711617b51a79fefa325d,hashed,False
forensic_b,tests/test_corrective_stage4_handoff_readiness.py,/Volumes/Expansion/TheWizForensic-20260819b/tests/test_corrective_stage4_handoff_readiness.py,28184,1787185204240000000,47c5d02403090921beaba37150504d0aa71c80ad89c28814fa66d8f8845aac5c,hashed,False
visual_recovery,tests/test_corrective_stage4_handoff_readiness.py,/Users/gregc/.codex/visualizations/2026/06/22/019eed4d-31bc-7c63-9c9f-62ff25e68be8/TheWiz-recovery-working/tests/test_corrective_stage4_handoff_readiness.py,28184,1786934485000000000,47c5d02403090921beaba37150504d0aa71c80ad89c28814fa66d8f8845aac5c,hashed,False
forensic_b,tests/test_corrective_wizard_capture_manifest.py,/Volumes/Expansion/TheWizForensic-20260819b/tests/test_corrective_wizard_capture_manifest.py,25040,1787185204250000000,a01b249306f577d7a13bb288c645a69b6b6bfd9e9c57f3e5b7decd1be7500028,hashed,False
visual_recovery,tests/test_corrective_wizard_capture_manifest.py,/Users/gregc/.codex/visualizations/2026/06/22/019eed4d-31bc-7c63-9c9f-62ff25e68be8/TheWiz-recovery-working/tests/test_corrective_wizard_capture_manifest.py,25040,1786934485000000000,a01b249306f577d7a13bb288c645a69b6b6bfd9e9c57f3e5b7decd1be7500028,hashed,False
forensic_b,tests/test_corrective_wizard_capture_reconciliation.py,/Volumes/Expansion/TheWizForensic-20260819b/tests/test_corrective_wizard_capture_reconciliation.py,31583,1787185204250000000,803b4a448ac64304a692cafd621f0a49d34268aece62f1844cb7acc10aff7fbc,hashed,False
visual_recovery,tests/test_corrective_wizard_capture_reconciliation.py,/Users/gregc/.codex/visualizations/2026/06/22/019eed4d-31bc-7c63-9c9f-62ff25e68be8/TheWiz-recovery-working/tests/test_corrective_wizard_capture_reconciliation.py,31583,1786934485000000000,803b4a448ac64304a692cafd621f0a49d34268aece62f1844cb7acc10aff7fbc,hashed,False
forensic_b,tests/test_corrective_wizard_ou_v4_failure_attribution.py,/Volumes/Expansion/TheWizForensic-20260819b/tests/test_corrective_wizard_ou_v4_failure_attribution.py,6188,1787185204280000000,30b4cdf3962d6901787f90ebfe762ae44817a966af35b68c6917ae3581f951d3,hashed,False
visual_recovery,tests/test_corrective_wizard_ou_v4_failure_attribution.py,/Users/gregc/.codex/visualizations/2026/06/22/019eed4d-31bc-7c63-9c9f-62ff25e68be8/TheWiz-recovery-working/tests/test_corrective_wizard_ou_v4_failure_attribution.py,6188,1786934485000000000,30b4cdf3962d6901787f90ebfe762ae44817a966af35b68c6917ae3581f951d3,hashed,False
forensic_b,tests/test_corrective_wizard_ou_v4_holdout.py,/Volumes/Expansion/TheWizForensic-20260819b/tests/test_corrective_wizard_ou_v4_holdout.py,34091,1787185204280000000,3f38a13cccc8b046370173a10b13332936a93190fd65097b51b9c1d620ade223,hashed,False
visual_recovery,tests/test_corrective_wizard_ou_v4_holdout.py,/Users/gregc/.codex/visualizations/2026/06/22/019eed4d-31bc-7c63-9c9f-62ff25e68be8/TheWiz-recovery-working/tests/test_corrective_wizard_ou_v4_holdout.py,34091,1786934485000000000,3f38a13cccc8b046370173a10b13332936a93190fd65097b51b9c1d620ade223,hashed,False
forensic_b,tests/test_corrective_wizard_ou_v5_holdout.py,/Volumes/Expansion/TheWizForensic-20260819b/tests/test_corrective_wizard_ou_v5_holdout.py,30434,1787185204290000000,0f3ee008f8af6701d09f2197a1fac6021d131709707d306d9311a90260808e64,hashed,False
visual_recovery,tests/test_corrective_wizard_ou_v5_holdout.py,/Users/gregc/.codex/visualizations/2026/06/22/019eed4d-31bc-7c63-9c9f-62ff25e68be8/TheWiz-recovery-working/tests/test_corrective_wizard_ou_v5_holdout.py,30434,1786934485000000000,0f3ee008f8af6701d09f2197a1fac6021d131709707d306d9311a90260808e64,hashed,False
forensic_b,tests/test_corrective_wizard_reset_readiness.py,/Volumes/Expansion/TheWizForensic-20260819b/tests/test_corrective_wizard_reset_readiness.py,33763,1787185204290000000,ccab08c626bb3d1be6e1e3ae8968879799887c72437175942224e31fd0c08e82,hashed,False
visual_recovery,tests/test_corrective_wizard_reset_readiness.py,/Users/gregc/.codex/visualizations/2026/06/22/019eed4d-31bc-7c63-9c9f-62ff25e68be8/TheWiz-recovery-working/tests/test_corrective_wizard_reset_readiness.py,33763,1786934485000000000,ccab08c626bb3d1be6e1e3ae8968879799887c72437175942224e31fd0c08e82,hashed,False
forensic_b,tests/test_corrective_wizard_unattended_preflight.py,/Volumes/Expansion/TheWizForensic-20260819b/tests/test_corrective_wizard_unattended_preflight.py,13449,1787185204290000000,708b41f2f974580ffc3eefdde65f9321468e56267017039da8d155e278f3ba75,hashed,False
visual_recovery,tests/test_corrective_wizard_unattended_preflight.py,/Users/gregc/.codex/visualizations/2026/06/22/019eed4d-31bc-7c63-9c9f-62ff25e68be8/TheWiz-recovery-working/tests/test_corrective_wizard_unattended_preflight.py,13449,1786934485000000000,708b41f2f974580ffc3eefdde65f9321468e56267017039da8d155e278f3ba75,hashed,False
forensic_b,tests/test_current_wizard_hyperliquid_completion_audit.py,/Volumes/Expansion/TheWizForensic-20260819b/tests/test_current_wizard_hyperliquid_completion_audit.py,8169,1787185204300000000,0d7754e592938258deeb119015642a3cb044378637ef68307324048a7fceff7e,hashed,False
visual_recovery,tests/test_current_wizard_hyperliquid_completion_audit.py,/Users/gregc/.codex/visualizations/2026/06/22/019eed4d-31bc-7c63-9c9f-62ff25e68be8/TheWiz-recovery-working/tests/test_current_wizard_hyperliquid_completion_audit.py,8169,1786934485000000000,0d7754e592938258deeb119015642a3cb044378637ef68307324048a7fceff7e,hashed,False
forensic_b,tests/test_exhaustive_wizard_hyperliquid_learning.py,/Volumes/Expansion/TheWizForensic-20260819b/tests/test_exhaustive_wizard_hyperliquid_learning.py,10334,1787185204340000000,3ab3ca12a961e79cce2fbfdce272400e8cdc87e6574e9c20d207c31fecc77e0b,hashed,False
visual_recovery,tests/test_exhaustive_wizard_hyperliquid_learning.py,/Users/gregc/.codex/visualizations/2026/06/22/019eed4d-31bc-7c63-9c9f-62ff25e68be8/TheWiz-recovery-working/tests/test_exhaustive_wizard_hyperliquid_learning.py,10334,1786934485000000000,3ab3ca12a961e79cce2fbfdce272400e8cdc87e6574e9c20d207c31fecc77e0b,hashed,False
forensic_b,tests/test_fixture_ingestion.py,/Volumes/Expansion/TheWizForensic-20260819b/tests/test_fixture_ingestion.py,5862,1787185204340000000,e316fbf229b415cc2f5a6fe7b7ec5814bf2aabcdb9eeea897e2b4c9e0474a71a,hashed,False
visual_recovery,tests/test_fixture_ingestion.py,/Users/gregc/.codex/visualizations/2026/06/22/019eed4d-31bc-7c63-9c9f-62ff25e68be8/TheWiz-recovery-working/tests/test_fixture_ingestion.py,5862,1786934485000000000,e316fbf229b415cc2f5a6fe7b7ec5814bf2aabcdb9eeea897e2b4c9e0474a71a,hashed,False
forensic_b,tests/test_v2_run.py,/Volumes/Expansion/TheWizForensic-20260819b/tests/test_v2_run.py,9163,1787185204400000000,852712eac034710e088503b2b118a2494c9687e96611b399c6faaa7201f677bd,hashed,False
visual_recovery,tests/test_v2_run.py,/Users/gregc/.codex/visualizations/2026/06/22/019eed4d-31bc-7c63-9c9f-62ff25e68be8/TheWiz-recovery-working/tests/test_v2_run.py,9163,1786934485000000000,852712eac034710e088503b2b118a2494c9687e96611b399c6faaa7201f677bd,hashed,False
forensic_b,tests/test_wizard_local_verification.py,/Volumes/Expansion/TheWizForensic-20260819b/tests/test_wizard_local_verification.py,20889,1787185204440000000,4c4e92b3ad6374ca3d182c13b8f1a664214edcd1e77f8fa03763dc0b5a9f6ed5,hashed,False
visual_recovery,tests/test_wizard_local_verification.py,/Users/gregc/.codex/visualizations/2026/06/22/019eed4d-31bc-7c63-9c9f-62ff25e68be8/TheWiz-recovery-working/tests/test_wizard_local_verification.py,20889,1786934485000000000,4c4e92b3ad6374ca3d182c13b8f1a664214edcd1e77f8fa03763dc0b5a9f6ed5,hashed,False
forensic_b,tests/test_wizard_mode_comparison.py,/Volumes/Expansion/TheWizForensic-20260819b/tests/test_wizard_mode_comparison.py,9354,1787185204440000000,c981b41b924adbab42c4217d38c9c174d33e463d247c7a762444af93785da22d,hashed,False
visual_recovery,tests/test_wizard_mode_comparison.py,/Users/gregc/.codex/visualizations/2026/06/22/019eed4d-31bc-7c63-9c9f-62ff25e68be8/TheWiz-recovery-working/tests/test_wizard_mode_comparison.py,9354,1786934485000000000,c981b41b924adbab42c4217d38c9c174d33e463d247c7a762444af93785da22d,hashed,False
forensic_b,tests/test_wizard_pair_detail_api_pilot.py,/Volumes/Expansion/TheWizForensic-20260819b/tests/test_wizard_pair_detail_api_pilot.py,10725,1787185204440000000,1719c6cc3be951bf7b20694c41c21fe11d48cff425c03f27848a4250a71ff152,hashed,False
visual_recovery,tests/test_wizard_pair_detail_api_pilot.py,/Users/gregc/.codex/visualizations/2026/06/22/019eed4d-31bc-7c63-9c9f-62ff25e68be8/TheWiz-recovery-working/tests/test_wizard_pair_detail_api_pilot.py,10725,1786934485000000000,1719c6cc3be951bf7b20694c41c21fe11d48cff425c03f27848a4250a71ff152,hashed,False
forensic_b,tests/test_wizard_pair_detail_ui_bundle.py,/Volumes/Expansion/TheWizForensic-20260819b/tests/test_wizard_pair_detail_ui_bundle.py,29214,1787185204440000000,1a09a8e2d7689c96a402de7f861f122ad2fe48f424b2ee8fea11f751a7f84537,hashed,False
visual_recovery,tests/test_wizard_pair_detail_ui_bundle.py,/Users/gregc/.codex/visualizations/2026/06/22/019eed4d-31bc-7c63-9c9f-62ff25e68be8/TheWiz-recovery-working/tests/test_wizard_pair_detail_ui_bundle.py,29214,1786934485000000000,1a09a8e2d7689c96a402de7f861f122ad2fe48f424b2ee8fea11f751a7f84537,hashed,False
forensic_b,tests/test_youtube_hypothesis_validation.py,/Volumes/Expansion/TheWizForensic-20260819b/tests/test_youtube_hypothesis_validation.py,9074,1787185204450000000,371c145ffe72e1ed1129c922e4b1636830193d257b5646e24aa2126d1cd16bb2,hashed,False
visual_recovery,tests/test_youtube_hypothesis_validation.py,/Users/gregc/.codex/visualizations/2026/06/22/019eed4d-31bc-7c63-9c9f-62ff25e68be8/TheWiz-recovery-working/tests/test_youtube_hypothesis_validation.py,9074,1786934485000000000,371c145ffe72e1ed1129c922e4b1636830193d257b5646e24aa2126d1cd16bb2,hashed,False
