test_id,baseline_outcome,diagnostic_cause,followup_outcome
tests.test_math_desk_census::test_foundation_census_is_complete_deterministic_and_zero_authority,failure,MISSING_GOVERNED_SOURCES,NOT_RERUN
tests.test_math_desk_census::test_existing_run_tampering_is_detected,failure,MISSING_GOVERNED_SOURCES,NOT_RERUN
tests.test_math_desk_census::test_writable_foundation_envelope_is_rejected[directory],failure,MISSING_GOVERNED_SOURCES,NOT_RERUN
tests.test_math_desk_census::test_writable_foundation_envelope_is_rejected[artifact],failure,MISSING_GOVERNED_SOURCES,NOT_RERUN
tests.test_math_desk_census::test_source_snapshot_change_is_detected_before_publication,failure,MISSING_GOVERNED_SOURCES,NOT_RERUN
tests.test_math_desk_census::test_current_run_identity_is_hashseed_and_timezone_deterministic,failure,MISSING_GOVERNED_SOURCES_INDIRECT,NOT_RERUN
tests.test_math_desk_census::test_consistent_authority_reseal_attack_is_rejected,error,MISSING_GOVERNED_SOURCES,NOT_RERUN
tests.test_math_desk_census::test_exact_artifact_membership_and_seal_are_enforced[missing],error,MISSING_GOVERNED_SOURCES,NOT_RERUN
tests.test_math_desk_census::test_exact_artifact_membership_and_seal_are_enforced[extra],error,MISSING_GOVERNED_SOURCES,NOT_RERUN
tests.test_math_desk_census::test_exact_artifact_membership_and_seal_are_enforced[minimal_seal],error,MISSING_GOVERNED_SOURCES,NOT_RERUN
tests.test_math_desk_census::test_symlinked_and_hardlinked_artifacts_are_rejected,error,MISSING_GOVERNED_SOURCES,NOT_RERUN
tests.test_math_desk_census::test_current_resolver_never_selects_a_legacy_run,error,MISSING_GOVERNED_SOURCES,NOT_RERUN
tests.test_math_desk_census::test_current_resolver_and_cli_verify_exact_run,error,MISSING_GOVERNED_SOURCES,NOT_RERUN
tests.test_math_desk_m3_core::test_m3_core_pack_is_complete_local_and_zero_authority,error,MISSING_GOVERNED_SOURCES,NOT_RERUN
tests.test_math_desk_m3_core::test_attack_suite_passes_every_declared_core_invariant,error,MISSING_GOVERNED_SOURCES,NOT_RERUN
tests.test_math_desk_m3_core::test_local_certification_does_not_overclaim_wizard_parity,error,MISSING_GOVERNED_SOURCES,NOT_RERUN
tests.test_math_desk_m3_core::test_log_runtime_is_independent_from_clean_room_oracle,error,MISSING_GOVERNED_SOURCES,NOT_RERUN
tests.test_math_desk_m3_core::test_atomic_dependencies_use_real_node_ids,error,MISSING_GOVERNED_SOURCES,NOT_RERUN
tests.test_math_desk_m3_core::test_static_graphs_branch_performance_from_true_dependencies,error,MISSING_GOVERNED_SOURCES,NOT_RERUN
tests.test_math_desk_m3_core::test_m3_artifacts_are_deterministic_and_receipt_is_scoped,error,MISSING_GOVERNED_SOURCES,NOT_RERUN
tests.test_math_desk_m3_core::test_exact_recomputation_rejects_artifact_attacks[modified],error,MISSING_GOVERNED_SOURCES,NOT_RERUN
tests.test_math_desk_m3_core::test_exact_recomputation_rejects_artifact_attacks[missing],error,MISSING_GOVERNED_SOURCES,NOT_RERUN
tests.test_math_desk_m3_core::test_exact_recomputation_rejects_artifact_attacks[extra],error,MISSING_GOVERNED_SOURCES,NOT_RERUN
tests.test_math_desk_m3_core::test_exact_recomputation_rejects_artifact_attacks[resealed],error,MISSING_GOVERNED_SOURCES,NOT_RERUN
tests.test_math_desk_m3_core::test_symlink_and_hardlink_attacks_are_rejected,error,MISSING_GOVERNED_SOURCES,NOT_RERUN
tests.test_math_desk_m3_core::test_current_resolver_and_cli_verify_exact_m3_run,error,MISSING_GOVERNED_SOURCES,NOT_RERUN
tests.test_math_desk_m4_wizard_parity::test_m4_pack_has_complete_zero_authority_target_coverage,error,MISSING_GOVERNED_SOURCES,NOT_RERUN
tests.test_math_desk_m4_wizard_parity::test_every_target_runs_the_complete_ten_layer_tribunal,error,MISSING_GOVERNED_SOURCES,NOT_RERUN
tests.test_math_desk_m4_wizard_parity::test_dynamic_ou_and_copula_are_not_conflated,error,MISSING_GOVERNED_SOURCES,NOT_RERUN
tests.test_math_desk_m4_wizard_parity::test_custom_series_reconstructions_and_critical_value_boundary,error,MISSING_GOVERNED_SOURCES,NOT_RERUN
tests.test_math_desk_m4_wizard_parity::test_badge_behavior_never_establishes_johansen_equation,error,MISSING_GOVERNED_SOURCES,NOT_RERUN
tests.test_math_desk_m4_wizard_parity::test_all_m4_attacks_pass_and_hash_tampering_is_detected,error,MISSING_GOVERNED_SOURCES,NOT_RERUN
tests.test_math_desk_m4_wizard_parity::test_m4_artifacts_are_deterministic_scoped_and_zero_authority,error,MISSING_GOVERNED_SOURCES,NOT_RERUN
tests.test_math_desk_m4_wizard_parity::test_exact_recomputation_rejects_m4_artifact_attacks[modified],error,MISSING_GOVERNED_SOURCES,NOT_RERUN
tests.test_math_desk_m4_wizard_parity::test_exact_recomputation_rejects_m4_artifact_attacks[missing],error,MISSING_GOVERNED_SOURCES,NOT_RERUN
tests.test_math_desk_m4_wizard_parity::test_exact_recomputation_rejects_m4_artifact_attacks[extra],error,MISSING_GOVERNED_SOURCES,NOT_RERUN
tests.test_math_desk_m4_wizard_parity::test_exact_recomputation_rejects_m4_artifact_attacks[resealed],error,MISSING_GOVERNED_SOURCES,NOT_RERUN
tests.test_math_desk_m4_wizard_parity::test_m4_symlink_and_hardlink_attacks_are_rejected,error,MISSING_GOVERNED_SOURCES,NOT_RERUN
tests.test_math_desk_m4_wizard_parity::test_current_resolver_and_cli_verify_exact_m4_run,error,MISSING_GOVERNED_SOURCES,NOT_RERUN
tests.test_math_desk_m5_exhaustive::test_m5x_accounts_for_every_inventory_source,error,MISSING_GOVERNED_SOURCES,NOT_RERUN
tests.test_math_desk_m5_exhaustive::test_m5x_routes_current_and_candidate_equations_without_parity_inflation,error,MISSING_GOVERNED_SOURCES,NOT_RERUN
tests.test_math_desk_m5_exhaustive::test_m5x_seal_and_loader_reject_vendor_inflation,error,MISSING_GOVERNED_SOURCES,NOT_RERUN
tests.test_math_desk_m5_exhaustive::test_m5x_downstream_resolver_requires_exact_current_inputs,error,MISSING_GOVERNED_SOURCES,NOT_RERUN
tests.test_math_desk_m5_source_evidence::test_m5_crosswalks_every_formula_without_authority_inflation,error,MISSING_GOVERNED_SOURCES,NOT_RERUN
tests.test_math_desk_m5_source_evidence::test_m5_retains_conflicts_and_scientific_gaps,error,MISSING_GOVERNED_SOURCES,NOT_RERUN
tests.test_math_desk_m5_source_evidence::test_m5_local_proofs_are_strict_and_vendor_bounded,error,MISSING_GOVERNED_SOURCES,NOT_RERUN
tests.test_math_desk_m5_source_evidence::test_m5_definition_is_exactly_sealable,error,MISSING_GOVERNED_SOURCES,NOT_RERUN
tests.test_math_desk_m5_visual::test_m5v_builds_exact_priority_queue_without_false_completion,error,MISSING_GOVERNED_SOURCES,NOT_RERUN
tests.test_math_desk_m5_visual::test_m5v_formula_digest_is_complete_and_zero_authority,error,MISSING_GOVERNED_SOURCES,NOT_RERUN
tests.test_math_desk_m5_visual::test_m5v_seal_and_loader_reject_authority_inflation,error,MISSING_GOVERNED_SOURCES,NOT_RERUN
tests.test_math_desk_m5_visual::test_m5v_downstream_resolver_requires_exact_current_inputs,error,MISSING_GOVERNED_SOURCES,NOT_RERUN
tests.test_math_desk_m6_backlog_resolution::test_exact_current_m6_backlog_resolution_counts_are_evidence_derived,failure,MISSING_GOVERNED_SOURCES,NOT_RERUN
tests.test_math_desk_m6_m8::test_m6_preserves_exact_upstream_populations,error,MISSING_GOVERNED_SOURCES,NOT_RERUN
tests.test_math_desk_m6_m8::test_m6_ou_failures_and_unknown_wizard_economics_remain_blocked,error,MISSING_GOVERNED_SOURCES,NOT_RERUN
tests.test_math_desk_m6_m8::test_future_scientific_success_is_not_an_implementation_control_failure,error,MISSING_GOVERNED_SOURCES,NOT_RERUN
tests.test_math_desk_m6_m8::test_m6_attack_suite_rejects_every_inflation,error,MISSING_GOVERNED_SOURCES,NOT_RERUN
tests.test_math_desk_m6_m8::test_m6_retains_specific_scientific_evidence_acquisition_queue,error,MISSING_GOVERNED_SOURCES,NOT_RERUN
tests.test_math_desk_m6_m8::test_m7_certifies_graphs_without_certifying_strategy_edge,error,MISSING_GOVERNED_SOURCES,NOT_RERUN
tests.test_math_desk_m6_m8::test_m7_retired_and_vendor_fidelity_inflations_are_rejected,error,MISSING_GOVERNED_SOURCES,NOT_RERUN
tests.test_math_desk_m6_m8::test_m7_attack_suite_exercises_every_canonical_desk,error,MISSING_GOVERNED_SOURCES,NOT_RERUN
tests.test_math_desk_m6_m8::test_m7_local_eligibility_is_derived_from_named_local_gates,error,MISSING_GOVERNED_SOURCES,NOT_RERUN
tests.test_math_desk_m6_m8::test_m7_economic_role_swap_is_illegal,error,MISSING_GOVERNED_SOURCES,NOT_RERUN
tests.test_math_desk_m6_m8::test_m7_canonical_membership_rejects_prefix_lookalike,error,MISSING_GOVERNED_SOURCES,NOT_RERUN
tests.test_math_desk_m6_m8::test_m6_and_m7_loaders_reject_truthy_string_booleans,error,MISSING_GOVERNED_SOURCES,NOT_RERUN
tests.test_math_desk_m6_m8::test_certification_schema_version_is_exact,error,MISSING_GOVERNED_SOURCES,NOT_RERUN
tests.test_math_desk_m6_m8::test_m8_integrated_multi_mode_multi_fold_positive_path_and_mutations,error,MISSING_GOVERNED_SOURCES,NOT_RERUN
tests.test_math_desk_m6_m8::test_m8_accounts_for_all_sources_and_quarantines_ineligible_desks,error,MISSING_GOVERNED_SOURCES,NOT_RERUN
tests.test_math_desk_m6_m8::test_m8_frozen_inputs_and_attacks_are_complete,error,MISSING_GOVERNED_SOURCES,NOT_RERUN
tests.test_math_desk_m6_m8::test_m6_m8_immutable_stage_tamper_and_membership_attacks[m5_definition-expected_names0],failure,MISSING_GOVERNED_SOURCES,NOT_RERUN
tests.test_math_desk_m6_m8::test_m6_m8_immutable_stage_tamper_and_membership_attacks[m6_definition-expected_names1],failure,MISSING_GOVERNED_SOURCES,NOT_RERUN
tests.test_math_desk_m6_m8::test_m6_m8_immutable_stage_tamper_and_membership_attacks[m7_definition-expected_names2],failure,MISSING_GOVERNED_SOURCES,NOT_RERUN
tests.test_math_desk_m6_m8::test_m6_m8_immutable_stage_tamper_and_membership_attacks[m8_definition-expected_names3],failure,MISSING_GOVERNED_SOURCES,NOT_RERUN
tests.test_math_desk_m6_m8::test_stage_verifier_rejects_extra_symlink_and_hardlink,error,MISSING_GOVERNED_SOURCES,NOT_RERUN
tests.test_math_desk_m6_m8::test_m6_m8_builds_are_deterministic_and_zero_authority,error,MISSING_GOVERNED_SOURCES,NOT_RERUN
tests.test_math_desk_m6_m8::test_cli_verifies_exact_current_m6_m8_runs[verify-m5-evidence-resolve_current_m5_source_evidence-source_count],failure,MISSING_GOVERNED_SOURCES,NOT_RERUN
tests.test_math_desk_m6_m8::test_cli_verifies_exact_current_m6_m8_runs[verify-m6-certification-resolve_current_m6_formula_certification-formula_count],failure,MISSING_GOVERNED_SOURCES,NOT_RERUN
tests.test_math_desk_m6_m8::test_cli_verifies_exact_current_m6_m8_runs[verify-m7-strategies-resolve_current_m7_strategy_certification-desk_count],failure,MISSING_GOVERNED_SOURCES,NOT_RERUN
tests.test_math_desk_m6_m8::test_cli_verifies_exact_current_m6_m8_runs[verify-m8-walkforward-resolve_current_m8_walkforward_validation-source_experiment_count],failure,MISSING_GOVERNED_SOURCES,NOT_RERUN
tests.test_math_desk_risk_census::test_risk_census_accounts_for_all_sources_and_every_video,error,INDEX_SCHEMA_MISMATCH_AFTER_EXACT_INDEX_COPY,error
tests.test_math_desk_risk_census::test_risk_census_retains_requested_rule_and_risk_families,error,INDEX_SCHEMA_MISMATCH_AFTER_EXACT_INDEX_COPY,error
tests.test_math_desk_risk_census::test_excluded_sources_are_visible_but_never_contribute,error,INDEX_SCHEMA_MISMATCH_AFTER_EXACT_INDEX_COPY,error
tests.test_math_desk_risk_census::test_risk_census_gap_map_is_complete_and_zero_authority,error,INDEX_SCHEMA_MISMATCH_AFTER_EXACT_INDEX_COPY,error
tests.test_math_desk_scope_registry::test_m9_registers_all_37_strategies_and_system_math_surfaces,failure,MISSING_GOVERNED_SOURCES,NOT_RERUN
tests.test_math_desk_scope_registry::test_m9_publication_is_deterministic_read_only_and_zero_authority,failure,MISSING_GOVERNED_SOURCES,NOT_RERUN
tests.test_math_desk_scope_registry::test_journal_schema_repair_is_unique_header_aligned_and_idempotent,failure,MISSING_ACTIVE_JOURNAL,NOT_RERUN
