math_version,economic_contract_version,check_id,authority_domain,status,observed,required,authority_effect,evidence_path
math-v2.1-y-on-x,wizard-seven-mode-economic-contract.v2,CORE_DAILY_SHARPE_USES_365,local_core,PASS,365.0,365,local core validity,src/quant_platform/math_v2_acceptance.py
math-v2.1-y-on-x,wizard-seven-mode-economic-contract.v2,CORE_HOURLY_SHARPE_USES_8760,local_core,PASS,8760.0,8760,local core validity,src/quant_platform/math_v2_acceptance.py
math-v2.1-y-on-x,wizard-seven-mode-economic-contract.v2,CORE_SHARPE_USES_SAMPLE_STANDARD_DEVIATION,local_core,PASS,10.19718383376189,10.19718383376189,local core validity,src/quant_platform/math_v2_acceptance.py
math-v2.1-y-on-x,wizard-seven-mode-economic-contract.v2,CORE_ZERO_VARIANCE_SHARPE_IS_BLOCKED,local_core,PASS,blocked:zero_or_nonfinite_return_variance,blocked:zero_or_nonfinite_return_variance,local core validity,src/quant_platform/math_v2_acceptance.py
math-v2.1-y-on-x,wizard-seven-mode-economic-contract.v2,CORE_DECLARED_INTERVAL_MUST_MATCH_TIMESTAMPS,local_core,PASS,blocked:declared_interval_timestamp_mismatch:1d!=1h,blocked:1d!=1h,local core validity,src/quant_platform/math_v2_acceptance.py
math-v2.1-y-on-x,wizard-seven-mode-economic-contract.v2,CORE_UNKNOWN_INTERVAL_BLOCKS_SHARPE,local_core,PASS,blocked,blocked with NaN,local core validity,src/quant_platform/math_v2_acceptance.py
math-v2.1-y-on-x,wizard-seven-mode-economic-contract.v2,CORE_DRAWDOWN_INCLUDES_INITIAL_CAPITAL,local_core,PASS,0.19999999999999996,0.2,local core validity,src/quant_platform/math_v2_acceptance.py
math-v2.1-y-on-x,wizard-seven-mode-economic-contract.v2,CORE_TWO_ROUND_TRIPS_EQUAL_TWO_CLOSED_TRADES,local_core,PASS,2,2,local core validity,src/quant_platform/math_v2_acceptance.py
math-v2.1-y-on-x,wizard-seven-mode-economic-contract.v2,CORE_OPEN_TRADE_EXCLUDED_FROM_CLOSED_METRICS,local_core,PASS,closed=0;open=1,closed=0;open=1,local core validity,src/quant_platform/math_v2_acceptance.py
math-v2.1-y-on-x,wizard-seven-mode-economic-contract.v2,CORE_REVERSAL_CLOSES_THEN_OPENS,local_core,PASS,signal_reversal;signal_exit,signal_reversal;signal_exit,local core validity,src/quant_platform/math_v2_acceptance.py
math-v2.1-y-on-x,wizard-seven-mode-economic-contract.v2,CORE_TRADE_FACTORS_RECONCILE_TO_EQUITY,local_core,PASS,0.0,<1e-12,local core validity,src/quant_platform/math_v2_acceptance.py
math-v2.1-y-on-x,wizard-seven-mode-economic-contract.v2,CORE_BETA_IS_DIAGNOSTIC_ONLY,local_core,PASS,0.0,<1e-15,local core validity,src/quant_platform/math_v2_acceptance.py
math-v2.1-y-on-x,wizard-seven-mode-economic-contract.v2,CORE_FUNDING_POLICIES_ARE_DISTINCT,local_core,PASS,signed=0;conservative=3.33333333333e-05,distinct; conservative>0,local core validity,src/quant_platform/math_v2_acceptance.py
math-v2.1-y-on-x,wizard-seven-mode-economic-contract.v2,CORE_SPREAD_CONVERGENCE_HAS_CORRECT_POSITION_DIRECTION,local_core,PASS,0.10000000000000009,>0 for long X / short Y convergence,local core validity,src/quant_platform/math_v2_acceptance.py
math-v2.1-y-on-x,wizard-seven-mode-economic-contract.v2,CORE_INVALID_HEDGE_RATIO_IS_REJECTED,local_core,PASS,hedge ratio must be finite and positive,finite and positive hedge ratio required,local core validity,src/quant_platform/math_v2_acceptance.py
math-v2.1-y-on-x,wizard-seven-mode-economic-contract.v2,CORE_ZSCORE_RETAINS_DDOF0_AND_DDOF1,local_core,PASS,zscore_ddof0;zscore_ddof1,both variants,local core validity,src/quant_platform/math_v2_acceptance.py
math-v2.1-y-on-x,wizard-seven-mode-economic-contract.v2,CORE_ZSCORE_IS_CAUSAL_WITH_RESPECT_TO_FUTURE_ROWS,local_core,PASS,True,True,local core validity,src/quant_platform/math_v2_acceptance.py
math-v2.1-y-on-x,wizard-seven-mode-economic-contract.v2,CORE_ENGLE_GRANGER_RECOVERS_Y_ON_X_CONTRACT,local_core,PASS,alpha=0.3816372377263164;beta=1.15488849183187;p=3.998069934469783e-08;residual_error=0.0,alpha~=0.4;beta~=1.15;p<0.05;Y-on-X residual identity,local core validity,src/quant_platform/math_v2_acceptance.py
math-v2.1-y-on-x,wizard-seven-mode-economic-contract.v2,CORE_ECM_SIGNS_MATCH_Y_ON_X_ERROR_TERM,local_core,PASS,gamma_x=0.20183226108332042;gamma_y=-0.13237255347412025,gamma_x>0;gamma_y<0,local core validity,src/quant_platform/math_v2_acceptance.py
math-v2.1-y-on-x,wizard-seven-mode-economic-contract.v2,CORE_OU_FIT_RECOVERS_VALID_PHI_AND_HALF_LIFE,local_core,PASS,phi=0.8590212807423016;half_life=4.561331652573276,0.75<phi<0.90;half_life>0,local core validity,src/quant_platform/math_v2_acceptance.py
math-v2.1-y-on-x,wizard-seven-mode-economic-contract.v2,CORE_INVALID_OU_PHI_IS_NOT_ABS_OR_CLIPPED,local_core,PASS,"random_walk_phi=0.9882714957904286;explosive={'method_id': 'ou_ar1_with_intercept', 'estimator_version': 'math-v2.1-y-on-x', 'validity_status': 'invalid', 'validity_reason': 'phi_outside_open_unit_interval', 'values': {'intercept': -6.661338147750939e-16, 'phi': 1.01}, 'lookback_rows': 200}",explosive phi retained >=1 and invalid,local core validity,src/quant_platform/math_v2_acceptance.py
math-v2.1-y-on-x,wizard-seven-mode-economic-contract.v2,CORE_HURST_DFA_DECLARES_ESTIMATOR_AND_SAMPLE_GATE,local_core,PASS,short=insufficient_rows;white_noise_h=0.5357331862848886,short invalid;0.3<H<0.7,local core validity,src/quant_platform/math_v2_acceptance.py
math-v2.1-y-on-x,wizard-seven-mode-economic-contract.v2,CORE_GAUSSIAN_COPULA_USES_CONDITIONAL_CDF,local_core,PASS,rho=0.6559707505981125;bounded=True;method=gaussian_copula_empirical_cdf,0.55<rho<0.75;conditional CDF bounded,local core validity,src/quant_platform/math_v2_acceptance.py
math-v2.1-y-on-x,wizard-seven-mode-economic-contract.v2,RUNTIME_NUMERICAL_IMPORTS,runtime,PASS,numpy=2.5.1;pandas=3.0.3;scipy=1.17.1;statsmodels=0.14.6,all imports succeed; scipy<1.18 while statsmodels 0.14.6 is locked,no diagnostic is valid if the numerical stack cannot import,pyproject.toml;uv.lock
math-v2.1-y-on-x,wizard-seven-mode-economic-contract.v2,WIZARD_CONSUMER_ARGUMENT_ORDER,source_contract,PASS,no compensating Y/X argument swaps,"all canonical consumers call fit_engle_granger(price_x, price_y)",prevents a second reversal after estimator fixes,src/quant_platform/orchestration/current_wizard_hyperliquid_replay.py;src/quant_platform/orchestration/teacher_evidence_materializer.py;src/quant_platform/orchestration/hyperliquid_research_validation.py
math-v2.1-y-on-x,wizard-seven-mode-economic-contract.v2,TWO_LEG_INPUTS_FAIL_CLOSED,source_contract,PASS,explicit hedge ratio; no forward-fill; positive-price guard,no invented 1.0 hedge ratio and no forward-filled prices,prevents plausible metrics from fabricated exposures or stale marks,src/quant_platform/backtest.py
math-v2.1-y-on-x,wizard-seven-mode-economic-contract.v2,LEGACY_INGESTION_SPREAD_REMOVED,source_contract,PASS,canonical Y-on-X log constructors only,no generic X-beta*Y spread and no missing-ratio fallback,"prevents source-dependent orientation, units, and invented exposures",src/quant_platform/fixture_ingestion.py;src/quant_platform/dydx_candles.py
math-v2.1-y-on-x,wizard-seven-mode-economic-contract.v2,TWO_LEG_DISPATCH_REQUIRES_HEDGE_RATIO,source_contract,PASS,"all audited dispatchers require price_x, price_y, and hedge_ratio",no two-leg backtest or ML label dispatch without an explicit hedge ratio,keeps incomplete records research-only and prevents old default behavior,src/quant_platform/experiments.py;src/quant_platform/ml_filter.py;src/quant_platform/cli.py
math-v2.1-y-on-x,wizard-seven-mode-economic-contract.v2,DYDX_INGESTED_HEDGE_FIT_Y_ON_X,source_contract,PASS,log(Y)-on-log(X) OLS with explicit hindsight label,derived history hedge ratio uses beta_y_on_x and records fit scope,prevents reciprocal coefficients and hidden full-sample authority,src/quant_platform/dydx_candles.py
math-v2.1-y-on-x,wizard-seven-mode-economic-contract.v2,SEVEN_MODE_SHARED_ECONOMIC_CONTRACT,source_contract,PASS,"seven modes share explicit orientation, direction, and sizing helpers",all seven modes preserve pair identity and route actions through one economic contract,"prevents mode-specific sign, asset-order, or sizing drift",src/quant_platform/wizard_mode_replay.py;src/quant_platform/economic_contract.py
math-v2.1-y-on-x,wizard-seven-mode-economic-contract.v2,WIZARD_STATIC_EXACT_RECONSTRUCTION,vendor_parity,PASS,exact_rows=10;max_abs_error=1.3793410857942945e-12;y_on_x=True,>=10 untouched Static proof rows; all spread/z-score errors <=1e-9; series_2-on-series_1,diagnostic parity only; no live authority,reports/active/hyperliquid_wizard_vendor_mode_proofs.csv
math-v2.1-y-on-x,wizard-seven-mode-economic-contract.v2,WIZARD_DYNAMIC_REMAINS_BLOCKED,vendor_parity,EXPECTED_BLOCK,exact Kalman state/update/transform contract not certified,must remain blocked until preregistered untouched evidence passes,prevents local approximation from being promoted as vendor exact,reports/active/hyperliquid_wizard_vendor_mode_proofs.csv
math-v2.1-y-on-x,wizard-seven-mode-economic-contract.v2,WIZARD_OU_REMAINS_BLOCKED,vendor_parity,EXPECTED_BLOCK,terminal OU V6 passed 4/8 and failed 4/8 holdout cells,must remain blocked until preregistered untouched evidence passes,prevents local approximation from being promoted as vendor exact,reports/active/wizard_ou_v6_terminal_closure.json
math-v2.1-y-on-x,wizard-seven-mode-economic-contract.v2,WIZARD_COPULA_FORMULA_REMAINS_BLOCKED,vendor_parity,EXPECTED_BLOCK,behavioral responses captured; formula/family calibration proof unavailable,must remain blocked until preregistered untouched evidence passes,prevents local approximation from being promoted as vendor exact,data/raw/crypto_wizards_copula_behavioral_proofs
math-v2.1-y-on-x,wizard-seven-mode-economic-contract.v2,WIZARD_PERFORMANCE_ACCOUNTING_REMAINS_BLOCKED,vendor_parity,EXPECTED_BLOCK,summary fields exposed; complete trade ledger and cost timing undisclosed,must remain blocked until preregistered untouched evidence passes,prevents local approximation from being promoted as vendor exact,https://api.cryptowizards.net/docsv1beta/backtest-post.mdx/
