incident_id,severity,category,affected_versions,wrong_or_inconsistent_math,impact,detection,status,fixed_in,fix,remaining_action,invalidated_artifacts,prevention_control,evidence_path
MATH-001,P0,orientation,math-v2 through 2026-08-20,fit_engle_granger regressed log(X) on log(Y) while the registry and economic contract declared log(Y) on log(X).,"Hedge ratios, residuals, OU/Hurst/ECM inputs, and dependency features could describe the reciprocal setup.","Coefficient-recovery and residual-identity diagnostics, plus static Wizard reconstruction evidence.",FIXED_THIS_AUDIT,math-v2.1-y-on-x,"Regress Y on X, emit explicit orientation metadata, and use coint(Y,X).",Rerun every derived artifact produced by the old estimator.,replays;teacher rows;walk-forward;datasets;ML;RL;dashboards,Known alpha/beta recovery and exact residual identity tests.,src/quant_platform/statistics/math_v2.py
MATH-002,P0,orientation,compensating consumers before math-v2.1,"Replay, teacher, and Hyperliquid validation callers swapped price_y and price_x to compensate for the reversed estimator.",Fixing only the estimator would have reversed these consumers a second time.,Repository-wide fit_engle_granger call-site scan.,FIXED_THIS_AUDIT,math-v2.1-y-on-x,"All consumers now call fit_engle_granger(price_x, price_y); forbidden swap scan added.",Keep source-contract scan in every audit.,current replay;teacher materializer;walk-forward validation,WIZARD_CONSUMER_ARGUMENT_ORDER source check.,src/quant_platform/orchestration
MATH-003,P0,ecm,math-v2 through 2026-08-20,"ECM support expected gamma_x<0 and gamma_y>0, signs consistent with the old X-on-Y residual but opposite the declared Y-on-X error term.",ECM strength and leader/follower interpretation could be inverted.,Economic sign derivation and controlled two-leg ECM process.,FIXED_THIS_AUDIT,math-v2.1-y-on-x,"For e=Y-alpha-beta*X, require gamma_x>0 and gamma_y<0 when significant.",Regenerate ECM fields and any features/rankings using them.,ECM diagnostics;teacher features;pair ranking;model inputs,Controlled ECM sign test with explicit residual formula metadata.,src/quant_platform/statistics/math_v2.py
MATH-004,P0,testing,old 19-check Math V2 marker,"The cointegration test asserted only p<0.05 and never asserted alpha, beta, residual identity, orientation metadata, or ECM signs.",A reversed estimator received a 19/19 PASS and the audit claimed the orientation was fixed.,Adversarial review of what each test actually proved.,FIXED_THIS_AUDIT,math-v2.1-y-on-x,"Acceptance now checks coefficient recovery, residual identity, orientation, ECM signs, direction, invalid beta, zero variance, and timestamp consistency.","Treat prior 19/19 marker as superseded, not current evidence.",reports/active/math_v2_acceptance.json;2026-08-15 audit conclusion,"Tests must prove semantic identities, not merely plausible significance.",src/quant_platform/math_v2_acceptance.py
MATH-005,P0,versioning,math-v2,Material formula changes reused the same math-v2 label.,Stale and corrected artifacts were indistinguishable by version string.,"Lineage audit across performance, teacher, and dataset contracts.",FIXED_THIS_AUDIT,math-v2.1-y-on-x,Bumped math and economic-contract versions and all dependent settings/formula versions.,Reject old-version markers in current adapters and rebuild all descendants.,all math-v2 derived artifacts,Exact version checks in teacher and acceptance adapters.,src/quant_platform/performance_math.py;src/quant_platform/economic_contract.py
MATH-006,P0,data_validation,two-leg backtest before math-v2.1,Missing or NaN hedge ratios silently became 1.0; missing prices were forward-filled.,A test could complete with invented exposure or stale marks and look economically valid.,Backtest source trace and teacher test-frame failure after removing the default.,FIXED_THIS_AUDIT,math-v2.1-y-on-x,Two-leg backtests require complete positive prices and a complete finite positive hedge_ratio column.,Rerun old completed backtests; retain old outputs only as historical evidence.,two-leg replay and labels,Missing hedge ratio and bad-price fail-closed tests.,src/quant_platform/backtest.py
MATH-007,P1,economic_direction,economic contract v1,Negative or zero beta produced same-signed or undefined leg weights while action labels still said long/short pair.,Reported direction and actual portfolio could disagree.,Algebraic weight-sign audit.,FIXED_THIS_AUDIT,wizard-seven-mode-economic-contract.v2,Canonical opposing-leg contract rejects beta<=0 or nonfinite beta.,Research negative-beta relations only under a separately named contract.,position weights;execution plans,Positive-beta and gross-one weight invariants.,src/quant_platform/economic_contract.py
MATH-008,P1,performance,math-v2,Constant returns produced a valid Sharpe of 0.0 instead of an undefined/blocked ratio.,Degenerate data could appear harmless and pass downstream finite-value checks.,Zero-variance adversarial test.,FIXED_THIS_AUDIT,math-v2.1-y-on-x,Zero or nonfinite sample variance now blocks Sharpe and returns NaN.,Regenerate metrics for degenerate paths.,Sharpe fields and rankings,zero_variance_sharpe_is_blocked.,src/quant_platform/performance_math.py
MATH-009,P1,timeframe,math-v2,A declared interval overrode timestamps without checking that the observed grid matched.,"Daily labels on hourly data could annualize Sharpe by 365 instead of 8760, or vice versa.",Declared-daily/observed-hourly adversarial test.,FIXED_THIS_AUDIT,math-v2.1-y-on-x,"When a regular timestamp grid is available, declared and inferred intervals must agree.",Audit old rows where both interval and timestamps existed.,Sharpe and all annualized metrics,declared_interval_must_match_timestamps.,src/quant_platform/performance_math.py
MATH-010,P0,runtime,Python 3.12 lock before 2026-08-20,The lock selected SciPy 1.18 with statsmodels 0.14.6; statsmodels imported a SciPy helper removed in 1.18. The pytest script also used a stale Anaconda shebang.,"The estimator test suite could not import, and running bare pytest selected a different runtime than uv run python.",Import smoke test and interpreter-path inspection.,FIXED_THIS_AUDIT,uv.lock current,Pin SciPy <1.18 and invoke tests as uv run python -m pytest.,Keep numerical import/version smoke check before diagnostics.,all statistical diagnostics,RUNTIME_NUMERICAL_IMPORTS and canonical command documentation.,pyproject.toml;uv.lock
MATH-011,P0,performance,legacy and early V1 paths,Some Sharpe paths used population standard deviation; active policy requires sample standard deviation.,"Sharpe was inflated, especially for small samples.",2026-08-15 anti-pattern scan and deterministic sample-std comparison.,FIXED_PRIOR_AUDIT,math-v2,Active Sharpe uses ddof=1; ddof=0 remains only in explicitly named parity/feature diagnostics.,Rerun all legacy-derived rankings.,legacy reports;rankings;models,sharpe_uses_sample_standard_deviation.,src/quant_platform/performance_math.py
MATH-012,P0,drawdown,legacy and early V1 paths,Drawdown paths omitted initial equity 1.0 and could hide a first-bar loss.,Maximum drawdown was understated.,Immediate-loss fixture.,FIXED_PRIOR_AUDIT,math-v2,Prepend initial equity before running peak calculation.,Rerun all old drawdown and acceptance outputs.,risk reports;acceptance;models,drawdown_includes_initial_capital.,src/quant_platform/backtest.py
MATH-013,P0,returns,legacy and early V1 paths,Some paths added simple returns rather than compounding them.,"Total return, drawdown, labels, and RL rewards could disagree with realizable equity.",Ledger reconciliation against product(1+r).,FIXED_PRIOR_AUDIT,math-v2,Canonical ledger compounds simple returns and blocks bar loss <=-100%.,Regenerate all descendants from canonical ledger.,backtests;labels;ML;RL;scoreboards,trade_factors_reconcile_to_equity.,src/quant_platform/trade_ledger.py
MATH-014,P0,labels,V1 ML builder,ML labels duplicated hedge/beta PnL math instead of using the canonical ledger.,Training labels could disagree with the backtest being modeled.,2026-08-15 code-path comparison.,FIXED_PRIOR_AUDIT,math-v2,ML label generation reuses canonical two-leg trade ledger.,Rebuild and rehash all training datasets and models.,trade datasets;trade gate;student;RL,label-to-ledger reconciliation and lineage hashes.,src/quant_platform/ml_filter.py;src/quant_platform/trade_ledger.py
MATH-015,P1,ou,early Math V2,OU half-life accepted invalid or nonpositive delta_t.,A plausible half-life could be produced with meaningless time units.,Nonpositive-delta adversarial test.,FIXED_PRIOR_AUDIT,math-v2,OU fit blocks nonfinite or nonpositive delta_t.,Every OU report must include delta_t units.,OU half-life fields,ou_rejects_nonpositive_time_step.,src/quant_platform/statistics/math_v2.py
MATH-016,P0,vendor_parity,all versions,Local Dynamic implementations do not have certified exact Crypto Wizards parameter/update parity.,A local signal could be mislabeled as the dashboard's exact mode.,Captured holdouts and mismatch rows.,BLOCKED_VENDOR_UNKNOWN,none,Keep local Dynamic labeled local_validated_estimator or research comparator only.,Obtain fresh preregistered holdout evidence before any exact claim.,Dynamic mode parity,vendor_formula_parity_status must be exact on untouched holdouts.,reports/active/hyperliquid_wizard_vendor_mode_proofs.csv
MATH-017,P0,vendor_parity,all versions,Local OU AR(1) math is valid locally but does not reproduce Wizard OU generally; terminal V6 failed 4 of 8 cells.,Using local OU as vendor exact would be an unsupported semantic substitution.,Registered OU holdouts and terminal closure.,BLOCKED_VENDOR_UNKNOWN,none,Preserve local/Wizard namespaces and terminal rejection.,A new hypothesis requires a new preregistered generation and untouched holdout.,OU mode parity,WIZARD_OU_REMAINS_BLOCKED.,reports/active/wizard_ou_v6_terminal_closure.json
MATH-018,P0,vendor_parity,all versions,Wizard Copula family selection/calibration is not reconstructed; local code fits only Gaussian copulas unless captured conditionals are supplied.,Tail probabilities and trade directions can differ by family and directional view.,Official docs plus behavioral captures with no formula proof.,BLOCKED_VENDOR_UNKNOWN,none,"Require explicit family, fitted parameters, conditional view, and point-in-time calibration metadata.","Implement and cross-validate non-Gaussian families as local methods, not guessed vendor parity.",Copula modes and features,WIZARD_COPULA_FORMULA_REMAINS_BLOCKED.,data/raw/crypto_wizards_copula_behavioral_proofs
MATH-019,P0,hindsight,captured Wizard custom-series proofs,Static spread and full z-score reconstruction use the entire supplied sample.,Exact historical parity can leak future data if copied into live or walk-forward features.,Raw request/response reconstruction and formula scope review.,OPEN,none,Use captured full-sample math only as parity evidence; refit alpha/beta and normalization inside training folds.,Keep point-in-time flags and block dashboard hindsight from live features.,Wizard static captures;features;labels,full_sample_hindsight_never_live.,data/raw/crypto_wizards_custom_series_proofs
MATH-020,P0,vendor_performance,all versions,"Wizard exposes performance outputs but not complete bar accounting, trade lifecycle, annualization, funding, or cost timing formulas.",Matching Sharpe or return cannot prove strategy parity and may compare different economics.,Official backtest schema and local ledger comparison.,BLOCKED_VENDOR_UNKNOWN,none,Use Wizard backtest as hypothesis evidence; local costed point-in-time replay remains acceptance authority.,Capture every setting and compare trade paths if the vendor exposes them later.,Wizard/local backtest comparisons,WIZARD_PERFORMANCE_ACCOUNTING_REMAINS_BLOCKED.,https://api.cryptowizards.net/docsv1beta/backtest-post.mdx/
MATH-021,P0,historical_lineage,all pre-math-v2.1 derived outputs,"Historical outputs were generated under one or more corrected math, orientation, defaulting, or versioning defects.","They cannot support current ranking, training, paper, or live decisions.",Dependency graph and artifact-index review.,RERUN_REQUIRED,math-v2.1-y-on-x,Retain raw evidence; supersede every derived output with immutable math-v2.1 receipts.,Run controlled regeneration in dependency order and compare against frozen prior outputs.,replays;rankings;teachers;datasets;ML;RL;dashboards;paper preflight,math_version and input hashes required in every descendant.,reports/audits/2026-08-20_v2_math_diagnostic_historical_impact.csv
MATH-022,P0,dynamic_hedge_ratio,current replay settings through v3,"Dynamic modes estimated rolling beta from the held-out test slice alone, leaving the initial window undefined; older backtests then defaulted those missing exposures to beta=1.","Dynamic signals and sizing could disagree, and early held-out bars could use invented exposure.",Fail-closed hedge-ratio validation exposed the warm-up values in canonical and observed-cost replay tests.,FIXED_THIS_AUDIT,current_local_standardized_math_v2.v4_y_on_x,"Seed causal rolling Y-on-X beta with only the trailing training history, attach the resulting point-in-time series, and use the same series for signals and sizing.",Regenerate every Dynamic descendant and retain old output only for failure attribution.,Dynamic replay;observed-cost replay;walk-forward descendants;ML/RL labels,Dynamic tests require finite point-in-time beta from the first evaluable bar and reject nonpositive beta regimes explicitly.,src/quant_platform/orchestration/current_wizard_hyperliquid_replay.py
MATH-023,P0,ingestion_orientation,fixture and dYdX-derived history builders before this audit,"Legacy ingestion reconstructed generic spread as price_X-beta*price_Y and could substitute beta=1.0, while the active contract is log(Y)-beta_y_on_x*log(X).","The same pair could enter research with different units, orientation, and direction depending on its source path.",Repository-wide spread-construction scan after the full-suite boundary failure.,FIXED_THIS_AUDIT,math-v2.1-y-on-x,New derived histories use the canonical Y-on-X log spread; fixture normalization requires an explicit valid hedge ratio and never invents 1.0.,Regenerate all legacy normalized fixtures and dYdX-derived histories before comparing them with V2 outputs.,normalized enrichment fixtures;dYdX-derived histories;their strategy reports and descendants,Source scan forbids the old formulas and deterministic ingestion tests assert orientation and provenance.,src/quant_platform/fixture_ingestion.py;src/quant_platform/dydx_candles.py
MATH-024,P0,backtest_dispatch,"experiment, threshold-sweep, and ML-label dispatch before this audit",Several callers selected two-leg accounting when price_x and price_y existed even if hedge_ratio was absent.,"After fail-closed sizing was repaired, those paths crashed; before that repair they could silently use the old 1.0 default.",Complete test-suite execution after enabling strict two-leg input validation.,FIXED_THIS_AUDIT,math-v2.1-y-on-x,"Two-leg dispatch now requires price_x, price_y, and hedge_ratio; otherwise an explicit spread-only research path is used or the row is blocked.",Rebuild affected fixture experiments and ML candidate labels.,fixture experiments;z-score threshold sweeps;ML trade datasets,TWO_LEG_DISPATCH_REQUIRES_HEDGE_RATIO source check and boundary tests.,src/quant_platform/experiments.py;src/quant_platform/ml_filter.py;src/quant_platform/cli.py
