formula_id,topic,layer,formula,authority,point_in_time_contract,orientation,units,wizard_comparison,reference_comparison,known_limit,evidence_path,prevention_check
MODE_COPULA,Copula,local_seven_mode_replay,"metric_t is the explicitly selected u1_given_u2 or u2_given_u1 conditional; absent captured conditionals, a trailing Gaussian h-function is a local approximation",local_research_replay_or_captured_behavior_only,captured conditional series or trailing calibration only,conditioned asset and lower/upper tail actions are explicit,conditional_probability_0_to_1,family selection and calibration are not certified as Wizard exact,Gaussian h-function is valid only for the Gaussian family,using the wrong directional view or family can reverse the trade,src/quant_platform/wizard_mode_replay.py;src/quant_platform/statistics/math_v2.py,SEVEN_MODE_SHARED_ECONOMIC_CONTRACT
MODE_DYNAMIC_SPREAD,Dyn (Spread),local_seven_mode_replay,beta_t=causal rolling OLS log(Y) on log(X); s_t=log(Y_t)-beta_t*log(X_t); metric_t=causal expanding zscore(s_t),local_research_replay_only,rolling beta is seeded from trailing training history and never from future rows,Y-on-X with the same beta_t used for metric and sizing,dimensionless_sigma_metric,Wizard says Dynamic is Kalman-based; rolling OLS is not vendor parity,valid local adaptive comparator,nonpositive or missing beta_t blocks the opposing-leg contract,src/quant_platform/wizard_mode_replay.py;src/quant_platform/orchestration/current_wizard_hyperliquid_replay.py,SEVEN_MODE_SHARED_ECONOMIC_CONTRACT
MODE_DYNAMIC_ZSCORER,Dyn (ZScoreR),local_seven_mode_replay,"beta_t=causal rolling OLS log(Y) on log(X); s_t=log(Y_t)-beta_t*log(X_t); z_t=rolling_zscore_w(s_t,ddof=1)",local_research_replay_only,training-seeded rolling beta and trailing z-score window,Y-on-X with the same beta_t used for signal and sizing,dimensionless,not exact Wizard Kalman/ZScoreR parity,valid local adaptive comparator,"warm-up, state initialization, and vendor Kalman details remain non-equivalent",src/quant_platform/wizard_mode_replay.py;src/quant_platform/orchestration/current_wizard_hyperliquid_replay.py,SEVEN_MODE_SHARED_ECONOMIC_CONTRACT
MODE_OU_SPREAD,OU (Spread),local_seven_mode_replay,s_t=log(Y_t)-beta_y_on_x*log(X_t); metric_t=s_t-captured_mu; captured_sigma scales thresholds,local_research_replay_only,"captured beta, mu, and sigma; no test-window refit",Y-on-X,centered_log_spread,Wizard says OU is MLE-based; terminal local holdout passed only 4/8 cells,locally coherent conditional on captured parameters,"exact vendor transform, likelihood, and trend branch remain unknown",src/quant_platform/wizard_mode_replay.py,SEVEN_MODE_SHARED_ECONOMIC_CONTRACT
MODE_OU_ZSCORER,OU (ZScoreR),local_seven_mode_replay,"q_t=log(Y_t)-beta_y_on_x*log(X_t)-captured_mu; z_t=rolling_zscore_w(q_t,ddof=1)",local_research_replay_only,captured beta/mu/sigma and trailing z-score window,Y-on-X,dimensionless,not exact Wizard OU/ZScoreR parity,locally coherent conditional on captured parameters,rolling z-score cannot repair unknown vendor OU estimation,src/quant_platform/wizard_mode_replay.py,SEVEN_MODE_SHARED_ECONOMIC_CONTRACT
MODE_STATIC_SPREAD,Static (Spread),local_seven_mode_replay,"s_t=log(Y_t)-beta_y_on_x*log(X_t); metric_t=causal expanding zscore(s_t,ddof=1)",local_research_replay_only,captured beta; expanding statistics use only rows available by t,Y-on-X; threshold action is validated against captured operator and leg labels,dimensionless_sigma_metric,not the same as Wizard full-sample Static custom-series output,uses a causal normalization because captured Spread thresholds are sigma-scaled,exact vendor live-safe fit scope is not proven,src/quant_platform/wizard_mode_replay.py,SEVEN_MODE_SHARED_ECONOMIC_CONTRACT
MODE_STATIC_ZSCORER,Static (ZScoreR),local_seven_mode_replay,s_t=log(Y_t)-beta_y_on_x*log(X_t); z_t=(s_t-rolling_mean_w)/rolling_std_w(ddof=1),local_research_replay_only,captured beta and window; trailing rows only,Y-on-X; threshold action is validated against captured operator and leg labels,dimensionless,Static spread reconstruction is known diagnostically; live-safe upstream fit parity is not,standard trailing sample z-score,upstream captured beta fit scope may be unknown,src/quant_platform/wizard_mode_replay.py,SEVEN_MODE_SHARED_ECONOMIC_CONTRACT
LOCAL_REGISTRY_BETA,beta,local_formula_registry,"cov(asset, benchmark) / var(benchmark), or pair beta depending on endpoint.",local_contract,depends_on_caller; acceptance requires causal training-only fit,see formula; Y-on-X where pair orientation applies,method_specific,not automatically equal to Crypto Wizards,named local convention,Nonlinear exposure is missed by linear beta.,src/quant_platform/formula_registry.py,registry_coverage_check
LOCAL_REGISTRY_COINTEGRATION,cointegration,local_formula_registry,"Local Math V2 Engle-Granger: log(y_t)=alpha+beta*log(x_t)+epsilon_t, followed by a stationarity test on epsilon_t; Johansen is not yet a local acceptance estimator.",local_contract,depends_on_caller; acceptance requires causal training-only fit,see formula; Y-on-X where pair orientation applies,method_specific,not automatically equal to Crypto Wizards,named local convention,"Breaks during regime shifts, structural changes, or multiple-testing overfit.",src/quant_platform/formula_registry.py,registry_coverage_check
LOCAL_EQUITY,compounded_return,local_core,"equity_t=product_{i<=t}(1+r_net,i); total_return=equity_T-1",local_backtest_contract,chronological compounding,not orientation-specific,equity_multiple,Wizard total_return exact compounding contract is not exposed,correct for simple returns; differs from adding returns,any bar return <=-100% blocks ledger reconciliation,src/quant_platform/trade_ledger.py;src/quant_platform/backtest.py,trade_factors_reconcile_to_equity
LOCAL_REGISTRY_CONDITIONAL_PROBABILITIES,conditional_probabilities,local_formula_registry,Gaussian local h-function: Phi((Phi^-1(u)-rho*Phi^-1(v))/sqrt(1-rho^2)); the reverse view swaps u and v.,local_contract,depends_on_caller; acceptance requires causal training-only fit,see formula; Y-on-X where pair orientation applies,method_specific,not automatically equal to Crypto Wizards,named local convention,Probability distortions can persist instead of reverting.,src/quant_platform/formula_registry.py,registry_coverage_check
LOCAL_REGISTRY_COPULA,copula,local_formula_registry,"C(u,v) joining marginal CDFs into joint distribution F(x,y)=C(Fx(x),Fy(y)).",local_contract,depends_on_caller; acceptance requires causal training-only fit,see formula; Y-on-X where pair orientation applies,method_specific,not automatically equal to Crypto Wizards,named local convention,Wrong family or poor calibration creates false dislocation signals.,src/quant_platform/formula_registry.py,registry_coverage_check
LOCAL_REGISTRY_CVAR,cvar,local_formula_registry,Expected loss conditional on loss exceeding VaR.,local_contract,depends_on_caller; acceptance requires causal training-only fit,see formula; Y-on-X where pair orientation applies,method_specific,not automatically equal to Crypto Wizards,named local convention,Requires enough tail observations or robust stress modeling.,src/quant_platform/formula_registry.py,registry_coverage_check
LOCAL_MAX_DRAWDOWN,drawdown,local_core,"max_t((running_peak_t-equity_t)/running_peak_t), initial equity 1 included",local_risk_metric,full evaluated path,not orientation-specific,fraction_of_capital,Wizard max_drawdown is negative in some API outputs; sign convention differs,magnitude is the active local convention,cannot infer future crash depth from historical drawdown,src/quant_platform/backtest.py,drawdown_includes_initial_capital
LOCAL_REGISTRY_DRAWDOWN,drawdown,local_formula_registry,"max((running_peak-equity_t)/running_peak), with initial equity 1.0 prepended before the first return.",local_contract,depends_on_caller; acceptance requires causal training-only fit,see formula; Y-on-X where pair orientation applies,method_specific,not automatically equal to Crypto Wizards,named local convention,Backtest drawdown underestimates unseen structural breaks.,src/quant_platform/formula_registry.py,registry_coverage_check
LOCAL_REGISTRY_ECM_STRENGTH,ecm_strength,local_formula_registry,Local Math V2: share of the two HC1 ECM adjustment coefficients that are significant at 5% and have the expected residual-correction sign.,local_contract,depends_on_caller; acceptance requires causal training-only fit,see formula; Y-on-X where pair orientation applies,method_specific,not automatically equal to Crypto Wizards,named local convention,High in-sample strength can be overfit or stale.,src/quant_platform/formula_registry.py,registry_coverage_check
LOCAL_REGISTRY_ECM_X,ecm_x,local_formula_registry,"Delta x_t = gamma_x*error_{t-1}+lagged deltas+noise, where error=log(y)-alpha-beta_y_on_x*log(x); expected correction sign is gamma_x>0.",local_contract,depends_on_caller; acceptance requires causal training-only fit,see formula; Y-on-X where pair orientation applies,method_specific,not automatically equal to Crypto Wizards,named local convention,Spurious adjustment under unstable cointegration.,src/quant_platform/formula_registry.py,registry_coverage_check
LOCAL_REGISTRY_ECM_Y,ecm_y,local_formula_registry,"Delta y_t = gamma_y*error_{t-1}+lagged deltas+noise, where error=log(y)-alpha-beta_y_on_x*log(x); expected correction sign is gamma_y<0.",local_contract,depends_on_caller; acceptance requires causal training-only fit,see formula; Y-on-X where pair orientation applies,method_specific,not automatically equal to Crypto Wizards,named local convention,Coefficient sign flips across regimes.,src/quant_platform/formula_registry.py,registry_coverage_check
LOCAL_EG_Y_ON_X,engle_granger_orientation,local_core,log(Y_t)=alpha+beta_y_on_x*log(X_t)+e_t,local_acceptance_estimator,fit only on training rows,X is regressor; Y is dependent variable,log_price,matches observed Wizard Static series_2-on-series_1 orientation,matches active econometrics convention; differs from older raw X-on-Y course examples,OLS direction is not symmetric; swapping assets creates a different setup,src/quant_platform/statistics/math_v2.py,engle_granger_recovers_y_on_x_contract
LOCAL_EG_RESIDUAL,equilibrium_residual,local_core,e_t=log(Y_t)-alpha-beta_y_on_x*log(X_t),local_acceptance_estimator,alpha and beta frozen from training rows,Y minus fitted Y from X,log_spread,matches reconstructed Wizard Static residual when log_used=true,matches Financial Econometrics reference contract,do not call the uncentered execution spread a fitted residual,src/quant_platform/statistics/math_v2.py;src/quant_platform/economic_contract.py,residual_identity_max_abs_error<1e-12
LOCAL_EXECUTION_SPREAD,execution_spread,local_core,s_t=log(Y_t)-beta_y_on_x*log(X_t),local_replay_series,beta frozen or causally rolling; no future rows,Y-on-X; omits constant alpha,log_spread,differs from Wizard raw Static residual by constant alpha,z-scores are translation invariant; raw OU levels require explicit centering,"must remain named uncentered spread, not residual",src/quant_platform/economic_contract.py,execution_spread_and_residual_are_distinct
LOCAL_COST_TURNOVER,fees_and_slippage,local_core,turnover=abs(delta w_X)+abs(delta w_Y); cost=turnover*bps/10000,local_backtest_contract,"charged on each weight change, including entry, exit, and reversal",per leg,simple_return_drag,"Wizard commission/slippage input exists, but exact application timing is unknown",declared local cost model,must use current venue and notional-specific observed slippage for acceptance,src/quant_platform/backtest.py,cost_component_ledger_and_observed_cost_gate
LOCAL_BAR_PNL,gross_return,local_core,"r_gross,t=w_X,t-1*r_X,t+w_Y,t-1*r_Y,t",local_backtest_contract,one-bar lag prevents same-close execution leakage,weights follow canonical action contract,simple_return,vendor bar-level accounting is not published,"matches portfolio arithmetic, not a single-spread difference shortcut",bad or missing prices and hedge ratios now fail closed,src/quant_platform/backtest.py,spread_convergence_has_correct_position_direction
LOCAL_REGISTRY_HALF_LIFE,half_life,local_formula_registry,"-ln(2) / ln(phi), where spread_t = c + phi*spread_{t-1} + noise.",local_contract,depends_on_caller; acceptance requires causal training-only fit,see formula; Y-on-X where pair orientation applies,method_specific,not automatically equal to Crypto Wizards,named local convention,Invalid when spread is not stationary or phi is unstable.,src/quant_platform/formula_registry.py,registry_coverage_check
LOCAL_REGISTRY_HEDGE_RATIO,hedge_ratio,local_formula_registry,Local static beta is OLS in log(y_t)=alpha+beta_y_on_x*log(x_t)+epsilon_t; the canonical opposite-leg execution contract requires finite beta_y_on_x>0. Dynamic and vendor alternatives require their own method_id.,local_contract,depends_on_caller; acceptance requires causal training-only fit,see formula; Y-on-X where pair orientation applies,method_specific,not automatically equal to Crypto Wizards,named local convention,Unstable beta creates hidden directional exposure.,src/quant_platform/formula_registry.py,registry_coverage_check
LOCAL_REGISTRY_HURST,hurst,local_formula_registry,Local Math V2: first-order detrended fluctuation analysis; log fluctuation is regressed on log window scale and the slope is H.,local_contract,depends_on_caller; acceptance requires causal training-only fit,see formula; Y-on-X where pair orientation applies,method_specific,not automatically equal to Crypto Wizards,named local convention,"Sensitive to sample length, microstructure noise, and jumps.",src/quant_platform/formula_registry.py,registry_coverage_check
LOCAL_DERIVED_HEDGE_RATIO,ingested_hedge_ratio,local_ingestion_contract,"beta_y_on_x=cov(log(X),log(Y))/var(log(X))",research_input_only_when_fit_on_full_sample,full-sample imports are marked hindsight; acceptance refits inside each training fold,X regressor; Y dependent variable,elasticity,"not evidence of Wizard Dynamic, OU, or Copula parity",same slope as OLS log(Y) on log(X) with an intercept,"nonpositive, nonfinite, or unidentified slopes fail instead of falling back to 1.0",src/quant_platform/dydx_candles.py;src/quant_platform/economic_contract.py,DYDX_INGESTED_HEDGE_FIT_Y_ON_X
LOCAL_INGESTED_SPREAD,ingested_pair_spread,local_ingestion_contract,"s_t=log(Y_t)-beta_y_on_x*log(X_t), only when an explicit finite positive hedge ratio is present",research_input_only_until_fit_scope_is_proven,operator fit scope or full-sample derivation is recorded explicitly,Y-on-X,log_spread,provider spread remains provider evidence and is never silently reinterpreted,matches the canonical uncentered local execution spread,a missing hedge ratio does not default to 1.0 and cannot create a two-leg replay,src/quant_platform/fixture_ingestion.py;src/quant_platform/dydx_candles.py,LEGACY_INGESTION_SPREAD_REMOVED
LOCAL_REGISTRY_KENDALL,kendall,local_formula_registry,Difference between concordant and discordant pair probabilities.,local_contract,depends_on_caller; acceptance requires causal training-only fit,see formula; Y-on-X where pair orientation applies,method_specific,not automatically equal to Crypto Wizards,named local convention,No direct spread trading signal by itself.,src/quant_platform/formula_registry.py,registry_coverage_check
LEGACY_LEVEL_SPREAD_SUPERSEDED,legacy_ingested_spread,superseded_formula,"price_X-beta_x_on_y*price_Y, sometimes with beta=1.0",none,often full-sample or unspecified,X-on-Y; opposite of the V2 pair identity,price_units,not comparable to the active Wizard Static log reconstruction,a valid alternate spread only under a separately named level/X-on-Y contract,"unit-dependent, orientation-reversed, and previously allowed invented exposure",historical fixture and dYdX-derived histories,forbidden_source_pattern_scan
LOCAL_REGISTRY_ML_CONFIDENCE,ml_confidence,local_formula_registry,"Calibrated model probability of target event, usually P(profitable trade).",local_contract,depends_on_caller; acceptance requires causal training-only fit,see formula; Y-on-X where pair orientation applies,method_specific,not automatically equal to Crypto Wizards,named local convention,"Leakage, nonstationarity, and uncalibrated probabilities.",src/quant_platform/formula_registry.py,registry_coverage_check
LOCAL_MULTIPLE_TESTING,multiple_testing,local_statistical_validation,Benjamini-Hochberg controls expected false-discovery proportion at q,required_acceptance_control,applied to the declared experiment family after OOS folds,not orientation-specific,adjusted_pvalue,not a Wizard dashboard formula,matches standard FDR procedure,family definition must be frozen before testing,src/quant_platform/statistical_validation.py,benjamini_hochberg_unit_tests
LOCAL_NET_RETURN,net_return,local_core,r_net=r_gross-fees-slippage-funding-execution_risk-partial_fill,local_backtest_contract,costs accrue by turnover or held exposure as declared,signed funding is position-aware; conservative funding uses absolute drag,simple_return,Wizard exact cost timing and funding treatment are not published,course examples often omit costs and are not acceptance authority,execution_risk remains reported separately and is not vendor slippage,src/quant_platform/backtest.py;src/quant_platform/trade_ledger.py,trade_factors_reconcile_to_equity
LOCAL_REGISTRY_OU_OPTIMAL,ou_optimal,local_formula_registry,Vendor formula not exposed; observed only as a scanner boolean annotation.,local_contract,depends_on_caller; acceptance requires causal training-only fit,see formula; Y-on-X where pair orientation applies,method_specific,not automatically equal to Crypto Wizards,named local convention,Inventing stopping thresholds from this boolean creates unsupported vendor semantics.,src/quant_platform/formula_registry.py,registry_coverage_check
LOCAL_REGISTRY_PEARSON,pearson,local_formula_registry,"cov(x,y)/(std(x)*std(y)).",local_contract,depends_on_caller; acceptance requires causal training-only fit,see formula; Y-on-X where pair orientation applies,method_specific,not automatically equal to Crypto Wizards,named local convention,Misses nonlinear and tail dependence.,src/quant_platform/formula_registry.py,registry_coverage_check
LOCAL_TWO_LEG_WEIGHTS,position_sizing,local_core,w_X=-signal*beta/(1+abs(beta)); w_Y=signal/(1+abs(beta)),local_execution_and_backtest_contract,signal shifted one bar before earning returns,+1 means short X/long Y; -1 means long X/short Y,gross_weight,Wizard x_weighting is a separate vendor backtest control,beta-normalized gross-one sizing is a declared local choice,requires finite beta>0 or action labels no longer describe opposite legs,src/quant_platform/economic_contract.py;src/quant_platform/backtest.py,gross_one_opposite_sign_and_positive_beta_checks
LOCAL_REGISTRY_PROFILE_MATCH,profile_match,local_formula_registry,Similarity score between current feature vector and historically profitable clusters.,local_contract,depends_on_caller; acceptance requires causal training-only fit,see formula; Y-on-X where pair orientation applies,method_specific,not automatically equal to Crypto Wizards,named local convention,Historical clusters may not survive new regimes.,src/quant_platform/formula_registry.py,registry_coverage_check
LOCAL_REGISTRY_ROLLING_ZSCORE,rolling_zscore,local_formula_registry,(spread_t - rolling_mean) / rolling_sample_std with ddof=1 for active signals; ddof=0 exists only as a separately named parity diagnostic.,local_contract,depends_on_caller; acceptance requires causal training-only fit,see formula; Y-on-X where pair orientation applies,method_specific,not automatically equal to Crypto Wizards,named local convention,Window choice can chase noise or lag breaks.,src/quant_platform/formula_registry.py,registry_coverage_check
LOCAL_SHARPE,sharpe,local_core,"sqrt(periods_per_year)*mean(net simple returns)/std(net simple returns,ddof=1)",local_ranking_metric,interval must be known and agree with timestamp grid,not orientation-specific,dimensionless_annualized,"Wizard says exchange affects annual days, but its exact formula is not exposed",zero risk-free rate and 365-day crypto calendar are declared local choices,"serial correlation, selection bias, and tails require separate inference",src/quant_platform/performance_math.py,sample_std_zero_variance_and_interval_consistency_checks
LOCAL_REGISTRY_SHARPE,sharpe,local_formula_registry,"Local active metric: sqrt(periods_per_year)*mean(net simple return)/sample_std(net simple return, ddof=1), with zero risk-free rate and interval-aware 365-day crypto annualization. Zero variance and declared-interval/timestamp mismatch fail closed.",local_contract,depends_on_caller; acceptance requires causal training-only fit,see formula; Y-on-X where pair orientation applies,method_specific,not automatically equal to Crypto Wizards,named local convention,"Inflated by non-normal tails, serial correlation, and selection bias.",src/quant_platform/formula_registry.py,registry_coverage_check
LOCAL_REGISTRY_SORTINO,sortino,local_formula_registry,annualized mean(return) / downside_std(return).,local_contract,depends_on_caller; acceptance requires causal training-only fit,see formula; Y-on-X where pair orientation applies,method_specific,not automatically equal to Crypto Wizards,named local convention,Can ignore crash clustering until enough tail events occur.,src/quant_platform/formula_registry.py,registry_coverage_check
LOCAL_REGISTRY_SPEARMAN,spearman,local_formula_registry,Pearson correlation of ranked observations.,local_contract,depends_on_caller; acceptance requires causal training-only fit,see formula; Y-on-X where pair orientation applies,method_specific,not automatically equal to Crypto Wizards,named local convention,Can miss asymmetric tail structure.,src/quant_platform/formula_registry.py,registry_coverage_check
LOCAL_REGISTRY_SPREAD,spread,local_formula_registry,"Y-on-X fitted residual is log(y_t)-alpha-beta_y_on_x*log(x_t). The replay execution spread is the separately named uncentered log(y_t)-beta_y_on_x*log(x_t); translation-invariant z-scores remove alpha, while raw OU levels require explicit centering.",local_contract,depends_on_caller; acceptance requires causal training-only fit,see formula; Y-on-X where pair orientation applies,method_specific,not automatically equal to Crypto Wizards,named local convention,Bad hedge ratio converts spread into directional bet.,src/quant_platform/formula_registry.py,registry_coverage_check
DASHBOARD_COLOR_SEMANTICS,stationarity_color_state,observed_ui_semantics,green/orange/uncolored states encode dashboard diagnostics observed by the operator,discovery_and_interpretation_only,snapshot-time UI state,Engle-Granger and Johansen fields must remain separate,categorical,"not a substitute for captured p-values, critical values, or trend model metadata","operator interpretation, not an independently derived equation",color alone cannot enter live features without a point-in-time field contract,docs/crypto_wizards_operator_playbook.md,capture_raw_fields_and_color_state_separately
LOCAL_REGISTRY_VAR,var,local_formula_registry,Quantile loss at confidence alpha.,local_contract,depends_on_caller; acceptance requires causal training-only fit,see formula; Y-on-X where pair orientation applies,method_specific,not automatically equal to Crypto Wizards,named local convention,Does not describe losses beyond the quantile.,src/quant_platform/formula_registry.py,registry_coverage_check
LOCAL_REGISTRY_WIN_RATE,win_rate,local_formula_registry,winning_trades / total_trades.,local_contract,depends_on_caller; acceptance requires causal training-only fit,see formula; Y-on-X where pair orientation applies,method_specific,not automatically equal to Crypto Wizards,named local convention,High win rate can hide rare large losses.,src/quant_platform/formula_registry.py,registry_coverage_check
WIZARD_BACKTEST_ACCOUNTING_UNKNOWN,wizard_backtest_performance,vendor_unknown,"API exposes total_return, annual_return, Sharpe, Sortino, VaR, CVaR, win rate, and max drawdown",discovery_and_hypothesis_only,vendor implementation and trade ledger are not published,mode and x_weighting dependent,mixed,cannot assert parity from matching summary values alone,"requires same prices, signals, sizing, costs, and trade lifecycle",commission and slippage defaults vary across examples and captures,https://api.cryptowizards.net/docsv1beta/backtest-post.mdx/,WIZARD_PERFORMANCE_ACCOUNTING_REMAINS_BLOCKED
WIZARD_COPULA_OFFICIAL,wizard_copula,vendor_official_description,"u1_given_u2=P(U1<=u1 | U2=u2), with a selected copula family",behavioral_evidence_only,vendor family selection and calibration history are not fully exposed,conditioned asset must be explicit,conditional_probability,local Gaussian h-function is not universal vendor parity,conditional CDF equation matches when family is Gaussian,"Clayton, Frank, Gumbel, and other families can reverse tail behavior",https://api.cryptowizards.net/docsv1beta/copula-post.mdx/,WIZARD_COPULA_FORMULA_REMAINS_BLOCKED
WIZARD_DYNAMIC_OFFICIAL,wizard_dynamic_spread,vendor_official_description,time-varying hedge ratio estimated with a Kalman filter,discovery_and_parity_research_only,"exact state initialization, covariance, update timing, and transform are undisclosed",official docs do not expose enough detail for exact implementation,level_or_log_spread_unknown,local Kalman comparators have mixed or failed holdout evidence,"conceptually related, not certified numerically equal",never label local rolling OLS or a guessed Kalman filter as vendor exact,https://api.cryptowizards.net/docsv1beta/spread-post.mdx/,WIZARD_DYNAMIC_REMAINS_BLOCKED
WIZARD_OU_OFFICIAL,wizard_ou_spread,vendor_official_description,OU parameters estimated by maximum likelihood,discovery_and_parity_research_only,"exact transform, trend branch, likelihood, and threshold contract are undisclosed",vendor-specific,vendor_specific,OU V6 terminal holdout passed only 4 of 8 cells,"local AR(1)-OU mapping is valid local math, not Wizard parity",passing cells cannot be generalized after failed holdout,https://api.cryptowizards.net/docsv1beta/spread-post.mdx/,WIZARD_OU_REMAINS_BLOCKED
WIZARD_STATIC_OBSERVED,wizard_static_spread,vendor_reconstructed,"series_2-(alpha+beta*series_1), in levels or logs selected by log_used",diagnostic_parity_only,vendor response fits the entire submitted sample; hindsight,series_1 is X; series_2 is Y,level_or_log_spread,10 captured Static mode rows reconstruct to <=1e-9,not live authority because fit scope is full sample,transform selector and future-safe fit policy are separate questions,reports/active/hyperliquid_wizard_vendor_mode_proofs.csv,WIZARD_STATIC_EXACT_RECONSTRUCTION
WIZARD_FULL_ZSCORE_OBSERVED,wizard_zscore,vendor_reconstructed,z_t=(spread_t-full_sample_mean)/full_sample_std(ddof=1),diagnostic_parity_only,hindsight full-sample normalization,inherits vendor spread orientation,dimensionless,reconstructed exactly on captured Static proofs,must be replaced by train-frozen or causal normalization for local replay,cannot be a live feature as captured,src/quant_platform/wizard_hyperliquid_mode_proof.py,full_sample_hindsight_never_live
WIZARD_ROLLING_ZSCORE_OBSERVED,wizard_zscore_roll,vendor_reconstructed,z_t=(spread_t-rolling_mean_w)/rolling_std_w(ddof=1); warmup=0,diagnostic_parity_only,rolling calculation; upstream spread fit may still be full sample,inherits vendor spread orientation,dimensionless,captured roll_w values reconstruct exactly on Static proofs,sample standard deviation matches local active convention,rolling z-score alone does not remove spread-fit hindsight,src/quant_platform/wizard_hyperliquid_mode_proof.py,rolling_zscore_causality_and_upstream_fit_audit
LOCAL_REGISTRY_ZSCORE,zscore,local_formula_registry,Active ZScoreR: (spread_t - rolling_mean) / rolling_sample_std with ddof=1; window and min_periods are explicit configuration.,local_contract,depends_on_caller; acceptance requires causal training-only fit,see formula; Y-on-X where pair orientation applies,method_specific,not automatically equal to Crypto Wizards,named local convention,Large z-score may indicate structural break rather than opportunity.,src/quant_platform/formula_registry.py,registry_coverage_check
