component,old_or_incorrect_local_math,corrected_local_math,crypto_wizards_math_or_evidence,parity_status,point_in_time_rule,historical_disposition,current_authority
pair_orientation_and_hedge_ratio,"log(X) regressed on log(Y), with compensating caller swaps",log(Y)=alpha+beta_y_on_x*log(X)+e; X is regressor and Y is dependent,captured Static custom-series rows reconstruct as series_2 on series_1,STATIC_DIAGNOSTIC_MATCH; OTHER_MODES_BLOCKED,fit beta inside training folds; captured full-sample beta is hindsight,old descendants superseded,local_core_only
static_spread,mixed X-beta*Y level spreads and a reversed local residual,"log(Y)-beta_y_on_x*log(X), with expanding causal sigma metric for local Spread replay","vendor Static residual is Y-(alpha+beta*X), in level/log space selected by log_used",PASS_DIAGNOSTIC_ONLY,vendor captured fit is full-sample; local acceptance must be causal,"old fixture, dYdX, and replay derivatives superseded",research_only_until_walk_forward
static_zscorer,z-score could inherit reversed/unit-inconsistent spread; ddof varied in legacy paths,trailing rolling mean/sample std(ddof=1) of canonical Y-on-X log spread,"captured zscore_roll reconstructs with roll_w, ddof=1, and zero warm-up on vendor spread",UPSTREAM_LIVE_PARITY_BLOCKED,trailing window is causal; captured upstream spread fit may not be,rebuild every stale Static ZScoreR result,local_research_only
dynamic_spread,rolling beta began inside the test slice and missing warm-up exposure could become 1.0,training-seeded causal rolling beta_y_on_x; same beta series drives metric and sizing,official Dynamic description uses a Kalman filter; exact state/update contract is undisclosed,BLOCKED_VENDOR_UNKNOWN,training seed plus trailing updates only,old Dynamic descendants superseded,local_comparator_only
dynamic_zscorer,rolling z-score was layered over an unseeded or defaulted dynamic spread,rolling sample z-score(ddof=1) over training-seeded causal dynamic Y-on-X spread,Kalman/ZScoreR implementation details remain undisclosed,BLOCKED_VENDOR_UNKNOWN,both beta and z-score windows are causal,rebuild every stale Dynamic ZScoreR result,local_comparator_only
ou_spread,local AR(1)/OU approximation was sometimes treated as if it were Wizard exact,canonical log spread centered by captured mu; captured sigma scales thresholds,"official OU description says MLE; exact transform, likelihood, and trend branch are unknown",BLOCKED; TERMINAL_HOLDOUT_4_OF_8,captured parameters only; no test-window refit,retain failed holdout as negative evidence; rerun local descendants,local_comparator_only
ou_zscorer,rolling normalization could obscure a non-equivalent underlying OU fit,rolling sample z-score(ddof=1) of canonical spread minus captured mu,vendor OU/ZScoreR internals are not certified,BLOCKED_VENDOR_UNKNOWN,trailing normalization; captured parameter scope remains explicit,rebuild every stale OU ZScoreR result,local_comparator_only
copula,Gaussian local conditionals could be overclaimed as general Wizard Copula parity,use captured directional conditional when present; otherwise name trailing Gaussian h-function as local,"conditional views are documented, but selected family and calibration history are incomplete",BLOCKED_VENDOR_UNKNOWN,captured point-in-time conditional or trailing local calibration only,retain behavioral captures; rebuild local Copula descendants,behavioral_or_local_research_only
ecm,expected gamma_x<0 and gamma_y>0 under a residual documented in the opposite direction,"for e=log(Y)-alpha-beta*log(X), expected correction is gamma_x>0 and gamma_y<0","dashboard exposes ECMX, ECMY, and strength; exact estimator/significance contract is not proven",LOCAL_VALID; VENDOR_PARITY_UNKNOWN,fit only from rows available in the training fold,"regenerate ECM features, rankings, and models",local_diagnostic_and_feature_only
two_leg_sizing_and_direction,missing hedge ratios could become 1.0; beta<=0 could contradict long/short labels,w_X=-signal*beta/(1+abs(beta)); w_Y=signal/(1+abs(beta)); finite beta>0 required,Wizard x_weighting is a separate control; exact portfolio accounting is undisclosed,LOCAL_CONTRACT_ONLY,signal is shifted one bar before returns,rerun all old two-leg results and labels,local_core_only
returns_equity_and_drawdown,some legacy paths added returns and omitted initial equity from drawdown,equity=product(1+r_net); return=equity_T-1; drawdown includes initial equity 1,"summary fields exist, but exact vendor ledger and drawdown sign/timing are undisclosed",LOCAL_VALID; VENDOR_PARITY_BLOCKED,chronological bar ledger with one-bar-lagged weights,old performance reports superseded,local_core_only
sharpe,"population std, zero-variance 0.0, or mismatched timeframe labels occurred in legacy paths",sqrt(periods/year)*mean(net returns)/sample std(ddof=1); degenerate or mismatched grids block,"Wizard Sharpe is exposed, but annualization, return stream, and cost timing are not fully published",LOCAL_VALID; VENDOR_PARITY_BLOCKED,declared interval must match observed regular timestamps,rerank all stale reports,local_core_only
costs_and_funding,"old comparisons could mix missing, default, or differently timed costs",turnover-based fees/slippage/execution risk plus declared signed or conservative funding and partial fills,"commission/slippage controls exist, but exact application and funding timing are not certified",VENDOR_PARITY_BLOCKED,current venue evidence and bar timing required,reattach observed Hyperliquid costs before acceptance,local_costed_acceptance_only
ml_rl_student_labels,duplicated PnL math and stale orientation could enter labels and rewards,all two-leg labels reuse the canonical trade ledger and immutable math lineage,"Wizard outputs remain discovery inputs, not realized labels",REBUILD_REQUIRED,features at entry; labels strictly after entry; purged folds,"rebuild datasets, then retrain every learner",blocked_pending_regeneration
ingestion_and_dispatch,"generic X-beta*Y spread, implicit beta=1.0, and price-only two-leg dispatch",canonical Y-on-X log spread; explicit valid ratio required for derivation and two-leg accounting,provider fields retain source semantics and are not silently converted into local execution authority,FIXED_LOCAL_BOUNDARY,full-sample derived ratio is labeled hindsight; incomplete rows are spread-only or blocked,legacy normalized histories and labels superseded,new_inputs_research_only_until_refit
