run_id,timestamp_utc,open_actions,pass_gates,critical,high,medium
supreme_team_2026-06-26_174523Z,2026-06-26_174523Z,20,0,8,8,4
supreme_team_2026-06-26_174554Z,2026-06-26_174554Z,20,0,8,8,4
supreme_team_2026-06-26_175958Z,2026-06-26_175958Z,20,0,8,8,4
supreme_team_2026-06-26_180046Z,2026-06-26_180046Z,20,0,8,8,4
supreme_team_2026-06-26_180106Z,2026-06-26_180106Z,20,0,8,8,4
supreme_team_2026-06-26_180520Z,2026-06-26_180520Z,20,0,8,8,4
supreme_team_2026-06-26_180546Z,2026-06-26_180546Z,20,0,8,8,4
supreme_team_2026-06-26_180700Z,2026-06-26_180700Z,20,0,8,8,4
supreme_team_2026-06-26_180714Z,2026-06-26_180714Z,20,0,8,8,4
supreme_team_2026-06-26_180742Z,2026-06-26_180742Z,20,0,8,8,4
supreme_team_2026-06-26_180908Z,2026-06-26_180908Z,20,0,8,8,4
supreme_team_2026-06-26_181111Z,2026-06-26_181111Z,20,0,8,8,4
supreme_team_2026-06-26_183630Z,2026-06-26_183630Z,20,0,8,8,4
supreme_team_2026-06-26_185534Z,2026-06-26_185534Z,20,0,8,8,4
supreme_team_2026-06-26_185622Z,2026-06-26_185622Z,20,0,8,8,4
supreme_team_2026-06-26_185803Z,2026-06-26_185803Z,20,0,8,8,4
supreme_team_2026-06-26_185857Z,2026-06-26_185857Z,20,0,8,8,4
supreme_team_2026-06-26_185913Z,2026-06-26_185913Z,20,0,8,8,4
supreme_team_2026-06-26_185927Z,2026-06-26_185927Z,20,0,8,8,4
supreme_team_2026-06-26_203615Z,2026-06-26_203615Z,20,0,8,8,4
supreme_team_2026-06-26_203720Z,2026-06-26_203720Z,16,4,8,4,4
supreme_team_2026-06-26_211319Z,2026-06-26_211319Z,20,0,8,8,4
supreme_team_2026-06-26_211453Z,2026-06-26_211453Z,20,0,8,8,4
supreme_team_2026-06-26_212501Z,2026-06-26_212501Z,20,0,8,8,4
supreme_team_2026-06-26_212515Z,2026-06-26_212515Z,20,0,8,8,4
supreme_team_2026-06-26_212900Z,2026-06-26_212900Z,20,0,8,8,4
supreme_team_2026-06-26_212946Z,2026-06-26_212946Z,20,0,8,8,4
supreme_team_2026-06-26_213305Z,2026-06-26_213305Z,20,0,8,8,4
supreme_team_2026-06-26_213654Z,2026-06-26_213654Z,20,0,8,8,4
supreme_team_2026-06-26_213828Z,2026-06-26_213828Z,20,0,8,8,4
supreme_team_2026-06-26_214127Z,2026-06-26_214127Z,20,0,8,8,4
supreme_team_2026-06-26_214252Z,2026-06-26_214252Z,20,0,8,8,4
supreme_team_2026-06-26_214722Z,2026-06-26_214722Z,20,0,8,8,4
supreme_team_2026-06-26_214930Z,2026-06-26_214930Z,20,0,8,8,4
supreme_team_2026-06-26_215006Z,2026-06-26_215006Z,20,0,8,8,4
supreme_team_2026-06-26_215053Z,2026-06-26_215053Z,20,0,8,8,4
supreme_team_2026-06-26_215254Z,2026-06-26_215254Z,20,0,8,8,4
supreme_team_2026-06-26_215746Z,2026-06-26_215746Z,20,0,8,8,4
supreme_team_2026-06-26_215913Z,2026-06-26_215913Z,20,0,8,8,4
supreme_team_2026-06-26_220018Z,2026-06-26_220018Z,20,0,8,8,4
supreme_team_2026-06-26_220231Z,2026-06-26_220231Z,20,0,8,8,4
supreme_team_2026-06-26_220412Z,2026-06-26_220412Z,20,0,8,8,4
supreme_team_2026-06-26_220551Z,2026-06-26_220551Z,20,0,8,8,4
supreme_team_2026-06-26_220851Z,2026-06-26_220851Z,20,0,8,8,4
supreme_team_2026-06-26_220958Z,2026-06-26_220958Z,20,0,8,8,4
supreme_team_2026-06-26_221055Z,2026-06-26_221055Z,20,0,8,8,4
supreme_team_2026-06-26_221253Z,2026-06-26_221253Z,20,0,8,8,4
supreme_team_2026-06-26_221313Z,2026-06-26_221313Z,20,0,8,8,4
supreme_team_2026-06-26_221628Z,2026-06-26_221628Z,20,0,8,8,4
supreme_team_2026-06-26_221822Z,2026-06-26_221822Z,16,4,4,8,4
supreme_team_2026-06-26_222259Z,2026-06-26_222259Z,16,4,4,8,4
supreme_team_2026-06-26_222843Z,2026-06-26_222843Z,16,4,4,8,4
supreme_team_2026-06-26_223314Z,2026-06-26_223314Z,16,4,4,8,4
supreme_team_2026-06-26_224525Z,2026-06-26_224525Z,16,4,4,8,4
supreme_team_2026-06-26_230359Z,2026-06-26_230359Z,16,4,4,8,4
supreme_team_2026-06-26_230853Z,2026-06-26_230853Z,16,4,4,8,4
supreme_team_2026-06-27_023351Z,2026-06-27_023351Z,16,4,4,8,4
supreme_team_2026-06-27_024014Z,2026-06-27_024014Z,16,4,4,8,4
supreme_team_2026-06-27_024034Z,2026-06-27_024034Z,16,4,4,8,4
supreme_team_2026-06-27_024059Z,2026-06-27_024059Z,16,4,4,8,4
supreme_team_2026-06-27_024955Z,2026-06-27_024955Z,16,4,4,8,4
supreme_team_2026-06-27_025306Z,2026-06-27_025306Z,16,4,4,8,4
supreme_team_2026-06-27_025438Z,2026-06-27_025438Z,16,4,4,8,4
supreme_team_2026-06-27_030502Z,2026-06-27_030502Z,16,4,4,8,4
supreme_team_2026-06-27_031115Z,2026-06-27_031115Z,16,4,4,8,4
supreme_team_2026-06-27_032027Z,2026-06-27_032027Z,16,4,4,8,4
supreme_team_2026-06-27_032140Z,2026-06-27_032140Z,16,4,4,8,4
supreme_team_2026-06-27_033053Z,2026-06-27_033053Z,16,4,4,8,4
supreme_team_2026-06-27_033347Z,2026-06-27_033347Z,16,4,4,8,4
supreme_team_2026-06-27_033608Z,2026-06-27_033608Z,16,4,4,8,4
supreme_team_2026-06-27_033658Z,2026-06-27_033658Z,16,4,4,8,4
supreme_team_2026-06-27_034216Z,2026-06-27_034216Z,16,4,4,8,4
supreme_team_2026-06-27_034505Z,2026-06-27_034505Z,16,4,4,8,4
supreme_team_2026-06-27_034931Z,2026-06-27_034931Z,16,4,4,8,4
supreme_team_2026-06-27_035452Z,2026-06-27_035452Z,16,4,4,8,4
supreme_team_2026-06-27_035558Z,2026-06-27_035558Z,16,4,4,8,4
supreme_team_2026-06-27_035642Z,2026-06-27_035642Z,16,4,4,8,4
supreme_team_2026-06-27_035718Z,2026-06-27_035718Z,16,4,4,8,4
supreme_team_2026-06-27_041521Z,2026-06-27_041521Z,16,4,4,8,4
supreme_team_2026-06-27_041556Z,2026-06-27_041556Z,16,4,4,8,4
supreme_team_2026-06-27_042625Z,2026-06-27_042625Z,16,4,4,8,4
supreme_team_2026-06-27_042722Z,2026-06-27_042722Z,16,4,4,8,4
supreme_team_2026-06-27_042948Z,2026-06-27_042948Z,16,4,4,8,4
supreme_team_2026-06-27_043528Z,2026-06-27_043528Z,16,4,4,8,4
supreme_team_2026-06-27_045312Z,2026-06-27_045312Z,16,4,4,8,4
supreme_team_2026-06-27_045544Z,2026-06-27_045544Z,16,4,4,8,4
supreme_team_2026-06-27_050122Z,2026-06-27_050122Z,16,4,4,8,4
supreme_team_2026-06-27_050149Z,2026-06-27_050149Z,16,4,4,8,4
supreme_team_2026-06-27_050329Z,2026-06-27_050329Z,16,4,4,8,4
supreme_team_2026-06-27_050355Z,2026-06-27_050355Z,16,4,4,8,4
supreme_team_2026-06-27_050616Z,2026-06-27_050616Z,16,4,4,8,4
supreme_team_2026-06-27_050642Z,2026-06-27_050642Z,16,4,4,8,4
supreme_team_2026-06-27_051808Z,2026-06-27_051808Z,16,4,4,8,4
supreme_team_2026-06-27_051956Z,2026-06-27_051956Z,16,4,4,8,4
supreme_team_2026-06-27_052320Z,2026-06-27_052320Z,16,4,4,8,4
supreme_team_2026-06-27_052608Z,2026-06-27_052608Z,16,4,4,8,4
supreme_team_2026-06-27_053245Z,2026-06-27_053245Z,12,8,0,8,4
supreme_team_2026-06-27_053513Z,2026-06-27_053513Z,12,8,0,8,4
supreme_team_2026-06-27_053846Z,2026-06-27_053846Z,8,12,0,8,0
supreme_team_2026-06-27_191703Z,2026-06-27_191703Z,8,12,0,8,0
supreme_team_2026-06-27_222115Z,2026-06-27_222115Z,8,12,0,8,0
supreme_team_2026-06-27_222203Z,2026-06-27_222203Z,8,12,0,8,0
supreme_team_2026-06-27_222246Z,2026-06-27_222246Z,8,12,0,8,0
supreme_team_2026-06-27_222324Z,2026-06-27_222324Z,8,12,0,8,0
supreme_team_2026-06-27_223747Z,2026-06-27_223747Z,8,12,0,8,0
supreme_team_2026-06-27_223828Z,2026-06-27_223828Z,8,12,0,8,0
supreme_team_2026-06-27_223909Z,2026-06-27_223909Z,8,12,0,8,0
supreme_team_2026-06-27_224025Z,2026-06-27_224025Z,8,12,0,8,0
