"finding_id","priority","area","status","observed_before_or_current","risk","correction_or_control","verification","residual_blocker","next_action","promotion_authority","evidence_path"
"SCRUB-001","P0","capture_precedence","FIXED","Matrix bridge rows were sorted ahead of live browser pair-page rows for identical pair/timeframe/mode identities.","Archived summaries could replace stronger live evidence and change downstream fields.","Capture priority now sorts browser evidence before matrix bridges and then newest timestamp within quality tier.","Regression test passes; current capture has 74 unique identities and zero duplicates.","None in corrected merge path.","Keep browser and matrix provenance visible in every refresh.","none","src/quant_platform/wizard_research_journal.py;tests/test_wizard_research_journal.py"
"SCRUB-002","P0","chart_configuration","FIXED","Every pair-detail row was forced to chart_right_mode=zscore and parity values overwrote captured chart values.","Spread and rolling-z-score modes could be mislabeled and comparisons could be invalid.","Preserve captured chart mode/value; use z-score parity only as a missing-value fallback.","Regression test preserves spread mode and value 2.25.","Old already-exported reports remain historical evidence and must not be reinterpreted as live captures.","Use rebuilt journal for all forward runs.","none","src/quant_platform/wizard_research_journal.py;reports/active/wizard_research_journal.csv"
"SCRUB-003","P0","copula_rl_join","FIXED","RL accepted latest pair/timeframe journal rows without requiring pair-detail layer capture status exact mode complete direction values family or evidence path.","Scanner rows matrix-only rows and generated placeholders could become model observations.","Require captured pair_detail_capture exact pair/timeframe/mode both probabilities valid family and evidence path.","Focused tests reject scanner placeholders incomplete rows wrong modes stale rows and future rows.","Historical rows without exact mode remain intentionally unattached.","Collect prospective exact-mode snapshots rather than backfilling guesses.","none","src/quant_platform/rl/features.py;docs/rl_copula_dashboard_contract.md"
"SCRUB-004","P0","training_lineage","BLOCKED","All 118682 current training rows have blank exact_mode even though local strategy names are populated.","Local strategy labels could be incorrectly treated as Wizard exact modes.","Strict join reports missing_candidate_exact_mode and attaches zero Wizard snapshots.","Real-data in-memory audit: 118682 missing_candidate_exact_mode; 0 attached.","No source-grounded historical Wizard exact-mode binding exists for those rows.","Add wizard_exact_mode only at candidate creation when backed by a captured setup identity; never infer it from local strategy_name.","none","data/ml/trade_training_dataset.csv;src/quant_platform/rl/features.py"
"SCRUB-005","P0","point_in_time_authority","CONTROLLED","Wizard dashboard performance and videos can contain full-sample or educational hindsight.","Sharpe returns and reviewed examples could leak into labels rewards or live signals.","Dashboard Sharpe/returns remain excluded from RL features; videos are UNVERIFIED research priors with no promotion or order authority.","Feature schema and tests enforce exclusions and authority.","Prospective snapshots are still needed for empirical usefulness.","Keep discovery acceptance and execution authority separate in every artifact.","none","src/quant_platform/rl/features.py;src/quant_platform/youtube_brain.py"
"SCRUB-006","P1","video_knowledge_integration","FIXED","Twenty reviewed Hudson and Thames recommendations existed outside the active YouTube research brain.","Copula AND/OR family-consensus OU threshold validation and ML leakage ideas were not reaching hypotheses.","Normalize the 20 reviewed recommendations into external research priors and merge them into claims.","Rebuilt brain: 78 claims including 20 external priors; 95 of 100 current hypotheses reference at least one external claim; all external priors have no promotion authority.","Ideas are not yet all implemented as executable challenger tests.","Materialize AND/OR Copula matrix and family-consensus challengers after current frozen run.","none","data/processed/youtube_brain/external_research_priors.csv;reports/research/hudson_thames_youtube_recommendations.csv"
"SCRUB-007","P1","knowledge_graph_lineage","FIXED","External video claims could create edges to video nodes absent from the Crypto Wizards-only registry.","Knowledge graph lineage could contain dangling video references.","Create external video nodes from direct claim URLs when not present in the native registry.","Rebuilt graph: 436 nodes and 312 edges.","Channel-level registry remains Crypto Wizards-specific by design.","Add a separate external-source registry before attempting live multi-channel collection.","none","data/processed/youtube_brain/knowledge_nodes.csv;data/processed/youtube_brain/knowledge_edges.csv"
"SCRUB-008","P1","copula_capture_completeness","OPEN","Of 74 pair-page rows 50 have a family 29 have both directional probabilities 35 have all ECM availability flags and only 2 have all four Copula thresholds.","Most historical pair-detail rows cannot support a faithful exact Copula replay.","Journal now preserves all available Copula threshold and ECM fields and scores completeness.","Rebuilt journal has 142 pair-detail rows: 74 evidence-backed captures and 68 explicit missing-timeframe placeholders.","Live full-field capture coverage is sparse.","Capture every pair/timeframe/mode prospectively with direction family ECM thresholds chart configuration and immutable evidence.","none","reports/active/crypto_wizards_pair_page_capture.csv;reports/active/wizard_research_pair_detail_capture.csv"
"SCRUB-009","P1","copula_parity","OPEN","Copula behavioral v2 passes 4 of 4 cells while formula_parity_proven remains false.","Behavioral symmetry can be mistaken for mathematical reproduction or trading edge.","Keep behavioral parity formula parity local performance and execution acceptance as separate gates.","Status explicitly records behavioral_parity_proven=true and formula_parity_proven=false.","Vendor formula reproduction and local costed edge remain unproven.","Do not promote Copula based on behavioral parity; run source-bound local challenger tests.","none","reports/active/wizard_copula_behavioral_v2_status.json"
"SCRUB-010","P1","live_freshness","BLOCKED","Rebuilt two-hour Copula report contains 0 rows because current scanner/detail evidence is not fresh enough for the live window.","A journal can look populated while having no actionable current snapshot.","Freshness remains a hard observation gate and stale rows contribute no RL values.","Journal rebuild reports two_hour_copula_rows=0.","A fresh dashboard sweep is required at the scheduled process time.","Run the frozen 8 PM process first; then capture prospective Copula details without altering its cohort.","none","reports/active/wizard_two_hour_copula_report.csv;reports/active/wizard_research_journal.md"
"SCRUB-011","P1","capture_queue_scale","OPEN","All scanner rows multiplied by seven exact modes created 6965 pending strategy-mode capture tasks.","An unprioritized queue can consume credits and operator time without increasing acceptance evidence efficiently.","Keep exhaustive coverage as inventory while separating a budgeted freshness-first execution queue.","Journal rebuild reports strategy_mode_capture_pending=6965.","Budget-aware scheduler is not yet applied to this queue.","After the frozen run rank tasks by freshness novelty missing-field value Hyperliquid tradability and setup identity.","none","reports/active/wizard_strategy_mode_capture_queue.csv;reports/active/wizard_credit_budget_contract.json"
"SCRUB-012","P0","runtime_reproducibility","FIXED","Direct python selected a broken Anaconda NumPy/scikit-learn binary combination and stopped test collection.","Results could depend on shell PATH rather than the project lockfile.","Canonical commands now use uv run python and direct python is documented as unapproved.","Focused suite passes 18 tests under uv.","External scripts not using the canonical sheet may still select system Python.","Add runtime identity to system-check output and CI receipts.","none","reports/active/canonical_commands.md;uv.lock"
"SCRUB-013","P0","frozen_run_isolation","CONTROLLED","The OU-v6 8 PM cohort must remain byte-for-byte frozen while unrelated fine-tuning occurs.","Scrub edits could accidentally invalidate the scheduled holdout.","No OU-v6 configuration request manifest or immutable capture manifest is edited by this work.","All three protected SHA-256 values are identical before and after rebuilds and 1809 tests.","None; launch must still perform its normal fail-closed preflight.","Fail closed if any protected hash changes before launch.","none","reports/active/corrective_wizard_next_capture_manifest.json;config/wizard_ou_comparator_v6_holdout.json"
"SCRUB-014","P0","time_sensitive_tests","FIXED","Hyperliquid safety fixtures computed feature and candidate timestamps at module import so a long full suite made them stale before execution.","Three tests failed over time even though the production freshness gate behaved correctly.","Generate candidate and entry-context timestamps at fixture invocation while retaining explicit stale/future negative cases.","Full locked-runtime suite passes: 1809 passed with 42 numerical warnings.","The warnings are existing small-sample correlation warnings and did not fail tests.","Keep wall-clock freshness values inside fixtures or inject a clock; never freeze them at collection time.","none","tests/test_hyperliquid_learning_and_risk.py"
