source_key,channel,video_id,title,url,duration_seconds,caption_status,research_topics,research_relevance_score,research_priority,promotion_authority
hudson_thames,Hudson & Thames,lDTSGK4JMYk,Modelling: Label Concurrency and Cross Validation,https://www.youtube.com/watch?v=lDTSGK4JMYk,1495,available,machine_learning;data_validation,4,must_review,none_research_only
hudson_thames,Hudson & Thames,z6x7pLDwBVM,Advanced Pairs Trading: A Literature Review on Machine Learning to Model Spreads,https://www.youtube.com/watch?v=z6x7pLDwBVM,1298,available,pairs_trading;machine_learning,3,must_review,none_research_only
hudson_thames,Hudson & Thames,1zz91G0nR14,Pairs Trading: The Cointegration Approach and Minimum Profit Optimization,https://www.youtube.com/watch?v=1zz91G0nR14,1565,available,pairs_trading;portfolio_risk,3,must_review,none_research_only
hudson_thames,Hudson & Thames,hLV5Roa_Bek,Advanced Pairs Trading: Intro to the Copula Approach,https://www.youtube.com/watch?v=hLV5Roa_Bek,2293,available,pairs_trading,2,must_review,none_research_only
hudson_thames,Hudson & Thames,R22JR4tqqqs,Advanced Pairs Trading: Machine Learning for Pairs Selection,https://www.youtube.com/watch?v=R22JR4tqqqs,896,available,pairs_trading;machine_learning,2,must_review,none_research_only
hudson_thames,Hudson & Thames,jpU0U0egqfo,Advanced Pairs Trading: Pairs Trading Based on Renko and Kagi Models,https://www.youtube.com/watch?v=jpU0U0egqfo,884,available,pairs_trading;machine_learning,2,must_review,none_research_only
hudson_thames,Hudson & Thames,lE0FuOSDvVI,Advanced Pairs Trading: Pairs Trading with Markov Regime-Switching Model,https://www.youtube.com/watch?v=lE0FuOSDvVI,342,available,pairs_trading;machine_learning,2,must_review,none_research_only
hudson_thames,Hudson & Thames,qg-idKbPH24,Advanced Pairs Trading: Partner Selection With Copula,https://www.youtube.com/watch?v=qg-idKbPH24,1191,missing,pairs_trading,2,must_review,none_research_only
hudson_thames,Hudson & Thames,IP7R-gnDF9w,Advanced Pairs Trading: Sparse Mean Reversion Portfolio Selection,https://www.youtube.com/watch?v=IP7R-gnDF9w,2771,available,pairs_trading;portfolio_risk,2,must_review,none_research_only
hudson_thames,Hudson & Thames,t99uCFQL5KI,Advanced Pairs Trading: Variations on the Copula Based Mispricing Index Strategy.,https://www.youtube.com/watch?v=t99uCFQL5KI,1994,available,pairs_trading,2,must_review,none_research_only
hudson_thames,Hudson & Thames,FB6tNgCZSbo,Advanced Pairs Trading: Vine Copula Trading Strategy,https://www.youtube.com/watch?v=FB6tNgCZSbo,1624,available,pairs_trading,2,must_review,none_research_only
hudson_thames,Hudson & Thames,tfIwxQu5nac,"ArbitrageLab for Pairs Trading, Demo Video",https://www.youtube.com/watch?v=tfIwxQu5nac,224,available,pairs_trading,2,must_review,none_research_only
hudson_thames,Hudson & Thames,rY4JWAz194Q,Clustered Feature Importance Algorithms in Financial Machine Learning: Part 2,https://www.youtube.com/watch?v=rY4JWAz194Q,575,available,machine_learning,2,must_review,none_research_only
hudson_thames,Hudson & Thames,vyjgR5Ln57s,Conditional Portfolio Optimization,https://www.youtube.com/watch?v=vyjgR5Ln57s,2529,available,portfolio_risk,2,must_review,none_research_only
hudson_thames,Hudson & Thames,-A7yrsOihNM,Feature Importance Algorithms in Financial Machine Learning: Part 1,https://www.youtube.com/watch?v=-A7yrsOihNM,1159,available,machine_learning,2,must_review,none_research_only
hudson_thames,Hudson & Thames,BIBSv_gwBgs,Meta-Labeling: Calibration and Position Sizing,https://www.youtube.com/watch?v=BIBSv_gwBgs,4342,available,portfolio_risk;machine_learning,2,must_review,none_research_only
hudson_thames,Hudson & Thames,WbgglcXfEzA,Meta-Labeling: Solving for Non Stationarity and Position Sizing,https://www.youtube.com/watch?v=WbgglcXfEzA,1920,available,portfolio_risk;machine_learning,2,must_review,none_research_only
hudson_thames,Hudson & Thames,iVB_nSoQEB0,Modelling: Sample Weights,https://www.youtube.com/watch?v=iVB_nSoQEB0,297,available,machine_learning,2,must_review,none_research_only
hudson_thames,Hudson & Thames,HGbWL2hhEUU,OU Model Tear Sheet Example,https://www.youtube.com/watch?v=HGbWL2hhEUU,129,missing,pairs_trading;machine_learning,2,must_review,none_research_only
hudson_thames,Hudson & Thames,OeqIGC-WTWo,Portfolio Optimization Workshop,https://www.youtube.com/watch?v=OeqIGC-WTWo,2660,available,portfolio_risk,2,must_review,none_research_only
hudson_thames,Hudson & Thames,rjKnpkmBZXs,Portfolio Optimization: Mean-Variance Optimization and the Critical Line Algorithm.,https://www.youtube.com/watch?v=rjKnpkmBZXs,3381,available,portfolio_risk,2,must_review,none_research_only
hudson_thames,Hudson & Thames,cpTKrDzmcIg,Trailer: Portfolio Optimization Workshop,https://www.youtube.com/watch?v=cpTKrDzmcIg,31,available,portfolio_risk,2,must_review,none_research_only
hudson_thames,Hudson & Thames,U-jyYwHlwh0,Advanced Pairs Trading: Extended Stochastic Control Strategies,https://www.youtube.com/watch?v=U-jyYwHlwh0,1226,available,pairs_trading,1,useful,none_research_only
hudson_thames,Hudson & Thames,odh5rH3WYJM,Advanced Pairs Trading: Hedge Ratio Estimation Methods,https://www.youtube.com/watch?v=odh5rH3WYJM,801,available,pairs_trading,1,useful,none_research_only
hudson_thames,Hudson & Thames,YavO2-sNVcs,Advanced Pairs Trading: Kalman Filters,https://www.youtube.com/watch?v=YavO2-sNVcs,627,available,pairs_trading,1,useful,none_research_only
hudson_thames,Hudson & Thames,Fllb9C7p7kE,Advanced Pairs Trading: Optimal Trading Rules,https://www.youtube.com/watch?v=Fllb9C7p7kE,998,available,pairs_trading,1,useful,none_research_only
hudson_thames,Hudson & Thames,C7iZLMXyIOQ,Advanced Pairs Trading: Optimal Trading Thresholds for the O-U Process,https://www.youtube.com/watch?v=C7iZLMXyIOQ,706,available,pairs_trading,1,useful,none_research_only
hudson_thames,Hudson & Thames,P0r-Vqzpk5k,Advanced Pairs Trading: Stochastic Control with OU Processes,https://www.youtube.com/watch?v=P0r-Vqzpk5k,1500,available,pairs_trading,1,useful,none_research_only
hudson_thames,Hudson & Thames,sKgDeqI39b4,Advanced Pairs Trading: The Basic Distance Approach,https://www.youtube.com/watch?v=sKgDeqI39b4,903,available,pairs_trading,1,useful,none_research_only
hudson_thames,Hudson & Thames,fvTQAnjgIaA,Advanced Pairs Trading: The Pearson Distance Approach,https://www.youtube.com/watch?v=fvTQAnjgIaA,779,available,pairs_trading,1,useful,none_research_only
hudson_thames,Hudson & Thames,IVAmm34eKWQ,Advanced Pairs Trading: The Principal Component Analysis (PCA) Approach,https://www.youtube.com/watch?v=IVAmm34eKWQ,2198,available,pairs_trading,1,useful,none_research_only
hudson_thames,Hudson & Thames,DgU1lSdH3vM,An Overview of Pairs Trading Strategies,https://www.youtube.com/watch?v=DgU1lSdH3vM,2505,available,pairs_trading,1,useful,none_research_only
hudson_thames,Hudson & Thames,RMskDStbwi0,Bagging and Boosting in Financial Machine Learning,https://www.youtube.com/watch?v=RMskDStbwi0,1284,available,machine_learning,1,useful,none_research_only
hudson_thames,Hudson & Thames,dO0toCkR9ro,Cointegration Tear Sheet Example,https://www.youtube.com/watch?v=dO0toCkR9ro,93,missing,pairs_trading,1,useful,none_research_only
hudson_thames,Hudson & Thames,RixAOIiiP9Y,Complex Networks in Finance and Building Portfolios for Covid-19 Robustness,https://www.youtube.com/watch?v=RixAOIiiP9Y,1296,available,portfolio_risk,1,useful,none_research_only
hudson_thames,Hudson & Thames,kyjmHHoMc80,Cross-Validation in Finance and Backtesting,https://www.youtube.com/watch?v=kyjmHHoMc80,1369,available,data_validation,1,useful,none_research_only
hudson_thames,Hudson & Thames,PwoTb-SxoC0,Deep Reinforcement Learning for Trading,https://www.youtube.com/watch?v=PwoTb-SxoC0,1953,available,reinforcement_learning,1,useful,none_research_only
hudson_thames,Hudson & Thames,tpLCMVyMOaM,Ensemble Meta-Labeling,https://www.youtube.com/watch?v=tpLCMVyMOaM,3182,available,machine_learning,1,useful,none_research_only
hudson_thames,Hudson & Thames,KqHrN6bJoNs,Feature Importance Workshop,https://www.youtube.com/watch?v=KqHrN6bJoNs,3034,available,machine_learning,1,useful,none_research_only
hudson_thames,Hudson & Thames,kX_7ocfTS8g,FinGPT: Open-Source Financial Large Language Models,https://www.youtube.com/watch?v=kX_7ocfTS8g,1570,available,machine_learning,1,useful,none_research_only
hudson_thames,Hudson & Thames,AXrHjhnHGZw,Financial Data Structures in Financial Machine Learning: Futures Roll,https://www.youtube.com/watch?v=AXrHjhnHGZw,756,available,machine_learning,1,useful,none_research_only
hudson_thames,Hudson & Thames,k1Cjw9z1AKg,Hierarchical Equal Risk Contribution (HERC),https://www.youtube.com/watch?v=k1Cjw9z1AKg,703,available,portfolio_risk,1,useful,none_research_only
hudson_thames,Hudson & Thames,9MSPeAYBYIY,Hierarchical Risk Parity (HRP),https://www.youtube.com/watch?v=9MSPeAYBYIY,1144,available,portfolio_risk,1,useful,none_research_only
hudson_thames,Hudson & Thames,mC53d7QhxEw,Labelling Techniques in Trading: Triple-Barrier and  Meta-Labelling,https://www.youtube.com/watch?v=mC53d7QhxEw,1038,available,machine_learning,1,useful,none_research_only
hudson_thames,Hudson & Thames,ZCFmZFBtqsQ,Meta-Labeling: Theory and Framework,https://www.youtube.com/watch?v=ZCFmZFBtqsQ,3158,available,machine_learning,1,useful,none_research_only
hudson_thames,Hudson & Thames,bLN9WzPU_zg,Model Interpretability using the Model Fingerprint,https://www.youtube.com/watch?v=bLN9WzPU_zg,1485,available,machine_learning,1,useful,none_research_only
hudson_thames,Hudson & Thames,pH4wctij1Hk,Nested Clustered Optimization (NCO),https://www.youtube.com/watch?v=pH4wctij1Hk,755,available,portfolio_risk,1,useful,none_research_only
hudson_thames,Hudson & Thames,N7YL7su0TxA,Online Portfolio Selection: Pattern Matching,https://www.youtube.com/watch?v=N7YL7su0TxA,1048,available,portfolio_risk,1,useful,none_research_only
hudson_thames,Hudson & Thames,gd009r7QUuM,Pairs Trading: The Distance Approach,https://www.youtube.com/watch?v=gd009r7QUuM,1905,available,pairs_trading,1,useful,none_research_only
hudson_thames,Hudson & Thames,Gnpeiu0KxUE,PortfolioLab Demo Video,https://www.youtube.com/watch?v=Gnpeiu0KxUE,171,available,portfolio_risk,1,useful,none_research_only
hudson_thames,Hudson & Thames,AZQ4PX4rzBo,Shapley Values: The Solution to Machine Learning Enigma,https://www.youtube.com/watch?v=AZQ4PX4rzBo,823,available,machine_learning,1,useful,none_research_only
hudson_thames,Hudson & Thames,NeG2nxk8ixc,11 Stylized Facts of Financial Time Series,https://www.youtube.com/watch?v=NeG2nxk8ixc,620,available,,0,optional,none_research_only
hudson_thames,Hudson & Thames,BumY00BJ61g,An Overview of Financial Data Structures,https://www.youtube.com/watch?v=BumY00BJ61g,1354,available,,0,optional,none_research_only
hudson_thames,Hudson & Thames,jk7A4yXKxUk,An Overview of Labeling Techniques,https://www.youtube.com/watch?v=jk7A4yXKxUk,1011,available,,0,optional,none_research_only
hudson_thames,Hudson & Thames,gbEyN_5ctq8,Fellowship Program,https://www.youtube.com/watch?v=gbEyN_5ctq8,63,missing,,0,optional,none_research_only
hudson_thames,Hudson & Thames,qM0N25UPSlw,Financial Data Structures Workshop,https://www.youtube.com/watch?v=qM0N25UPSlw,2616,available,,0,optional,none_research_only
hudson_thames,Hudson & Thames,WOkbYim0DR8,Financial Data Structures: Information Driven Bars (Run and Imbalance),https://www.youtube.com/watch?v=WOkbYim0DR8,820,available,,0,optional,none_research_only
hudson_thames,Hudson & Thames,vxIc34xhMKI,"Financial Data Structures: Tick, Volume, and Dollar Bars",https://www.youtube.com/watch?v=vxIc34xhMKI,983,available,,0,optional,none_research_only
hudson_thames,Hudson & Thames,6SfotqCQtag,"Git, Branching, and Pull Requests",https://www.youtube.com/watch?v=6SfotqCQtag,1686,available,,0,optional,none_research_only
hudson_thames,Hudson & Thames,KRp4kGKq7uc,Hosting Your Quant Reading Group,https://www.youtube.com/watch?v=KRp4kGKq7uc,558,available,,0,optional,none_research_only
hudson_thames,Hudson & Thames,D_Mbmc-fUgI,Introduction to Filters,https://www.youtube.com/watch?v=D_Mbmc-fUgI,884,available,,0,optional,none_research_only
hudson_thames,Hudson & Thames,VFJM4R1gFqQ,L&L Ep.1: High Performance Python - Profiling to Find Bottlenecks,https://www.youtube.com/watch?v=VFJM4R1gFqQ,1526,available,,0,optional,none_research_only
hudson_thames,Hudson & Thames,dtRHH1ITZT0,L&L Ep.2: High Performance Python - Lists and Tuples,https://www.youtube.com/watch?v=dtRHH1ITZT0,897,available,,0,optional,none_research_only
hudson_thames,Hudson & Thames,8rGIo5jOKRw,L&L Ep.3: High Performance Python - Iterators and Generators,https://www.youtube.com/watch?v=8rGIo5jOKRw,1226,available,,0,optional,none_research_only
hudson_thames,Hudson & Thames,hraFWjK3Bes,Labelling Techniques in Trading: Filters and Fixed Time,https://www.youtube.com/watch?v=hraFWjK3Bes,685,available,,0,optional,none_research_only
hudson_thames,Hudson & Thames,cEFPuNR_J3M,Matrix Flag Labeling,https://www.youtube.com/watch?v=cEFPuNR_J3M,856,available,,0,optional,none_research_only
hudson_thames,Hudson & Thames,YyMouLPj2QA,Measures of Codependence,https://www.youtube.com/watch?v=YyMouLPj2QA,2406,available,,0,optional,none_research_only
hudson_thames,Hudson & Thames,1fYzABjsNFk,Meta Labeling Architectures,https://www.youtube.com/watch?v=1fYzABjsNFk,2243,available,,0,optional,none_research_only
hudson_thames,Hudson & Thames,oasG9DKE6Rk,MlFinLab Demo Video,https://www.youtube.com/watch?v=oasG9DKE6Rk,179,available,,0,optional,none_research_only
hudson_thames,Hudson & Thames,U2CxilKFue4,Optimal Trading Rules Detection with Triple Barrier Labeling,https://www.youtube.com/watch?v=U2CxilKFue4,1796,available,,0,optional,none_research_only
hudson_thames,Hudson & Thames,s2G5NtFeeaw,Quantitative Research Process - Best Practices,https://www.youtube.com/watch?v=s2G5NtFeeaw,1043,available,,0,optional,none_research_only
hudson_thames,Hudson & Thames,F4ui_LBeeeo,Quantitative Research: Writing and Publishing Tips,https://www.youtube.com/watch?v=F4ui_LBeeeo,620,available,,0,optional,none_research_only
hudson_thames,Hudson & Thames,0As6VUUw6f8,Recommended Quantitative Research Tools,https://www.youtube.com/watch?v=0As6VUUw6f8,731,available,,0,optional,none_research_only
hudson_thames,Hudson & Thames,knPPeV58gHM,Scientific Discovery in Quantitative Finance,https://www.youtube.com/watch?v=knPPeV58gHM,2649,available,,0,optional,none_research_only
hudson_thames,Hudson & Thames,RyHG3B0LsAQ,Sequential Bootstrap: an Introduction,https://www.youtube.com/watch?v=RyHG3B0LsAQ,594,available,,0,optional,none_research_only
hudson_thames,Hudson & Thames,n_TRa6hIF0Q,Summary of Financial Data Structures,https://www.youtube.com/watch?v=n_TRa6hIF0Q,77,available,,0,optional,none_research_only
hudson_thames,Hudson & Thames,rRscFvpKb2s,Synthetic Financial Data Generation with MlFinLab,https://www.youtube.com/watch?v=rRscFvpKb2s,1637,available,,0,optional,none_research_only
hudson_thames,Hudson & Thames,2oebNnhih-U,Tail-Set Labels,https://www.youtube.com/watch?v=2oebNnhih-U,377,available,,0,optional,none_research_only
hudson_thames,Hudson & Thames,i-tUY_QMYz8,Tails of Time Series,https://www.youtube.com/watch?v=i-tUY_QMYz8,493,available,,0,optional,none_research_only
hudson_thames,Hudson & Thames,yhR1zLQIu9g,Theory-Implied Correlation Matrix (TIC),https://www.youtube.com/watch?v=yhR1zLQIu9g,1421,available,,0,optional,none_research_only
hudson_thames,Hudson & Thames,zxGL2cLFFms,Trend-Scanning Labels,https://www.youtube.com/watch?v=zxGL2cLFFms,591,available,,0,optional,none_research_only
hudson_thames,Hudson & Thames,k8oiBBfuvz8,"Wrapping up MVO and learning about Denoising, Detoning, and Shrinkage methods.",https://www.youtube.com/watch?v=k8oiBBfuvz8,1608,available,,0,optional,none_research_only
