schema_version,recommendation_id,theme,theme_label,recommendation_type,recommendation,interesting_suggestion,local_validation_test,strategy_families,priority,priority_score,confidence,source_video_count,source_videos,source_timestamps,evidence_excerpts,evidence_basis,directness,review_status,promotion_authority,trade_authorized
youtube_caption_insights.v1,htr_379a2c878d25787408b4,copula,Copula entry and exit logic matrix,caption_supported_research_hypothesis,Treat AND/OR entry and exit rules as explicit strategy parameters rather than implementation details.,"Prioritize AND-open/OR-exit as a robustness challenger, while preserving the full four-combination matrix for local replay.","Replay AND/AND, AND/OR, OR/AND, and OR/OR with identical point-in-time copula fits, costs, and signal thresholds.",copula,must_test,0.0,0.85,2,Advanced Pairs Trading: Intro to the Copula Approach (https://www.youtube.com/watch?v=hLV5Roa_Bek) | Advanced Pairs Trading: Variations on the Copula Based Mispricing Index Strategy. (https://www.youtube.com/watch?v=t99uCFQL5KI),Advanced Pairs Trading: Intro to the Copula Approach [00:14:15](https://www.youtube.com/watch?v=hLV5Roa_Bek&t=855s) | Advanced Pairs Trading: Variations on the Copula Based Mispricing Index Strategy. [00:20:15](https://www.youtube.com/watch?v=t99uCFQL5KI&t=1215s),,The reviewed captions say performance is highly sensitive to Boolean signal assembly and describe AND-open/OR-exit as a more stable variation.,assistant_synthesis_from_manually_reviewed_caption_windows,assistant_reviewed_2026-08-06,none_research_only,False
youtube_caption_insights.v1,htr_189b6565ab831b61ca14,copula,Copula model-dependence audit,caption_supported_research_hypothesis,Require signal direction and trade lifecycle to survive several statistically plausible copula families.,"Create a copula-consensus score and use family disagreement as a veto, size reduction, or separate regime state.","Compare top information-criterion families, parameter perturbations, threshold bands, flag reset rules, and divergence stop-loss rules.",copula,must_test,0.0,0.85,2,Advanced Pairs Trading: Intro to the Copula Approach (https://www.youtube.com/watch?v=hLV5Roa_Bek) | Advanced Pairs Trading: Variations on the Copula Based Mispricing Index Strategy. (https://www.youtube.com/watch?v=t99uCFQL5KI),Advanced Pairs Trading: Intro to the Copula Approach [00:30:45](https://www.youtube.com/watch?v=hLV5Roa_Bek&t=1845s) | Advanced Pairs Trading: Variations on the Copula Based Mispricing Index Strategy. [00:16:30](https://www.youtube.com/watch?v=t99uCFQL5KI&t=990s),,The reviewed captions repeatedly warn that mispricing-index signals and position flips depend materially on the selected copula and logic.,assistant_synthesis_from_manually_reviewed_caption_windows,assistant_reviewed_2026-08-06,none_research_only,False
youtube_caption_insights.v1,htr_e20c056ced3318c22d1e,copula,Vine Copula cohort selection and exit repair,caption_supported_research_hypothesis,Use Vine Copulas only after point-in-time cohort selection demonstrates stable multivariate dependency.,Test extrema-based cohort selection and replace the documented early Bollinger exit with conditional-density normalization and risk exits.,"Compare random, sector, dependency-clustered, and extrema-selected cohorts; attribute gains separately to selection and exit logic.",vine_copula,must_test,0.0,0.85,1,Advanced Pairs Trading: Vine Copula Trading Strategy (https://www.youtube.com/watch?v=FB6tNgCZSbo),Advanced Pairs Trading: Vine Copula Trading Strategy [00:18:00](https://www.youtube.com/watch?v=FB6tNgCZSbo&t=1080s),,"The reviewed caption reports weak performance for arbitrary groups, stronger extrema selection, and a tendency for Bollinger exits to close too early.",assistant_synthesis_from_manually_reviewed_caption_windows,assistant_reviewed_2026-08-06,none_research_only,False
youtube_caption_insights.v1,htr_1bfb8d6bf4862fe1935f,spread_signal,Cost-aware OU threshold optimization,caption_supported_research_hypothesis,Derive OU entries and exits from expected first-passage behavior and transaction costs instead of fixing every trade at plus or minus two.,"Optimize return and Sharpe per unit time, then compare the analytic thresholds with the regular fixed-threshold styles already in the project.","Refit OU parameters on trailing training windows, freeze thresholds for the next fold, and run parameter-sensitivity bands after costs.",ou_spread;ou_zscorer,must_test,0.0,0.85,1,Advanced Pairs Trading: Optimal Trading Thresholds for the O-U Process (https://www.youtube.com/watch?v=C7iZLMXyIOQ),Advanced Pairs Trading: Optimal Trading Thresholds for the O-U Process [00:05:15](https://www.youtube.com/watch?v=C7iZLMXyIOQ&t=315s),,"The reviewed caption derives entry/exit boundaries from first-passage time, risk-free rate, and round-trip transaction cost.",assistant_synthesis_from_manually_reviewed_caption_windows,assistant_reviewed_2026-08-06,none_research_only,False
youtube_caption_insights.v1,htr_d02646eb674bdc136d6e,spread_signal,Minimum-profit versus trade-frequency optimization,caption_supported_research_hypothesis,Select spread boundaries by balancing minimum profit per trade against expected trade frequency and holding time.,"Add a minimum-profit feasibility check that rejects thresholds whose gross boundary value cannot clear fees, funding, and slippage.","Estimate first-passage duration and inter-trade interval point-in-time, then compare profit-per-time with fixed z-score entries.",static_spread;dynamic_spread;ou_spread,must_test,0.0,0.85,1,Pairs Trading: The Cointegration Approach and Minimum Profit Optimization (https://www.youtube.com/watch?v=1zz91G0nR14),Pairs Trading: The Cointegration Approach and Minimum Profit Optimization [00:17:16](https://www.youtube.com/watch?v=1zz91G0nR14&t=1036s),,The reviewed caption explicitly frames threshold choice as a trade-off between profit per trade and trade frequency under transaction costs.,assistant_synthesis_from_manually_reviewed_caption_windows,assistant_reviewed_2026-08-06,none_research_only,False
youtube_caption_insights.v1,htr_efbfeae6f6a272579400,stationarity,Hedge-error stationarity and hedge-ratio tournament,caption_supported_research_hypothesis,"Evaluate hedge-ratio estimators by the stationarity and boundedness of realized hedge error, not regression fit alone.","Run OLS-differences, OLS-levels, ECM, PCA, and dynamic estimators as competing exact hedge-construction modes.","Freeze each estimator per fold and compare hedge-error stationarity, beta drift, turnover, costs, and spread strategy outcomes.",static_spread;dynamic_spread;ou_spread,must_test,0.0,0.85,1,Advanced Pairs Trading: Hedge Ratio Estimation Methods (https://www.youtube.com/watch?v=odh5rH3WYJM),Advanced Pairs Trading: Hedge Ratio Estimation Methods [00:02:17](https://www.youtube.com/watch?v=odh5rH3WYJM&t=137s),,"The reviewed caption distinguishes static and dynamic hedge methods and identifies non-stationary, unbounded hedge error as the central failure.",assistant_synthesis_from_manually_reviewed_caption_windows,assistant_reviewed_2026-08-06,none_research_only,False
youtube_caption_insights.v1,htr_ec36f390eba26c7abbfa,machine_learning,Calibrated meta-label trade gate and sizing,caption_supported_research_hypothesis,"Use a secondary model only after a base strategy proposes a discrete trade, then calibrate its output before using it for size.",Audit extreme confidence deciles for reversal and compare trade/no-trade gating with risk-constrained Kelly sizing.,"Require enough candidate trades, a non-overfit primary model, calibrated probabilities, take-rate floors, and drawdown attribution.",model_gate;all_pair_strategies,must_test,0.0,0.85,2,Meta-Labeling: Solving for Non Stationarity and Position Sizing (https://www.youtube.com/watch?v=WbgglcXfEzA) | Meta-Labeling: Calibration and Position Sizing (https://www.youtube.com/watch?v=BIBSv_gwBgs),Meta-Labeling: Solving for Non Stationarity and Position Sizing [00:21:01](https://www.youtube.com/watch?v=WbgglcXfEzA&t=1261s) | Meta-Labeling: Calibration and Position Sizing [00:55:31](https://www.youtube.com/watch?v=BIBSv_gwBgs&t=3331s),,"The reviewed captions distinguish model confidence from probability, show calibration failures at extreme deciles, and warn against daily vectorized use or tiny trade samples.",assistant_synthesis_from_manually_reviewed_caption_windows,assistant_reviewed_2026-08-06,none_research_only,False
youtube_caption_insights.v1,htr_feb6d5e64b3cd0ebd999,validation,"Purged, embargoed, and combinatorial validation",caption_supported_research_hypothesis,Purge overlapping trade labels and embargo observations adjacent to test folds before evaluating any learned gate.,Use combinatorial purged cross-validation to produce a distribution of backtest paths instead of trusting one walk-forward path.,"Compare walk-forward, purged K-fold, and combinatorial purged folds; report leakage sensitivity, path dispersion, and recent-regime coverage.",model_gate;rl_research;all_pair_strategies,must_test,0.0,0.85,2,Modelling: Label Concurrency and Cross Validation (https://www.youtube.com/watch?v=lDTSGK4JMYk) | Cross-Validation in Finance and Backtesting (https://www.youtube.com/watch?v=kyjmHHoMc80),Modelling: Label Concurrency and Cross Validation [00:15:00](https://www.youtube.com/watch?v=lDTSGK4JMYk&t=900s) | Cross-Validation in Finance and Backtesting [00:14:15](https://www.youtube.com/watch?v=kyjmHHoMc80&t=855s),,"The reviewed captions explain label concurrency, purging, embargo, and the benefit of multiple combinatorial backtest paths.",assistant_synthesis_from_manually_reviewed_caption_windows,assistant_reviewed_2026-08-06,none_research_only,False
youtube_caption_insights.v1,htr_21569c1a09747d5fbaeb,machine_learning,Clustered feature-importance stability,caption_supported_research_hypothesis,Measure feature importance at the dependency-cluster level so correlated substitutes do not hide or duplicate signal.,"Cluster Wizard, spread, copula, regime, and execution features using several dependence metrics and compare cluster stability across folds.","Run clustered MDA/MDI with purged folds, multiple random seeds, and a report of informative, redundant, and noise clusters.",model_gate,must_test,0.0,0.85,2,Clustered Feature Importance Algorithms in Financial Machine Learning: Part 2 (https://www.youtube.com/watch?v=rY4JWAz194Q) | Feature Importance Algorithms in Financial Machine Learning: Part 1 (https://www.youtube.com/watch?v=-A7yrsOihNM),Clustered Feature Importance Algorithms in Financial Machine Learning: Part 2 [00:00:46](https://www.youtube.com/watch?v=rY4JWAz194Q&t=46s) | Feature Importance Algorithms in Financial Machine Learning: Part 1 [00:12:00](https://www.youtube.com/watch?v=-A7yrsOihNM&t=720s),,The reviewed captions address masking and substitution effects by grouping similar features before measuring importance.,assistant_synthesis_from_manually_reviewed_caption_windows,assistant_reviewed_2026-08-06,none_research_only,False
youtube_caption_insights.v1,htr_ade964b583129e6df6b4,reinforcement_learning,Conditioned portfolio and RL challengers,caption_supported_research_hypothesis,"Use regime-conditioned optimization and RL as challengers to deterministic strategy decisions, not as execution authority.","Train policies across multiple reward functions, action spaces, asset clusters, and regime features; always retain equal-weight and rule-based baselines.","Freeze environments, include costs and risk in rewards, compare discrete versus continuous sizing, and report baseline-relative out-of-sample failures.",rl_research;portfolio_sizing,must_test,0.0,0.85,2,Deep Reinforcement Learning for Trading (https://www.youtube.com/watch?v=PwoTb-SxoC0) | Conditional Portfolio Optimization (https://www.youtube.com/watch?v=vyjgR5Ln57s),Deep Reinforcement Learning for Trading [00:15:00](https://www.youtube.com/watch?v=PwoTb-SxoC0&t=900s) | Conditional Portfolio Optimization [00:33:45](https://www.youtube.com/watch?v=vyjgR5Ln57s&t=2025s),,The reviewed captions emphasize state/action/reward design and also show a simple equal-weight baseline beating the conditioned optimizer out of sample.,assistant_synthesis_from_manually_reviewed_caption_windows,assistant_reviewed_2026-08-06,none_research_only,False
youtube_caption_insights.v1,ytr_b6fdc1ed77b46e62e6fb,dependency,Dependency structure,inferred_research_recommendation,"Use correlation and ECM fields as diagnostics, not as standalone proof that a spread will mean-revert.","Create a dependency-consensus feature that records Pearson, Spearman, Kendall, ECM-X, ECM-Y, and ECM-strength agreement.","Ablate each dependency field in walk-forward tests and compare consensus, disagreement, and single-metric variants.",all_pair_strategies,useful,8.33,0.58,3,Theory-Implied Correlation Matrix (TIC) (https://www.youtube.com/watch?v=yhR1zLQIu9g) | Portfolio Optimization Workshop (https://www.youtube.com/watch?v=OeqIGC-WTWo) | Advanced Pairs Trading: The Pearson Distance Approach (https://www.youtube.com/watch?v=fvTQAnjgIaA),Theory-Implied Correlation Matrix (TIC) [00:06:01](https://www.youtube.com/watch?v=yhR1zLQIu9g&t=361s) | Portfolio Optimization Workshop [00:34:31](https://www.youtube.com/watch?v=OeqIGC-WTWo&t=2071s) | Advanced Pairs Trading: The Pearson Distance Approach [00:11:15](https://www.youtube.com/watch?v=fvTQAnjgIaA&t=675s),that pearson correlation is not the best way to capture uh non-linear | linear pearson correlation in our oracle disparity algorithm so how i can | this piercing correlation method still has some limitations and has some space,deterministic theme extraction from caption windows,inferred_from_caption_topic_and_recommendation_signals,machine_extracted_needs_human_review,none_research_only,False
youtube_caption_insights.v1,ytr_8e3fa9134d6fd89fc3cf,risk_sizing,Risk and position sizing,inferred_research_recommendation,Size pair legs from hedge exposure and volatility rather than equal notional alone.,"Compare beta-neutral, volatility-balanced, and tail-risk-budgeted sizing while preserving a hard pair-level loss budget.","Replay all accepted hypotheses under equal-notional, beta-neutral, inverse-volatility, and CVaR-budgeted sizing.",all_pair_strategies,useful,7.33,0.56,3,Meta-Labeling: Solving for Non Stationarity and Position Sizing (https://www.youtube.com/watch?v=WbgglcXfEzA) | Meta-Labeling: Calibration and Position Sizing (https://www.youtube.com/watch?v=BIBSv_gwBgs) | Meta-Labeling: Theory and Framework (https://www.youtube.com/watch?v=ZCFmZFBtqsQ),Meta-Labeling: Solving for Non Stationarity and Position Sizing [00:20:15](https://www.youtube.com/watch?v=WbgglcXfEzA&t=1215s) | Meta-Labeling: Calibration and Position Sizing [00:35:16](https://www.youtube.com/watch?v=BIBSv_gwBgs&t=2116s) | Meta-Labeling: Theory and Framework [00:39:46](https://www.youtube.com/watch?v=ZCFmZFBtqsQ&t=2386s),"our value-add risk reduces significantly and so we can see how very | a larger position size to it, but that you know, the more | one is position sizing so that is okay and now if we",deterministic theme extraction from caption windows,inferred_from_caption_topic_and_recommendation_signals,machine_extracted_needs_human_review,none_research_only,False
youtube_caption_insights.v1,ytr_8ea3dc45cb6e497a38ca,machine_learning,Machine learning,inferred_research_recommendation,Use machine learning as an explainable trade-quality gate after the base strategy produces a candidate.,Measure feature-importance stability across folds and pairs; unstable importance should lower confidence even when headline metrics improve.,"Compare raw, rule-filtered, model-gated, and model-sized variants with take-rate and concentration controls.",model_gate,useful,7.0,0.55,3,Bagging and Boosting in Financial Machine Learning (https://www.youtube.com/watch?v=RMskDStbwi0) | Clustered Feature Importance Algorithms in Financial Machine Learning: Part 2 (https://www.youtube.com/watch?v=rY4JWAz194Q) | Meta-Labeling: Solving for Non Stationarity and Position Sizing (https://www.youtube.com/watch?v=WbgglcXfEzA),Bagging and Boosting in Financial Machine Learning [00:17:15](https://www.youtube.com/watch?v=RMskDStbwi0&t=1035s) | Clustered Feature Importance Algorithms in Financial Machine Learning: Part 2 [00:00:02](https://www.youtube.com/watch?v=rY4JWAz194Q&t=2s) | Meta-Labeling: Solving for Non Stationarity and Position Sizing [00:13:32](https://www.youtube.com/watch?v=WbgglcXfEzA&t=812s),for a random forest setup and you should always fix random state | how clustered feature importance is used to tackle the problem of substitution | at a machine learning consultancy and i started i started to use,deterministic theme extraction from caption windows,inferred_from_caption_topic_and_recommendation_signals,machine_extracted_needs_human_review,none_research_only,False
youtube_caption_insights.v1,ytr_6150d0c24f1ef853bce7,copula,Copula dislocation,inferred_research_recommendation,Keep copula dislocation as a distinct strategy family rather than treating it as another z-score.,"Test copula signals both alone and as confirmation for spread entries, with tail-specific exits and asymmetric risk limits.","Fit copulas only on prior data; compare standalone, confirmation, and veto roles under costed walk-forward replay.",copula,useful,6.67,0.54,3,Advanced Pairs Trading: Vine Copula Trading Strategy (https://www.youtube.com/watch?v=FB6tNgCZSbo) | Advanced Pairs Trading: Variations on the Copula Based Mispricing Index Strategy. (https://www.youtube.com/watch?v=t99uCFQL5KI) | Advanced Pairs Trading: Intro to the Copula Approach (https://www.youtube.com/watch?v=hLV5Roa_Bek),Advanced Pairs Trading: Vine Copula Trading Strategy [00:18:00](https://www.youtube.com/watch?v=FB6tNgCZSbo&t=1080s) | Advanced Pairs Trading: Variations on the Copula Based Mispricing Index Strategy. [00:03:47](https://www.youtube.com/watch?v=t99uCFQL5KI&t=227s) | Advanced Pairs Trading: Intro to the Copula Approach [00:00:45](https://www.youtube.com/watch?v=hLV5Roa_Bek&t=45s),the uh copula variables uh what are their parameters what are their | sampling from copula they mean sampling from the calculus density not directly | so uh copula methods and stochastic control those are the things that,deterministic theme extraction from caption windows,inferred_from_caption_topic_and_recommendation_signals,machine_extracted_needs_human_review,none_research_only,False
youtube_caption_insights.v1,ytr_379bd2e77744b62f2359,stationarity,Stationarity and cointegration,inferred_research_recommendation,Gate pair hypotheses with point-in-time stationarity and cointegration diagnostics before spread testing.,"Treat disagreement between Engle-Granger, Johansen, and ADF as a regime feature instead of silently choosing the favorable test.","Compare expanding-window Engle-Granger, Johansen, and ADF results; measure break frequency and out-of-sample survival.",static_spread;static_zscorer;dynamic_spread;dynamic_zscorer;ou_spread;ou_zscorer,useful,6.33,0.54,3,Meta-Labeling: Solving for Non Stationarity and Position Sizing (https://www.youtube.com/watch?v=WbgglcXfEzA) | Meta-Labeling: Theory and Framework (https://www.youtube.com/watch?v=ZCFmZFBtqsQ) | Pairs Trading: The Cointegration Approach and Minimum Profit Optimization (https://www.youtube.com/watch?v=1zz91G0nR14),Meta-Labeling: Solving for Non Stationarity and Position Sizing [00:01:31](https://www.youtube.com/watch?v=WbgglcXfEzA&t=91s) | Meta-Labeling: Theory and Framework [00:27:02](https://www.youtube.com/watch?v=ZCFmZFBtqsQ&t=1622s) | Pairs Trading: The Cointegration Approach and Minimum Profit Optimization [00:09:46](https://www.youtube.com/watch?v=1zz91G0nR14&t=586s),with non-stationarity so | of non-stationarity we want to have a secondary machine learning model that | residual is stationary however this method has a drawback so because you,deterministic theme extraction from caption windows,inferred_from_caption_topic_and_recommendation_signals,machine_extracted_needs_human_review,none_research_only,False
youtube_caption_insights.v1,ytr_2a95f0832e654fbb42ab,regime,Regime and serial behavior,inferred_research_recommendation,Estimate regime and serial-dependence features only from information available before each entry.,Use regime-model disagreement as an uncertainty flag and reduce size instead of forcing a single state label.,Compare existing deterministic overlays with expanding-window HMM/GMM and autocorrelation features using purged folds.,all_pair_strategies,useful,6.0,0.53,3,Ensemble Meta-Labeling (https://www.youtube.com/watch?v=tpLCMVyMOaM) | Meta-Labeling: Solving for Non Stationarity and Position Sizing (https://www.youtube.com/watch?v=WbgglcXfEzA) | Meta-Labeling: Theory and Framework (https://www.youtube.com/watch?v=ZCFmZFBtqsQ),Ensemble Meta-Labeling [00:45:01](https://www.youtube.com/watch?v=tpLCMVyMOaM&t=2701s) | Meta-Labeling: Solving for Non Stationarity and Position Sizing [00:28:30](https://www.youtube.com/watch?v=WbgglcXfEzA&t=1710s) | Meta-Labeling: Theory and Framework [00:27:02](https://www.youtube.com/watch?v=ZCFmZFBtqsQ&t=1622s),different Market regime it's like we're showing is that meta labeling is | was the market state or this is was the kind of like | it says hmm you said go long here but I'm looking at,deterministic theme extraction from caption windows,inferred_from_caption_topic_and_recommendation_signals,machine_extracted_needs_human_review,none_research_only,False
youtube_caption_insights.v1,ytr_db489effc876da8d681c,reinforcement_learning,Reinforcement learning,inferred_research_recommendation,"Use reinforcement learning to propose and challenge hypotheses, not to bypass deterministic safety and acceptance gates.","Let the RL research agent search entry, exit, sizing, and regime combinations, then cluster its ideas to find similar Wizard pairs.","Evaluate policies on frozen candidate sets with turnover, drawdown, and skipped-opportunity penalties before Testnet handoff.",rl_research,useful,6.0,0.53,3,Deep Reinforcement Learning for Trading (https://www.youtube.com/watch?v=PwoTb-SxoC0) | Conditional Portfolio Optimization (https://www.youtube.com/watch?v=vyjgR5Ln57s) | FinGPT: Open-Source Financial Large Language Models (https://www.youtube.com/watch?v=kX_7ocfTS8g),Deep Reinforcement Learning for Trading [00:12:46](https://www.youtube.com/watch?v=PwoTb-SxoC0&t=766s) | Conditional Portfolio Optimization [00:11:17](https://www.youtube.com/watch?v=vyjgR5Ln57s&t=677s) | FinGPT: Open-Source Financial Large Language Models [00:03:45](https://www.youtube.com/watch?v=kX_7ocfTS8g&t=225s),is a reinforcement learning algorithm if we take it to deep reinforcement | sort of reinforcement learning in it we know that machine learning models | for the reinforcement learning with human feedback which is how instruct GPT,deterministic theme extraction from caption windows,inferred_from_caption_topic_and_recommendation_signals,machine_extracted_needs_human_review,none_research_only,False
youtube_caption_insights.v1,ytr_de9abb1f2c29536ba306,spread_signal,Spread and signal design,inferred_research_recommendation,Preserve each Wizard spread and ZScoreR mode as a separate hypothesis with its own entry and exit behavior.,"Run an exact-mode tournament across Static Spread, Static ZScoreR, Dyn Spread, Dyn ZScoreR, OU Spread, and OU ZScoreR.",Replay identical pair/timeframe folds for all six modes with entry-only and hard-exit regime overlays.,static_spread;static_zscorer;dynamic_spread;dynamic_zscorer;ou_spread;ou_zscorer,useful,5.67,0.52,3,Advanced Pairs Trading: Sparse Mean Reversion Portfolio Selection (https://www.youtube.com/watch?v=IP7R-gnDF9w) | Advanced Pairs Trading: Kalman Filters (https://www.youtube.com/watch?v=YavO2-sNVcs) | Advanced Pairs Trading: Optimal Trading Rules (https://www.youtube.com/watch?v=Fllb9C7p7kE),Advanced Pairs Trading: Sparse Mean Reversion Portfolio Selection [00:09:48](https://www.youtube.com/watch?v=IP7R-gnDF9w&t=588s) | Advanced Pairs Trading: Kalman Filters [00:00:46](https://www.youtube.com/watch?v=YavO2-sNVcs&t=46s) | Advanced Pairs Trading: Optimal Trading Rules [00:03:45](https://www.youtube.com/watch?v=Fllb9C7p7kE&t=225s),to compare mean reversion series however for our mean reverting portfolio selection | spread so let's start with the introduction to common filters the kalman | mean reversion spread the main strategy is pretty simple buy low so,deterministic theme extraction from caption windows,inferred_from_caption_topic_and_recommendation_signals,machine_extracted_needs_human_review,none_research_only,False
youtube_caption_insights.v1,ytr_1c1f5328c18f52e78bd7,validation,Backtest validation,inferred_research_recommendation,Require costed walk-forward and Testnet evidence before promoting any video-derived strategy idea.,"Track how often a strong full-sample result fails after purging, costs, and parameter freezing; make that decay a model feature.","Run purged walk-forward folds with frozen parameters, sensitivity bands, after-cost metrics, and minimum trade-count gates.",all_pair_strategies,useful,5.67,0.52,3,Cross-Validation in Finance and Backtesting (https://www.youtube.com/watch?v=kyjmHHoMc80) | Feature Importance Algorithms in Financial Machine Learning: Part 1 (https://www.youtube.com/watch?v=-A7yrsOihNM) | Synthetic Financial Data Generation with MlFinLab (https://www.youtube.com/watch?v=rRscFvpKb2s),Cross-Validation in Finance and Backtesting [00:09:47](https://www.youtube.com/watch?v=kyjmHHoMc80&t=587s) | Feature Importance Algorithms in Financial Machine Learning: Part 1 [00:10:30](https://www.youtube.com/watch?v=-A7yrsOihNM&t=630s) | Synthetic Financial Data Generation with MlFinLab [00:02:16](https://www.youtube.com/watch?v=rRscFvpKb2s&t=136s),follows a backtest evaluates out of sample performance of an investment strategy | i know overfit so if you massively under fit the the mda | easy to overfit you know for that single event but if you're,deterministic theme extraction from caption windows,inferred_from_caption_topic_and_recommendation_signals,machine_extracted_needs_human_review,none_research_only,False
youtube_caption_insights.v1,ytr_1066f7d6e5066418d737,execution,Execution and market frictions,inferred_research_recommendation,"Calibrate fees, funding, and slippage from the exact Hyperliquid market and network used for the replay.",Maintain separate research and execution feasibility scores so thin markets remain visible without becoming tradable by accident.,Replay fills against timestamped L2 snapshots and realized Testnet fills; compare assumed versus observed cost distributions.,hyperliquid_execution,useful,5.0,0.51,3,An Overview of Financial Data Structures (https://www.youtube.com/watch?v=BumY00BJ61g) | Meta-Labeling: Theory and Framework (https://www.youtube.com/watch?v=ZCFmZFBtqsQ) | Optimal Trading Rules Detection with Triple Barrier Labeling (https://www.youtube.com/watch?v=U2CxilKFue4),An Overview of Financial Data Structures [00:03:45](https://www.youtube.com/watch?v=BumY00BJ61g&t=225s) | Meta-Labeling: Theory and Framework [00:36:47](https://www.youtube.com/watch?v=ZCFmZFBtqsQ&t=2207s) | Optimal Trading Rules Detection with Triple Barrier Labeling [00:09:46](https://www.youtube.com/watch?v=U2CxilKFue4&t=586s),reconstruct the order book from scratch this one end competition all these | get that execution on a market that's quite sensitive due to low | transaction costs execution costs uh slippage costs etc so let's take a,deterministic theme extraction from caption windows,inferred_from_caption_topic_and_recommendation_signals,machine_extracted_needs_human_review,none_research_only,False
