field,type,example,endpoint
[].id,str,2947968-3-1,prescanned
[].pair_id,int,2947968,prescanned
[].spread_id,int,3,prescanned
[].sym_1_volume,float,20410260.0,prescanned
[].sym_2_volume,float,230313.77,prescanned
[].sym_1_volatility_lt,float,0.51500696,prescanned
[].sym_2_volatility_lt,float,1.5011874,prescanned
[].strategy_id,int,1,prescanned
[].spread_type,str,static,prescanned
[].strategy,str,zscore,prescanned
[].symbol_1,str,BNBUSDT,prescanned
[].symbol_2,str,FORMUSDT,prescanned
[].profile_match,bool,True,prescanned
[].exchange,str,bybit,prescanned
[].interval,str,daily,prescanned
[].period,int,365,prescanned
[].x_weighting,float,0.74456483,prescanned
[].y_weighting,float,0.25543517,prescanned
[].sharpe,float,2.4913049,prescanned
[].returns_total,float,0.5544827,prescanned
[].win_rate,float,1.0,prescanned
[].closed,int,1,prescanned
[].mdd,float,-0.057683256,prescanned
[].var,float,-0.030538782,prescanned
[].cvar,float,-0.039362926,prescanned
[].johansen_coint,bool,True,prescanned
[].coint_eg,bool,True,prescanned
[].coint_eg_inc_trend,bool,False,prescanned
[].coint_eg_p,float,0.0134249935,prescanned
[].zero_cross,int,13,prescanned
[].stddev_cross,int,0,prescanned
[].hurst,float,1.0469478,prescanned
[].half_life,float,38.291496,prescanned
[].hedge_ratio,float,2.479544,prescanned
[].zscore_last,float,-0.18400906,prescanned
[].zscore_roll_last,float,-0.598355,prescanned
[].zscore_window,int,72,prescanned
[].ou_optimal,bool,False,prescanned
[].copula_id,int,1,prescanned
[].copula,str,clayton,prescanned
[].corr_copula,float,0.50210565,prescanned
[].u1_given_u2,float,0.5574353,prescanned
[].u2_given_u1,float,0.19149078,prescanned
[].ml_confidence,float,0.0,prescanned
[].mini_zscore,list,[],prescanned
[].backtest_ts,int,1785880843,prescanned
