source_runtime_only,imports_missing_from_working,runtime_dependency_file,recovery_dependency_present
src/quant_platform/copula_desk/signal_path.py,quant_platform.static_desk.signal_path,src/quant_platform/static_desk/signal_path.py,True
src/quant_platform/decide/__init__.py,quant_platform.decide.contracts,src/quant_platform/decide/contracts.py,True
src/quant_platform/decide/__init__.py,quant_platform.decide.fast_challenge,src/quant_platform/decide/fast_challenge.py,True
src/quant_platform/decide/__init__.py,quant_platform.decide.handoff,src/quant_platform/decide/handoff.py,True
src/quant_platform/decide/__init__.py,quant_platform.decide.pipeline,src/quant_platform/decide/pipeline.py,True
src/quant_platform/decide/__main__.py,quant_platform.decide.fast_challenge,src/quant_platform/decide/fast_challenge.py,True
src/quant_platform/decide/__main__.py,quant_platform.decide.pipeline,src/quant_platform/decide/pipeline.py,True
src/quant_platform/decide/admission.py,quant_platform.decide.contracts,src/quant_platform/decide/contracts.py,True
src/quant_platform/decide/admission.py,quant_platform.decide.evidence_io,src/quant_platform/decide/evidence_io.py,True
src/quant_platform/decide/admission.py,quant_platform.decide.evidence_payloads,src/quant_platform/decide/evidence_payloads.py,True
src/quant_platform/decide/admission.py,quant_platform.decide.proof_contracts,src/quant_platform/decide/proof_contracts.py,True
src/quant_platform/decide/deep_challenge.py,quant_platform.decide.contracts,src/quant_platform/decide/contracts.py,True
src/quant_platform/decide/deep_challenge.py,quant_platform.decide.deep_contracts,src/quant_platform/decide/deep_contracts.py,True
src/quant_platform/decide/deep_challenge.py,quant_platform.decide.evidence_io,src/quant_platform/decide/evidence_io.py,True
src/quant_platform/decide/deep_challenge.py,quant_platform.decide.evidence_payloads,src/quant_platform/decide/evidence_payloads.py,True
src/quant_platform/decide/deep_challenge.py,quant_platform.decide.proof_contracts,src/quant_platform/decide/proof_contracts.py,True
src/quant_platform/decide/deep_challenge.py,quant_platform.research_trial_registry,src/quant_platform/research_trial_registry.py,True
src/quant_platform/decide/deep_contracts.py,quant_platform.decide.contracts,src/quant_platform/decide/contracts.py,True
src/quant_platform/decide/deep_contracts.py,quant_platform.decide.proof_contracts,src/quant_platform/decide/proof_contracts.py,True
src/quant_platform/decide/deep_contracts.py,quant_platform.research_trial_registry,src/quant_platform/research_trial_registry.py,True
src/quant_platform/decide/evidence_io.py,quant_platform.decide.contracts,src/quant_platform/decide/contracts.py,True
src/quant_platform/decide/evidence_payloads.py,quant_platform.decide.contracts,src/quant_platform/decide/contracts.py,True
src/quant_platform/decide/evidence_payloads.py,quant_platform.decide.deep_contracts,src/quant_platform/decide/deep_contracts.py,True
src/quant_platform/decide/evidence_payloads.py,quant_platform.decide.proof_contracts,src/quant_platform/decide/proof_contracts.py,True
src/quant_platform/decide/evidence_payloads.py,quant_platform.decide.shadow,src/quant_platform/decide/shadow.py,True
src/quant_platform/decide/evidence_payloads.py,quant_platform.research_trial_registry,src/quant_platform/research_trial_registry.py,True
src/quant_platform/decide/fast_challenge.py,quant_platform.decide.contracts,src/quant_platform/decide/contracts.py,True
src/quant_platform/decide/fast_challenge.py,quant_platform.decide.evidence_io,src/quant_platform/decide/evidence_io.py,True
src/quant_platform/decide/fast_challenge.py,quant_platform.decide.reporting,src/quant_platform/decide/reporting.py,True
src/quant_platform/decide/handoff.py,quant_platform.decide.contracts,src/quant_platform/decide/contracts.py,True
src/quant_platform/decide/handoff.py,quant_platform.decide.pipeline,src/quant_platform/decide/pipeline.py,True
src/quant_platform/decide/pipeline.py,quant_platform.decide.contracts,src/quant_platform/decide/contracts.py,True
src/quant_platform/decide/pipeline.py,quant_platform.decide.evidence_io,src/quant_platform/decide/evidence_io.py,True
src/quant_platform/decide/pipeline.py,quant_platform.decide.fast_challenge,src/quant_platform/decide/fast_challenge.py,True
src/quant_platform/decide/pipeline.py,quant_platform.decide.proof_contracts,src/quant_platform/decide/proof_contracts.py,True
src/quant_platform/decide/pipeline.py,quant_platform.math_desk.m4,src/quant_platform/math_desk/m4.py,True
src/quant_platform/decide/pipeline.py,quant_platform.math_desk.m6,src/quant_platform/math_desk/m6.py,True
src/quant_platform/decide/pipeline.py,quant_platform.math_desk.m7,src/quant_platform/math_desk/m7.py,True
src/quant_platform/decide/pipeline.py,quant_platform.math_desk.m8,src/quant_platform/math_desk/m8.py,True
src/quant_platform/decide/proof_contracts.py,quant_platform.decide.contracts,src/quant_platform/decide/contracts.py,True
src/quant_platform/decide/reporting.py,quant_platform.decide.contracts,src/quant_platform/decide/contracts.py,True
src/quant_platform/decide/shadow.py,quant_platform.decide.contracts,src/quant_platform/decide/contracts.py,True
src/quant_platform/decide/shadow.py,quant_platform.decide.deep_contracts,src/quant_platform/decide/deep_contracts.py,True
src/quant_platform/decide/shadow.py,quant_platform.decide.evidence_io,src/quant_platform/decide/evidence_io.py,True
src/quant_platform/decide/shadow.py,quant_platform.decide.evidence_payloads,src/quant_platform/decide/evidence_payloads.py,True
src/quant_platform/desk_connections/__main__.py,quant_platform.orchestration.human_evidence_view,src/quant_platform/orchestration/human_evidence_view.py,True
src/quant_platform/desk_connections/codec.py,quant_platform.institutional_risk,src/quant_platform/institutional_risk.py,True
src/quant_platform/desk_connections/codec.py,quant_platform.static_desk,src/quant_platform/static_desk/__init__.py,True
src/quant_platform/desk_connections/codec.py,quant_platform.static_desk.risk_link,src/quant_platform/static_desk/risk_link.py,True
src/quant_platform/desk_connections/driver.py,quant_platform.copula_desk.signal_path,src/quant_platform/copula_desk/signal_path.py,True
src/quant_platform/desk_connections/driver.py,quant_platform.dynamic_desk.signal_path,src/quant_platform/dynamic_desk/signal_path.py,True
src/quant_platform/desk_connections/driver.py,quant_platform.static_desk.accounting,src/quant_platform/static_desk/accounting.py,True
src/quant_platform/desk_connections/driver.py,quant_platform.static_desk.profile,src/quant_platform/static_desk/profile.py,True
src/quant_platform/desk_connections/driver.py,quant_platform.static_desk.profile_data,src/quant_platform/static_desk/profile_data.py,True
src/quant_platform/desk_connections/driver.py,quant_platform.static_desk.runtime,src/quant_platform/static_desk/runtime.py,True
src/quant_platform/desk_connections/driver.py,quant_platform.static_desk.signal_path,src/quant_platform/static_desk/signal_path.py,True
src/quant_platform/desk_connections/journal.py,quant_platform.static_desk.accounting,src/quant_platform/static_desk/accounting.py,True
src/quant_platform/desk_connections/journal.py,quant_platform.static_desk.runtime,src/quant_platform/static_desk/runtime.py,True
src/quant_platform/desk_connections/performance.py,quant_platform.static_desk.accounting,src/quant_platform/static_desk/accounting.py,True
src/quant_platform/desk_connections/portfolio.py,quant_platform.desk_connections.performance,src/quant_platform/desk_connections/performance.py,True
src/quant_platform/desk_connections/portfolio.py,quant_platform.institutional_risk,src/quant_platform/institutional_risk.py,True
src/quant_platform/desk_connections/portfolio.py,quant_platform.static_desk.accounting,src/quant_platform/static_desk/accounting.py,True
src/quant_platform/desk_connections/portfolio.py,quant_platform.static_desk.risk_link,src/quant_platform/static_desk/risk_link.py,True
src/quant_platform/desk_connections/portfolio.py,quant_platform.static_desk.runtime,src/quant_platform/static_desk/runtime.py,True
src/quant_platform/desk_connections/presentation.py,quant_platform.static_desk.profile,src/quant_platform/static_desk/profile.py,True
src/quant_platform/desk_connections/research.py,quant_platform.copula_desk.signal_path,src/quant_platform/copula_desk/signal_path.py,True
src/quant_platform/desk_connections/research.py,quant_platform.dynamic_desk.signal_path,src/quant_platform/dynamic_desk/signal_path.py,True
src/quant_platform/desk_connections/research.py,quant_platform.research_trial_registry,src/quant_platform/research_trial_registry.py,True
src/quant_platform/desk_connections/research.py,quant_platform.static_desk.profile,src/quant_platform/static_desk/profile.py,True
src/quant_platform/desk_connections/research.py,quant_platform.static_desk.signal_path,src/quant_platform/static_desk/signal_path.py,True
src/quant_platform/desk_connections/workflow.py,quant_platform.research_trial_registry,src/quant_platform/research_trial_registry.py,True
src/quant_platform/desk_connections/workflow.py,quant_platform.static_desk.profile,src/quant_platform/static_desk/profile.py,True
src/quant_platform/dynamic_desk/signal_path.py,quant_platform.static_desk.signal_path,src/quant_platform/static_desk/signal_path.py,True
src/quant_platform/math_desk/__init__.py,quant_platform.math_desk.contracts,src/quant_platform/math_desk/contracts.py,True
src/quant_platform/math_desk/__main__.py,quant_platform.math_desk.census,src/quant_platform/math_desk/census.py,True
src/quant_platform/math_desk/__main__.py,quant_platform.math_desk.m3,src/quant_platform/math_desk/m3.py,True
src/quant_platform/math_desk/__main__.py,quant_platform.math_desk.m4,src/quant_platform/math_desk/m4.py,True
src/quant_platform/math_desk/__main__.py,quant_platform.math_desk.m5,src/quant_platform/math_desk/m5.py,True
src/quant_platform/math_desk/__main__.py,quant_platform.math_desk.m5_exhaustive,src/quant_platform/math_desk/m5_exhaustive.py,True
src/quant_platform/math_desk/__main__.py,quant_platform.math_desk.m5_visual,src/quant_platform/math_desk/m5_visual.py,True
src/quant_platform/math_desk/__main__.py,quant_platform.math_desk.m6,src/quant_platform/math_desk/m6.py,True
src/quant_platform/math_desk/__main__.py,quant_platform.math_desk.m7,src/quant_platform/math_desk/m7.py,True
src/quant_platform/math_desk/__main__.py,quant_platform.math_desk.m8,src/quant_platform/math_desk/m8.py,True
src/quant_platform/math_desk/__main__.py,quant_platform.math_desk.risk_census,src/quant_platform/math_desk/risk_census.py,True
src/quant_platform/math_desk/__main__.py,quant_platform.math_desk.scope_registry,src/quant_platform/math_desk/scope_registry.py,True
src/quant_platform/math_desk/census.py,quant_platform.math_desk.contracts,src/quant_platform/math_desk/contracts.py,True
src/quant_platform/math_desk/census.py,quant_platform.math_desk.registry,src/quant_platform/math_desk/registry.py,True
src/quant_platform/math_desk/census.py,quant_platform.math_desk.serialization,src/quant_platform/math_desk/serialization.py,True
src/quant_platform/math_desk/certification_attacks.py,quant_platform.math_desk.certification_contracts,src/quant_platform/math_desk/certification_contracts.py,True
src/quant_platform/math_desk/certification_attacks.py,quant_platform.math_desk.contracts,src/quant_platform/math_desk/contracts.py,True
src/quant_platform/math_desk/certification_attacks.py,quant_platform.math_desk.serialization,src/quant_platform/math_desk/serialization.py,True
src/quant_platform/math_desk/certification_contracts.py,quant_platform.math_desk.contracts,src/quant_platform/math_desk/contracts.py,True
src/quant_platform/math_desk/core_attacks.py,quant_platform.math_desk.contracts,src/quant_platform/math_desk/contracts.py,True
src/quant_platform/math_desk/core_attacks.py,quant_platform.math_desk.core_oracles,src/quant_platform/math_desk/core_oracles.py,True
src/quant_platform/math_desk/core_attacks.py,quant_platform.math_desk.core_pack,src/quant_platform/math_desk/core_pack.py,True
src/quant_platform/math_desk/core_attacks.py,quant_platform.math_desk.serialization,src/quant_platform/math_desk/serialization.py,True
src/quant_platform/math_desk/core_pack.py,quant_platform.math_desk.contracts,src/quant_platform/math_desk/contracts.py,True
src/quant_platform/math_desk/core_pack.py,quant_platform.math_desk.governance,src/quant_platform/math_desk/governance.py,True
src/quant_platform/math_desk/core_pack.py,quant_platform.math_desk.registry,src/quant_platform/math_desk/registry.py,True
src/quant_platform/math_desk/core_pack.py,quant_platform.math_desk.serialization,src/quant_platform/math_desk/serialization.py,True
src/quant_platform/math_desk/governance.py,quant_platform.math_desk.contracts,src/quant_platform/math_desk/contracts.py,True
src/quant_platform/math_desk/governance.py,quant_platform.math_desk.serialization,src/quant_platform/math_desk/serialization.py,True
src/quant_platform/math_desk/m3.py,quant_platform.math_desk.contracts,src/quant_platform/math_desk/contracts.py,True
src/quant_platform/math_desk/m3.py,quant_platform.math_desk.core_attacks,src/quant_platform/math_desk/core_attacks.py,True
src/quant_platform/math_desk/m3.py,quant_platform.math_desk.core_pack,src/quant_platform/math_desk/core_pack.py,True
src/quant_platform/math_desk/m3.py,quant_platform.math_desk.governance,src/quant_platform/math_desk/governance.py,True
src/quant_platform/math_desk/m3.py,quant_platform.math_desk.serialization,src/quant_platform/math_desk/serialization.py,True
src/quant_platform/math_desk/m4.py,quant_platform.math_desk.contracts,src/quant_platform/math_desk/contracts.py,True
src/quant_platform/math_desk/m4.py,quant_platform.math_desk.core_pack,src/quant_platform/math_desk/core_pack.py,True
src/quant_platform/math_desk/m4.py,quant_platform.math_desk.governance,src/quant_platform/math_desk/governance.py,True
src/quant_platform/math_desk/m4.py,quant_platform.math_desk.m4_attacks,src/quant_platform/math_desk/m4_attacks.py,True
src/quant_platform/math_desk/m4.py,quant_platform.math_desk.m4_evidence,src/quant_platform/math_desk/m4_evidence.py,True
src/quant_platform/math_desk/m4.py,quant_platform.math_desk.m4_pack,src/quant_platform/math_desk/m4_pack.py,True
src/quant_platform/math_desk/m4.py,quant_platform.math_desk.serialization,src/quant_platform/math_desk/serialization.py,True
src/quant_platform/math_desk/m4_attacks.py,quant_platform.math_desk.contracts,src/quant_platform/math_desk/contracts.py,True
src/quant_platform/math_desk/m4_attacks.py,quant_platform.math_desk.core_pack,src/quant_platform/math_desk/core_pack.py,True
src/quant_platform/math_desk/m4_attacks.py,quant_platform.math_desk.governance,src/quant_platform/math_desk/governance.py,True
src/quant_platform/math_desk/m4_attacks.py,quant_platform.math_desk.m4_evidence,src/quant_platform/math_desk/m4_evidence.py,True
src/quant_platform/math_desk/m4_attacks.py,quant_platform.math_desk.m4_pack,src/quant_platform/math_desk/m4_pack.py,True
src/quant_platform/math_desk/m4_attacks.py,quant_platform.math_desk.serialization,src/quant_platform/math_desk/serialization.py,True
src/quant_platform/math_desk/m4_evidence.py,quant_platform.math_desk.core_pack,src/quant_platform/math_desk/core_pack.py,True
src/quant_platform/math_desk/m4_evidence.py,quant_platform.math_desk.m3,src/quant_platform/math_desk/m3.py,True
src/quant_platform/math_desk/m4_pack.py,quant_platform.math_desk.contracts,src/quant_platform/math_desk/contracts.py,True
src/quant_platform/math_desk/m4_pack.py,quant_platform.math_desk.core_pack,src/quant_platform/math_desk/core_pack.py,True
src/quant_platform/math_desk/m4_pack.py,quant_platform.math_desk.m4_evidence,src/quant_platform/math_desk/m4_evidence.py,True
src/quant_platform/math_desk/m4_pack.py,quant_platform.math_desk.serialization,src/quant_platform/math_desk/serialization.py,True
src/quant_platform/math_desk/m5.py,quant_platform.math_desk.contracts,src/quant_platform/math_desk/contracts.py,True
src/quant_platform/math_desk/m5.py,quant_platform.math_desk.core_pack,src/quant_platform/math_desk/core_pack.py,True
src/quant_platform/math_desk/m5.py,quant_platform.math_desk.m3,src/quant_platform/math_desk/m3.py,True
src/quant_platform/math_desk/m5.py,quant_platform.math_desk.m4,src/quant_platform/math_desk/m4.py,True
src/quant_platform/math_desk/m5.py,quant_platform.math_desk.m5_exhaustive,src/quant_platform/math_desk/m5_exhaustive.py,True
src/quant_platform/math_desk/m5.py,quant_platform.math_desk.m5_visual,src/quant_platform/math_desk/m5_visual.py,True
src/quant_platform/math_desk/m5.py,quant_platform.math_desk.serialization,src/quant_platform/math_desk/serialization.py,True
src/quant_platform/math_desk/m5.py,quant_platform.math_desk.stage_artifacts,src/quant_platform/math_desk/stage_artifacts.py,True
src/quant_platform/math_desk/m5_exhaustive.py,quant_platform.math_desk.core_pack,src/quant_platform/math_desk/core_pack.py,True
src/quant_platform/math_desk/m5_exhaustive.py,quant_platform.math_desk.m3,src/quant_platform/math_desk/m3.py,True
src/quant_platform/math_desk/m5_exhaustive.py,quant_platform.math_desk.m4,src/quant_platform/math_desk/m4.py,True
src/quant_platform/math_desk/m5_exhaustive.py,quant_platform.math_desk.serialization,src/quant_platform/math_desk/serialization.py,True
src/quant_platform/math_desk/m5_exhaustive.py,quant_platform.math_desk.source_math_oracles,src/quant_platform/math_desk/source_math_oracles.py,True
src/quant_platform/math_desk/m5_exhaustive.py,quant_platform.math_desk.stage_artifacts,src/quant_platform/math_desk/stage_artifacts.py,True
src/quant_platform/math_desk/m5_visual.py,quant_platform.math_desk.core_pack,src/quant_platform/math_desk/core_pack.py,True
src/quant_platform/math_desk/m5_visual.py,quant_platform.math_desk.m3,src/quant_platform/math_desk/m3.py,True
src/quant_platform/math_desk/m5_visual.py,quant_platform.math_desk.m4,src/quant_platform/math_desk/m4.py,True
src/quant_platform/math_desk/m5_visual.py,quant_platform.math_desk.m5_exhaustive,src/quant_platform/math_desk/m5_exhaustive.py,True
src/quant_platform/math_desk/m5_visual.py,quant_platform.math_desk.serialization,src/quant_platform/math_desk/serialization.py,True
src/quant_platform/math_desk/m5_visual.py,quant_platform.math_desk.stage_artifacts,src/quant_platform/math_desk/stage_artifacts.py,True
src/quant_platform/math_desk/m6.py,quant_platform.math_desk.certification_attacks,src/quant_platform/math_desk/certification_attacks.py,True
src/quant_platform/math_desk/m6.py,quant_platform.math_desk.certification_contracts,src/quant_platform/math_desk/certification_contracts.py,True
src/quant_platform/math_desk/m6.py,quant_platform.math_desk.contracts,src/quant_platform/math_desk/contracts.py,True
src/quant_platform/math_desk/m6.py,quant_platform.math_desk.core_pack,src/quant_platform/math_desk/core_pack.py,True
src/quant_platform/math_desk/m6.py,quant_platform.math_desk.m3,src/quant_platform/math_desk/m3.py,True
src/quant_platform/math_desk/m6.py,quant_platform.math_desk.m4,src/quant_platform/math_desk/m4.py,True
src/quant_platform/math_desk/m6.py,quant_platform.math_desk.m5,src/quant_platform/math_desk/m5.py,True
src/quant_platform/math_desk/m6.py,quant_platform.math_desk.serialization,src/quant_platform/math_desk/serialization.py,True
src/quant_platform/math_desk/m6.py,quant_platform.math_desk.stage_artifacts,src/quant_platform/math_desk/stage_artifacts.py,True
src/quant_platform/math_desk/m7.py,quant_platform.math_desk.certification_contracts,src/quant_platform/math_desk/certification_contracts.py,True
src/quant_platform/math_desk/m7.py,quant_platform.math_desk.contracts,src/quant_platform/math_desk/contracts.py,True
src/quant_platform/math_desk/m7.py,quant_platform.math_desk.core_pack,src/quant_platform/math_desk/core_pack.py,True
src/quant_platform/math_desk/m7.py,quant_platform.math_desk.m4,src/quant_platform/math_desk/m4.py,True
src/quant_platform/math_desk/m7.py,quant_platform.math_desk.m6,src/quant_platform/math_desk/m6.py,True
src/quant_platform/math_desk/m7.py,quant_platform.math_desk.serialization,src/quant_platform/math_desk/serialization.py,True
src/quant_platform/math_desk/m7.py,quant_platform.math_desk.stage_artifacts,src/quant_platform/math_desk/stage_artifacts.py,True
src/quant_platform/math_desk/m8.py,quant_platform.math_desk.certification_contracts,src/quant_platform/math_desk/certification_contracts.py,True
src/quant_platform/math_desk/m8.py,quant_platform.math_desk.contracts,src/quant_platform/math_desk/contracts.py,True
src/quant_platform/math_desk/m8.py,quant_platform.math_desk.core_pack,src/quant_platform/math_desk/core_pack.py,True
src/quant_platform/math_desk/m8.py,quant_platform.math_desk.m7,src/quant_platform/math_desk/m7.py,True
src/quant_platform/math_desk/m8.py,quant_platform.math_desk.serialization,src/quant_platform/math_desk/serialization.py,True
src/quant_platform/math_desk/m8.py,quant_platform.math_desk.stage_artifacts,src/quant_platform/math_desk/stage_artifacts.py,True
src/quant_platform/math_desk/registry.py,quant_platform.math_desk.contracts,src/quant_platform/math_desk/contracts.py,True
src/quant_platform/math_desk/registry.py,quant_platform.math_desk.governance,src/quant_platform/math_desk/governance.py,True
src/quant_platform/math_desk/risk_census.py,quant_platform.math_desk.core_pack,src/quant_platform/math_desk/core_pack.py,True
src/quant_platform/math_desk/risk_census.py,quant_platform.math_desk.m5_exhaustive,src/quant_platform/math_desk/m5_exhaustive.py,True
src/quant_platform/math_desk/risk_census.py,quant_platform.math_desk.serialization,src/quant_platform/math_desk/serialization.py,True
src/quant_platform/math_desk/risk_census.py,quant_platform.math_desk.stage_artifacts,src/quant_platform/math_desk/stage_artifacts.py,True
src/quant_platform/math_desk/scope_registry.py,quant_platform.math_desk.certification_contracts,src/quant_platform/math_desk/certification_contracts.py,True
src/quant_platform/math_desk/scope_registry.py,quant_platform.math_desk.core_pack,src/quant_platform/math_desk/core_pack.py,True
src/quant_platform/math_desk/scope_registry.py,quant_platform.math_desk.m3,src/quant_platform/math_desk/m3.py,True
src/quant_platform/math_desk/scope_registry.py,quant_platform.math_desk.m4,src/quant_platform/math_desk/m4.py,True
src/quant_platform/math_desk/scope_registry.py,quant_platform.math_desk.m5_exhaustive,src/quant_platform/math_desk/m5_exhaustive.py,True
src/quant_platform/math_desk/scope_registry.py,quant_platform.math_desk.serialization,src/quant_platform/math_desk/serialization.py,True
src/quant_platform/math_desk/scope_registry.py,quant_platform.math_desk.stage_artifacts,src/quant_platform/math_desk/stage_artifacts.py,True
src/quant_platform/math_desk/stage_artifacts.py,quant_platform.math_desk.serialization,src/quant_platform/math_desk/serialization.py,True
src/quant_platform/orchestration/collection_daily_entry.py,quant_platform.orchestration.collection_daily_finalization,src/quant_platform/orchestration/collection_daily_finalization.py,True
src/quant_platform/orchestration/collection_daily_entry.py,quant_platform.orchestration.collection_discovery_stage,src/quant_platform/orchestration/collection_discovery_stage.py,True
src/quant_platform/orchestration/collection_daily_entry.py,quant_platform.orchestration.collection_inventory_stage,src/quant_platform/orchestration/collection_inventory_stage.py,True
src/quant_platform/orchestration/collection_daily_entry.py,quant_platform.orchestration.collection_publication_sequence,src/quant_platform/orchestration/collection_publication_sequence.py,True
src/quant_platform/orchestration/collection_daily_entry.py,quant_platform.orchestration.collection_stage_evidence,src/quant_platform/orchestration/collection_stage_evidence.py,True
src/quant_platform/orchestration/collection_daily_entry.py,quant_platform.orchestration.collection_system_check_stage,src/quant_platform/orchestration/collection_system_check_stage.py,True
src/quant_platform/orchestration/collection_daily_entry.py,quant_platform.orchestration.daily_workload_preflight,src/quant_platform/orchestration/daily_workload_preflight.py,True
src/quant_platform/orchestration/collection_daily_entry.py,quant_platform.orchestration.discovery_accounting,src/quant_platform/orchestration/discovery_accounting.py,True
src/quant_platform/orchestration/collection_daily_finalization.py,quant_platform.orchestration.precollection_campaign_io,src/quant_platform/orchestration/precollection_campaign_io.py,True
src/quant_platform/orchestration/collection_daily_finalization.py,quant_platform.orchestration.precollection_monitor,src/quant_platform/orchestration/precollection_monitor.py,True
src/quant_platform/orchestration/collection_observer_bridge.py,quant_platform.orchestration.collection_daily_finalization,src/quant_platform/orchestration/collection_daily_finalization.py,True
src/quant_platform/orchestration/collection_observer_bridge.py,quant_platform.orchestration.precollection_campaign_io,src/quant_platform/orchestration/precollection_campaign_io.py,True
src/quant_platform/orchestration/collection_observer_bridge.py,quant_platform.orchestration.precollection_monitor,src/quant_platform/orchestration/precollection_monitor.py,True
src/quant_platform/orchestration/collection_observer_bridge.py,quant_platform.orchestration.precollection_observer,src/quant_platform/orchestration/precollection_observer.py,True
src/quant_platform/orchestration/collection_owner_admission.py,quant_platform.orchestration.collection_admission_barrier,src/quant_platform/orchestration/collection_admission_barrier.py,True
src/quant_platform/orchestration/collection_owner_admission.py,quant_platform.orchestration.collection_owner_binding,src/quant_platform/orchestration/collection_owner_binding.py,True
src/quant_platform/orchestration/collection_owner_admission.py,quant_platform.orchestration.collection_release.owner_release_inputs,src/quant_platform/orchestration/collection_release/owner_release_inputs.py,True
src/quant_platform/orchestration/collection_owner_admission.py,quant_platform.orchestration.collection_release.release_evidence,src/quant_platform/orchestration/collection_release/release_evidence.py,True
src/quant_platform/orchestration/collection_owner_binding.py,quant_platform.orchestration.collection_publication_sequence,src/quant_platform/orchestration/collection_publication_sequence.py,True
src/quant_platform/orchestration/collection_release/campaign_schedule.py,quant_platform.orchestration.precollection_admission,src/quant_platform/orchestration/precollection_admission.py,True
src/quant_platform/orchestration/collection_release/campaign_schedule.py,quant_platform.orchestration.precollection_campaign_io,src/quant_platform/orchestration/precollection_campaign_io.py,True
src/quant_platform/orchestration/collection_release/maintenance_binding.py,quant_platform.orchestration.corrective_trusted_artifact,src/quant_platform/orchestration/corrective_trusted_artifact.py,True
src/quant_platform/orchestration/collection_release/owner_release_inputs.py,quant_platform.orchestration.collection_owner_binding,src/quant_platform/orchestration/collection_owner_binding.py,True
src/quant_platform/orchestration/collection_release/owner_release_reader.py,quant_platform.orchestration.collection_owner_binding,src/quant_platform/orchestration/collection_owner_binding.py,True
src/quant_platform/orchestration/collection_release/preowner_campaign.py,quant_platform.orchestration.precollection_campaign_io,src/quant_platform/orchestration/precollection_campaign_io.py,True
src/quant_platform/orchestration/collection_release/provider_binding.py,quant_platform.orchestration.corrective_trusted_artifact,src/quant_platform/orchestration/corrective_trusted_artifact.py,True
src/quant_platform/orchestration/collection_release/runtime_binding.py,quant_platform.orchestration.collection_runtime_route,src/quant_platform/orchestration/collection_runtime_route.py,True
src/quant_platform/orchestration/collection_release/source_binding.py,quant_platform.orchestration.corrective_trusted_artifact,src/quant_platform/orchestration/corrective_trusted_artifact.py,True
src/quant_platform/orchestration/collection_release/terminal_binding.py,quant_platform.orchestration.scheduler_terminal_paths,src/quant_platform/orchestration/scheduler_terminal_paths.py,True
src/quant_platform/orchestration/collection_release/workload_contract.py,quant_platform.orchestration.precollection_admission,src/quant_platform/orchestration/precollection_admission.py,True
src/quant_platform/orchestration/collection_stage_evidence.py,quant_platform.orchestration.collection_display_evidence,src/quant_platform/orchestration/collection_display_evidence.py,True
src/quant_platform/orchestration/collection_stage_evidence.py,quant_platform.orchestration.precollection_campaign_io,src/quant_platform/orchestration/precollection_campaign_io.py,True
src/quant_platform/orchestration/collection_startup_preflight.py,quant_platform.orchestration.collection_runtime_route,src/quant_platform/orchestration/collection_runtime_route.py,True
src/quant_platform/orchestration/collection_startup_preflight.py,quant_platform.orchestration.precollection_admission,src/quant_platform/orchestration/precollection_admission.py,True
src/quant_platform/orchestration/collection_startup_preflight.py,quant_platform.orchestration.precollection_campaign_io,src/quant_platform/orchestration/precollection_campaign_io.py,True
src/quant_platform/orchestration/collection_system_check_stage.py,quant_platform.orchestration.daily_workload_preflight,src/quant_platform/orchestration/daily_workload_preflight.py,True
src/quant_platform/orchestration/collection_system_check_stage.py,quant_platform.orchestration.precollection_campaign_io,src/quant_platform/orchestration/precollection_campaign_io.py,True
src/quant_platform/orchestration/corrective_gate1_cadence.py,quant_platform.orchestration.discovery_accounting,src/quant_platform/orchestration/discovery_accounting.py,True
src/quant_platform/orchestration/corrective_gate3_evidence.py,quant_platform.orchestration.corrective_trusted_artifact,src/quant_platform/orchestration/corrective_trusted_artifact.py,True
src/quant_platform/orchestration/corrective_gate3_historical_candidate.py,quant_platform.orchestration.corrective_gate3_evidence,src/quant_platform/orchestration/corrective_gate3_evidence.py,True
src/quant_platform/orchestration/corrective_gate3_historical_candidate.py,quant_platform.orchestration.corrective_gate3_historical_candidate_validation,src/quant_platform/orchestration/corrective_gate3_historical_candidate_validation.py,True
src/quant_platform/orchestration/corrective_gate3_historical_candidate.py,quant_platform.orchestration.corrective_trusted_artifact,src/quant_platform/orchestration/corrective_trusted_artifact.py,True
src/quant_platform/orchestration/corrective_gate3_historical_candidate.py,quant_platform.orchestration.corrective_wizard_copula_supersession,src/quant_platform/orchestration/corrective_wizard_copula_supersession.py,True
src/quant_platform/orchestration/corrective_gate3_historical_candidate.py,quant_platform.orchestration.corrective_wizard_ou_v6_terminal_accounting,src/quant_platform/orchestration/corrective_wizard_ou_v6_terminal_accounting.py,True
src/quant_platform/orchestration/corrective_gate3_historical_candidate_validation.py,quant_platform.orchestration.corrective_gate3_evidence,src/quant_platform/orchestration/corrective_gate3_evidence.py,True
src/quant_platform/orchestration/corrective_gate3_historical_candidate_validation.py,quant_platform.orchestration.corrective_trusted_artifact,src/quant_platform/orchestration/corrective_trusted_artifact.py,True
src/quant_platform/orchestration/corrective_history_disposition.py,quant_platform.orchestration.corrective_history_terminal,src/quant_platform/orchestration/corrective_history_terminal.py,True
src/quant_platform/orchestration/corrective_history_disposition.py,quant_platform.orchestration.corrective_trusted_artifact,src/quant_platform/orchestration/corrective_trusted_artifact.py,True
src/quant_platform/orchestration/corrective_history_terminal.py,quant_platform.orchestration.corrective_trusted_artifact,src/quant_platform/orchestration/corrective_trusted_artifact.py,True
src/quant_platform/orchestration/corrective_phase00_checkpoint_validation.py,quant_platform.orchestration.corrective_trusted_artifact,src/quant_platform/orchestration/corrective_trusted_artifact.py,True
src/quant_platform/orchestration/corrective_wizard_copula_supersession.py,quant_platform.orchestration.corrective_trusted_artifact,src/quant_platform/orchestration/corrective_trusted_artifact.py,True
src/quant_platform/orchestration/corrective_wizard_ou_v6_terminal_accounting.py,quant_platform.orchestration.corrective_trusted_artifact,src/quant_platform/orchestration/corrective_trusted_artifact.py,True
src/quant_platform/orchestration/current_wizard_collection_display.py,quant_platform.orchestration.precollection_campaign_io,src/quant_platform/orchestration/precollection_campaign_io.py,True
src/quant_platform/orchestration/daily_snapshot_contracts.py,quant_platform.orchestration.daily_snapshot_contracts_inputs,src/quant_platform/orchestration/daily_snapshot_contracts_inputs.py,True
src/quant_platform/orchestration/daily_snapshot_contracts.py,quant_platform.orchestration.daily_snapshot_contracts_outcomes,src/quant_platform/orchestration/daily_snapshot_contracts_outcomes.py,True
src/quant_platform/orchestration/daily_workload_preflight.py,quant_platform.orchestration.funding_request_allocation,src/quant_platform/orchestration/funding_request_allocation.py,True
src/quant_platform/orchestration/daily_workload_preflight.py,quant_platform.orchestration.precollection_campaign_io,src/quant_platform/orchestration/precollection_campaign_io.py,True
src/quant_platform/orchestration/elapsed_capture_job.py,quant_platform.orchestration.elapsed_capture_store,src/quant_platform/orchestration/elapsed_capture_store.py,False
src/quant_platform/orchestration/elapsed_capture_job.py,quant_platform.orchestration.elapsed_causal_capture,src/quant_platform/orchestration/elapsed_causal_capture.py,False
src/quant_platform/orchestration/elapsed_capture_store.py,quant_platform.orchestration.elapsed_causal_capture,src/quant_platform/orchestration/elapsed_causal_capture.py,False
src/quant_platform/orchestration/human_evidence_dashboard.py,quant_platform.orchestration.corrective_gate1_cadence,src/quant_platform/orchestration/corrective_gate1_cadence.py,True
src/quant_platform/orchestration/human_evidence_dashboard.py,quant_platform.orchestration.corrective_gate3_evidence,src/quant_platform/orchestration/corrective_gate3_evidence.py,True
src/quant_platform/orchestration/human_evidence_dashboard.py,quant_platform.orchestration.corrective_history_disposition,src/quant_platform/orchestration/corrective_history_disposition.py,True
src/quant_platform/orchestration/human_evidence_dashboard.py,quant_platform.orchestration.human_evidence_research,src/quant_platform/orchestration/human_evidence_research.py,True
src/quant_platform/orchestration/human_evidence_dashboard.py,quant_platform.orchestration.human_evidence_view,src/quant_platform/orchestration/human_evidence_view.py,True
src/quant_platform/orchestration/human_evidence_view.py,quant_platform.desk_connections.presentation,src/quant_platform/desk_connections/presentation.py,True
src/quant_platform/orchestration/hyperliquid_l2_calibration_intake.py,quant_platform.orchestration.wizard_frozen_source_qualification,src/quant_platform/orchestration/wizard_frozen_source_qualification.py,False
src/quant_platform/orchestration/institutional_fund_graph.py,quant_platform.orchestration.institutional_contracts,src/quant_platform/orchestration/institutional_contracts.py,True
src/quant_platform/orchestration/operating_lane.py,quant_platform.orchestration.institutional_contracts,src/quant_platform/orchestration/institutional_contracts.py,True
src/quant_platform/orchestration/operating_lane.py,quant_platform.orchestration.institutional_fund_graph,src/quant_platform/orchestration/institutional_fund_graph.py,True
src/quant_platform/orchestration/operating_lane.py,quant_platform.orchestration.personal_trader_graph,src/quant_platform/orchestration/personal_trader_graph.py,True
src/quant_platform/orchestration/personal_trader_graph.py,quant_platform.orchestration.institutional_contracts,src/quant_platform/orchestration/institutional_contracts.py,True
src/quant_platform/orchestration/precollection_campaign_builder.py,quant_platform.orchestration.collection_release.campaign_schedule,src/quant_platform/orchestration/collection_release/campaign_schedule.py,True
src/quant_platform/orchestration/precollection_campaign_builder.py,quant_platform.orchestration.precollection_admission,src/quant_platform/orchestration/precollection_admission.py,True
src/quant_platform/orchestration/precollection_campaign_builder.py,quant_platform.orchestration.precollection_campaign_io,src/quant_platform/orchestration/precollection_campaign_io.py,True
src/quant_platform/orchestration/precollection_cycle_owner.py,quant_platform.orchestration.precollection_observer_process,src/quant_platform/orchestration/precollection_observer_process.py,True
src/quant_platform/orchestration/precollection_cycle_worker.py,quant_platform.orchestration.precollection_poll_store,src/quant_platform/orchestration/precollection_poll_store.py,True
src/quant_platform/orchestration/precollection_cycle_worker.py,quant_platform.orchestration.precollection_poll_watchdog,src/quant_platform/orchestration/precollection_poll_watchdog.py,True
src/quant_platform/orchestration/precollection_launcher_monitor.py,quant_platform.orchestration.precollection_monitor_schedule,src/quant_platform/orchestration/precollection_monitor_schedule.py,True
src/quant_platform/orchestration/precollection_launcher_monitor.py,quant_platform.orchestration.precollection_poll_store,src/quant_platform/orchestration/precollection_poll_store.py,True
src/quant_platform/orchestration/precollection_launcher_monitor.py,quant_platform.orchestration.precollection_poll_watchdog,src/quant_platform/orchestration/precollection_poll_watchdog.py,True
src/quant_platform/orchestration/precollection_monitor_schedule.py,quant_platform.orchestration.precollection_poll_store,src/quant_platform/orchestration/precollection_poll_store.py,True
src/quant_platform/orchestration/precollection_monitor_schedule.py,quant_platform.orchestration.precollection_poll_watchdog,src/quant_platform/orchestration/precollection_poll_watchdog.py,True
src/quant_platform/orchestration/precollection_observer_child.py,quant_platform.orchestration.precollection_observer_process,src/quant_platform/orchestration/precollection_observer_process.py,True
src/quant_platform/orchestration/precollection_observer_child.py,quant_platform.orchestration.precollection_poll_store,src/quant_platform/orchestration/precollection_poll_store.py,True
src/quant_platform/orchestration/precollection_observer_deployment.py,quant_platform.orchestration.precollection_poll_store,src/quant_platform/orchestration/precollection_poll_store.py,True
src/quant_platform/orchestration/precollection_observer_inbox.py,quant_platform.orchestration.precollection_observer_process,src/quant_platform/orchestration/precollection_observer_process.py,True
src/quant_platform/orchestration/precollection_observer_io.py,quant_platform.orchestration.collection_observer_bridge,src/quant_platform/orchestration/collection_observer_bridge.py,True
src/quant_platform/orchestration/precollection_observer_io.py,quant_platform.orchestration.collection_runtime_route,src/quant_platform/orchestration/collection_runtime_route.py,True
src/quant_platform/orchestration/precollection_observer_io.py,quant_platform.orchestration.discovery_accounting,src/quant_platform/orchestration/discovery_accounting.py,True
src/quant_platform/orchestration/precollection_observer_io.py,quant_platform.orchestration.precollection_admission,src/quant_platform/orchestration/precollection_admission.py,True
src/quant_platform/orchestration/precollection_observer_io.py,quant_platform.orchestration.precollection_campaign_io,src/quant_platform/orchestration/precollection_campaign_io.py,True
src/quant_platform/orchestration/precollection_observer_io.py,quant_platform.orchestration.precollection_monitor,src/quant_platform/orchestration/precollection_monitor.py,True
src/quant_platform/orchestration/precollection_observer_io.py,quant_platform.orchestration.precollection_observer,src/quant_platform/orchestration/precollection_observer.py,True
src/quant_platform/orchestration/precollection_observer_io.py,quant_platform.orchestration.scheduler_terminal_paths,src/quant_platform/orchestration/scheduler_terminal_paths.py,True
src/quant_platform/orchestration/precollection_observer_process.py,quant_platform.orchestration.precollection_observer,src/quant_platform/orchestration/precollection_observer.py,True
src/quant_platform/orchestration/precollection_observer_process.py,quant_platform.orchestration.precollection_observer_inbox,src/quant_platform/orchestration/precollection_observer_inbox.py,True
src/quant_platform/orchestration/precollection_observer_process.py,quant_platform.orchestration.precollection_observer_io,src/quant_platform/orchestration/precollection_observer_io.py,True
src/quant_platform/orchestration/precollection_poll_launcher.py,quant_platform.orchestration.precollection_monitor_schedule,src/quant_platform/orchestration/precollection_monitor_schedule.py,True
src/quant_platform/orchestration/precollection_poll_launcher.py,quant_platform.orchestration.precollection_observer_child,src/quant_platform/orchestration/precollection_observer_child.py,True
src/quant_platform/orchestration/precollection_poll_launcher.py,quant_platform.orchestration.precollection_poll_store,src/quant_platform/orchestration/precollection_poll_store.py,True
src/quant_platform/orchestration/precollection_poll_launcher.py,quant_platform.orchestration.precollection_poll_watchdog,src/quant_platform/orchestration/precollection_poll_watchdog.py,True
src/quant_platform/orchestration/precollection_poll_store.py,quant_platform.orchestration.precollection_observer_process,src/quant_platform/orchestration/precollection_observer_process.py,True
src/quant_platform/orchestration/precollection_poll_watchdog.py,quant_platform.orchestration.precollection_poll_store,src/quant_platform/orchestration/precollection_poll_store.py,True
src/quant_platform/orchestration/wizard_frozen_source_qualification.py,quant_platform.orchestration.wizard_research_validation_spine,src/quant_platform/orchestration/wizard_research_validation_spine.py,False
src/quant_platform/orchestration/wizard_hyperliquid_frozen_adapter.py,quant_platform.orchestration.wizard_frozen_source_qualification,src/quant_platform/orchestration/wizard_frozen_source_qualification.py,False
src/quant_platform/static_desk/profile.py,quant_platform.copula_desk.signal_path,src/quant_platform/copula_desk/signal_path.py,True
src/quant_platform/static_desk/profile.py,quant_platform.dynamic_desk.signal_path,src/quant_platform/dynamic_desk/signal_path.py,True
src/quant_platform/static_desk/profile.py,quant_platform.institutional_risk,src/quant_platform/institutional_risk.py,True
src/quant_platform/static_desk/risk_link.py,quant_platform.institutional_risk,src/quant_platform/institutional_risk.py,True
src/quant_platform/static_desk/runtime.py,quant_platform.copula_desk.signal_path,src/quant_platform/copula_desk/signal_path.py,True
src/quant_platform/static_desk/runtime.py,quant_platform.dynamic_desk.signal_path,src/quant_platform/dynamic_desk/signal_path.py,True
src/quant_platform/static_desk/runtime.py,quant_platform.institutional_risk,src/quant_platform/institutional_risk.py,True
src/quant_platform/tooling/__main__.py,quant_platform.tooling.cli,src/quant_platform/tooling/cli.py,True
src/quant_platform/tooling/cli.py,quant_platform.point_in_time_data,src/quant_platform/point_in_time_data.py,True
src/quant_platform/tooling/cli.py,quant_platform.tooling.data_validation,src/quant_platform/tooling/data_validation.py,True
src/quant_platform/tooling/cli.py,quant_platform.tooling.math_validation,src/quant_platform/tooling/math_validation.py,True
src/quant_platform/tooling/cli.py,quant_platform.tooling.runtime,src/quant_platform/tooling/runtime.py,True
src/quant_platform/tooling/data_validation.py,quant_platform.point_in_time_data,src/quant_platform/point_in_time_data.py,True
src/quant_platform/tooling/rl_training.py,quant_platform.tooling.gym_adapter,src/quant_platform/tooling/gym_adapter.py,True
src/quant_platform/tooling/trial_tracking.py,quant_platform.research_trial_registry,src/quant_platform/research_trial_registry.py,True
src/quant_platform/tooling/worker.py,quant_platform.tooling.cli,src/quant_platform/tooling/cli.py,True
src/quant_platform/tooling/worker.py,quant_platform.tooling.gym_adapter,src/quant_platform/tooling/gym_adapter.py,True
src/quant_platform/tooling/worker.py,quant_platform.tooling.rl_training,src/quant_platform/tooling/rl_training.py,True
src/quant_platform/tooling/worker.py,quant_platform.tooling.trial_tracking,src/quant_platform/tooling/trial_tracking.py,True
